draft_year,overall_pick,round,pick,name,position,college,conference,nfl_team,height,weight,pre_draft_ranking,pre_draft_grade,Y0_college,Y0_season,Y0_defensive_PD,Y0_defensive_QB HUR,Y0_defensive_SACKS,Y0_defensive_SOLO,Y0_defensive_TD,Y0_defensive_TFL,Y0_defensive_TOT,Y0_fumbles_FUM,Y0_fumbles_LOST,Y0_fumbles_REC,Y1_college,Y1_season,Y1_interceptions_AVG,Y1_interceptions_INT,Y1_interceptions_TD,Y1_interceptions_YDS,Y1_puntReturns_AVG,Y1_puntReturns_LONG,Y1_puntReturns_NO,Y1_puntReturns_TD,Y1_puntReturns_YDS,Y0_passing_ATT,Y0_passing_COMPLETIONS,Y0_passing_INT,Y0_passing_PCT,Y0_passing_TD,Y0_passing_YDS,Y0_passing_YPA,Y0_receiving_LONG,Y0_receiving_REC,Y0_receiving_TD,Y0_receiving_YDS,Y0_receiving_YPR,Y0_rushing_CAR,Y0_rushing_LONG,Y0_rushing_TD,Y0_rushing_YDS,Y0_rushing_YPC,Y1_receiving_LONG,Y1_receiving_REC,Y1_receiving_TD,Y1_receiving_YDS,Y1_receiving_YPR,Y1_rushing_CAR,Y1_rushing_LONG,Y1_rushing_TD,Y1_rushing_YDS,Y1_rushing_YPC,Y2_college,Y2_season,Y2_kickReturns_AVG,Y2_kickReturns_LONG,Y2_kickReturns_NO,Y2_kickReturns_TD,Y2_kickReturns_YDS,Y2_receiving_LONG,Y2_receiving_REC,Y2_receiving_TD,Y2_receiving_YDS,Y2_receiving_YPR,Y2_rushing_CAR,Y2_rushing_LONG,Y2_rushing_TD,Y2_rushing_YDS,Y2_rushing_YPC,Y0_kickReturns_AVG,Y0_kickReturns_LONG,Y0_kickReturns_NO,Y0_kickReturns_TD,Y0_kickReturns_YDS,Y1_passing_ATT,Y1_passing_COMPLETIONS,Y1_passing_INT,Y1_passing_PCT,Y1_passing_TD,Y1_passing_YDS,Y1_passing_YPA,Y2_passing_ATT,Y2_passing_COMPLETIONS,Y2_passing_INT,Y2_passing_PCT,Y2_passing_TD,Y2_passing_YDS,Y2_passing_YPA,Y3_college,Y3_season,Y3_receiving_LONG,Y3_receiving_REC,Y3_receiving_TD,Y3_receiving_YDS,Y3_receiving_YPR,Y3_rushing_CAR,Y3_rushing_LONG,Y3_rushing_TD,Y3_rushing_YDS,Y3_rushing_YPC,Y0_interceptions_AVG,Y0_interceptions_INT,Y0_interceptions_TD,Y0_interceptions_YDS,Y0_puntReturns_AVG,Y0_puntReturns_LONG,Y0_puntReturns_NO,Y0_puntReturns_TD,Y0_puntReturns_YDS,Y1_kickReturns_AVG,Y1_kickReturns_LONG,Y1_kickReturns_NO,Y1_kickReturns_TD,Y1_kickReturns_YDS,Y2_puntReturns_AVG,Y2_puntReturns_LONG,Y2_puntReturns_NO,Y2_puntReturns_TD,Y2_puntReturns_YDS,Y2_interceptions_AVG,Y2_interceptions_INT,Y2_interceptions_TD,Y2_interceptions_YDS,Y3_kickReturns_AVG,Y3_kickReturns_LONG,Y3_kickReturns_NO,Y3_kickReturns_TD,Y3_kickReturns_YDS,Y3_puntReturns_AVG,Y3_puntReturns_LONG,Y3_puntReturns_NO,Y3_puntReturns_TD,Y3_puntReturns_YDS,Y0_punting_In 20,Y0_punting_LONG,Y0_punting_NO,Y0_punting_TB,Y0_punting_YDS,Y0_punting_YPP,Y1_punting_In 20,Y1_punting_LONG,Y1_punting_NO,Y1_punting_TB,Y1_punting_YDS,Y1_punting_YPP,Y3_interceptions_AVG,Y3_interceptions_INT,Y3_interceptions_TD,Y3_interceptions_YDS,Y3_passing_ATT,Y3_passing_COMPLETIONS,Y3_passing_INT,Y3_passing_PCT,Y3_passing_TD,Y3_passing_YDS,Y3_passing_YPA,Y0_kicking_FGA,Y0_kicking_FGM,Y0_kicking_LONG,Y0_kicking_PCT,Y0_kicking_PTS,Y0_kicking_XPA,Y0_kicking_XPM,Y1_kicking_FGA,Y1_kicking_FGM,Y1_kicking_LONG,Y1_kicking_PCT,Y1_kicking_PTS,Y1_kicking_XPA,Y1_kicking_XPM,Y2_kicking_FGA,Y2_kicking_FGM,Y2_kicking_LONG,Y2_kicking_PCT,Y2_kicking_PTS,Y2_kicking_XPA,Y2_kicking_XPM,Y3_kicking_FGA,Y3_kicking_FGM,Y3_kicking_LONG,Y3_kicking_PCT,Y3_kicking_PTS,Y3_kicking_XPA,Y3_kicking_XPM,Y1_fumbles_FUM,Y1_fumbles_LOST,Y1_fumbles_REC,Y1_defensive_PD,Y1_defensive_QB HUR,Y1_defensive_SACKS,Y1_defensive_SOLO,Y1_defensive_TD,Y1_defensive_TFL,Y1_defensive_TOT,Y2_punting_In 20,Y2_punting_LONG,Y2_punting_NO,Y2_punting_TB,Y2_punting_YDS,Y2_punting_YPP,Y3_punting_In 20,Y3_punting_LONG,Y3_punting_NO,Y3_punting_TB,Y3_punting_YDS,Y3_punting_YPP,Y2_defensive_PD,Y2_defensive_QB HUR,Y2_defensive_SACKS,Y2_defensive_SOLO,Y2_defensive_TD,Y2_defensive_TFL,Y2_defensive_TOT,Y2_fumbles_FUM,Y2_fumbles_LOST,Y2_fumbles_REC,Y3_fumbles_FUM,Y3_fumbles_LOST,Y3_fumbles_REC,Y3_defensive_PD,Y3_defensive_QB HUR,Y3_defensive_SACKS,Y3_defensive_SOLO,Y3_defensive_TD,Y3_defensive_TFL,Y3_defensive_TOT
2017,1,1,1,Myles Garrett,Defensive End,Texas A&M,SEC,Cleveland,77.0,272.0,1.0,95.0,Texas A&M,2016.0,2.0,9.0,8.5,18.0,0.0,15.0,33.0,0.0,0.0,1.0,Texas A&M,2015.0,4.0,1.0,0.0,4.0,,,,,,,,,,,,,,,,,,,,,,,,,,,,,,,,,,,,,,,,,,,,,,,,,,,,,,,,,,,,,,,,,,,,,,,,,,,,,,,,,,,,,,,,,,,,,,,,,,,,,,,,,,,,,,,,,,,,,,,,,,,,,,,,,,,,,,,,,,,,,,,,,,,,,,,,,,,,,,,,,,,,,,,,,,,,,,,,,,,,,,,,,,,,,,,,,,,,,,,,,,,,,,
2017,3,1,3,Solomon Thomas,Defensive Tackle,Stanford,Pac-12,San Francisco,75.0,273.0,3.0,94.0,Stanford,2016.0,0.0,7.0,8.0,40.0,0.0,14.0,61.0,0.0,0.0,2.0,,,,,,,,,,,,,,,,,,,,,,,,,,,,,,,,,,,,,,,,,,,,,,,,,,,,,,,,,,,,,,,,,,,,,,,,,,,,,,,,,,,,,,,,,,,,,,,,,,,,,,,,,,,,,,,,,,,,,,,,,,,,,,,,,,,,,,,,,,,,,,,,,,,,,,,,,,,,,,,,,,,,,,,,,,,,,,,,,,,,,,,,,,,,,,,,,,,,,,,,,,,,,,,,,,,,
2017,4,1,4,Leonard Fournette,Running Back,LSU,SEC,Jacksonville,73.0,240.0,4.0,93.0,LSU,2016.0,,,,,,,,3.0,2.0,0.0,LSU,2015.0,,,,,,,,,,,,,,,,,38.0,15.0,0.0,146.0,9.7,129.0,78.0,8.0,843.0,6.5,46.0,19.0,1.0,253.0,13.3,300.0,87.0,22.0,1953.0,6.5,LSU,2014.0,25.0,100.0,25.0,1.0,625.0,40.0,7.0,0.0,127.0,18.1,187.0,89.0,10.0,1034.0,5.5,,,,,,,,,,,,,,,,,,,,,,,,,,,,,,,,,,,,,,,,,,,,,,,,,,,,,,,,,,,,,,,,,,,,,,,,,,,,,,,,,,,,,,,,,,,,,,,,,,,,,,,,,,,,,,,,,,,,,,,,,,,,,,,,,,,,,,,,,,,,,,,,,,,,,,,,,,,,,
2017,5,1,5,Corey Davis,Wide Receiver,Western Michigan,Mid-American,Tennessee,75.0,209.0,15.0,91.0,Western Michigan,2016.0,,,,,,,,,,,Western Michigan,2015.0,,,,,,,,,,,,,,,,,70.0,97.0,19.0,1500.0,15.5,1.0,0.0,0.0,0.0,0.0,80.0,90.0,12.0,1436.0,16.0,1.0,11.0,0.0,11.0,11.0,Western Michigan,2014.0,,,,,,75.0,78.0,15.0,1408.0,18.1,,,,,,0.0,0.0,1.0,0.0,0.0,,,,,,,,,,,,,,,Western Michigan,2013.0,75.0,67.0,6.0,941.0,14.0,1.0,2.0,0.0,2.0,2.0,,,,,,,,,,,,,,,,,,,,,,,,,,,,,,,,,,,,,,,,,,,,,,,,,,,,,,,,,,,,,,,,,,,,,,,,,,,,,,,,,,,,,,,,,,,,,,,,,,,,,,,,,,,,,,,,,,,,,,,,,,,,,,
2017,6,1,6,Jamal Adams,Safety,LSU,SEC,New York,72.0,214.0,2.0,94.0,LSU,2016.0,4.0,1.0,1.0,42.0,0.0,7.5,76.0,0.0,0.0,1.0,LSU,2015.0,7.5,4.0,0.0,30.0,,,,,,,,,,,,,,,,,,,,,,,,,,,,,,,,,,,,,,,,,,,,,,,,,,,,,,,,,,,,,,,,,,,,,,,,,,,,,,,,,0.0,1.0,0.0,0.0,,,,,,,,,,,,,,,,,,,,,,,,,,,,,,,,,,,,,,,,,,,,,,,,,,,,,,,,,,,,,,,,,,,,,,,,,,,,,,,,,,,,,,,,,,,,,,,,,,,,,,,,,,,,,,,,,,,,,,,,,,
2017,7,1,7,Mike Williams,Wide Receiver,Clemson,ACC,Los Angeles,76.0,218.0,12.0,91.0,Clemson,2016.0,,,,,,,,2.0,2.0,0.0,Clemson,2015.0,,,,,,,,,,,,,,,,,50.0,98.0,11.0,1361.0,13.9,,,,,,16.0,2.0,1.0,20.0,10.0,,,,,,Clemson,2014.0,,,,,,56.0,57.0,6.0,1030.0,18.1,,,,,,,,,,,,,,,,,,,,,,,,,Clemson,2013.0,30.0,20.0,3.0,316.0,15.8,,,,,,,,,,,,,,,,,,,,,,,,,,,,,,,,,,,,,,,,,,,,,,,,,,,,,,,,,,,,,,,,,,,,,,,,,,,,,,,,,,,,,,,,,,,,,,,,,,,,,,,,,,,,,,,,,,,,,,,,,,,,,,,,,,,
2017,8,1,8,Christian McCaffrey,Running Back,Stanford,Pac-12,Carolina,71.0,202.0,9.0,92.0,Stanford,2016.0,,,,,,,,1.0,0.0,0.0,Stanford,2015.0,,,,,8.7,63.0,15.0,1.0,130.0,,,,,,,,56.0,37.0,3.0,310.0,8.4,253.0,90.0,13.0,1603.0,6.3,75.0,45.0,5.0,645.0,14.3,337.0,70.0,8.0,2019.0,6.0,Stanford,2014.0,15.2,29.0,6.0,0.0,91.0,52.0,17.0,2.0,251.0,14.8,42.0,37.0,0.0,300.0,7.1,22.7,57.0,14.0,0.0,318.0,,,,,,,,,,,,,,,,,,,,,,,,,,,,,,,9.6,33.0,10.0,0.0,96.0,28.9,98.0,37.0,1.0,1070.0,17.1,41.0,9.0,0.0,154.0,,,,,,,,,,,,,,,,,,,,,,,,,,,,,,,,,,,,,,,,,,,,,,,,,,,,,,,,,,,,,,,,,,,,,,,,,,,,,,,,,,,,,,,,,,,,,,,,,,,,,,,,,,,
2017,9,1,9,John Ross,Wide Receiver,Washington,Pac-12,Cincinnati,71.0,188.0,20.0,90.0,Washington,2016.0,,,,,,,,3.0,2.0,1.0,,,,,,,,,,,,,,,,,,,70.0,81.0,17.0,1150.0,14.2,8.0,32.0,1.0,102.0,12.8,,,,,,,,,,,Washington,2014.0,24.7,100.0,38.0,2.0,938.0,91.0,17.0,4.0,371.0,21.8,6.0,32.0,1.0,54.0,9.0,24.2,92.0,17.0,1.0,411.0,,,,,,,,,,,,,,,Washington,2013.0,57.0,16.0,1.0,208.0,13.0,6.0,15.0,0.0,39.0,6.5,,,,,,,,,,,,,,,,,,,,,,,,23.2,100.0,31.0,1.0,720.0,5.3,10.0,4.0,0.0,21.0,,,,,,,,,,,,,,,,,,,,,,,,,,,,,,,,,,,,,,,,,,,,,,,,,,,,,,,,,,,,,,,,,,,,,,,,,,,,,,,,,,,,,,,,,,,,,
2017,10,1,10,Patrick Mahomes,Quarterback,Texas Tech,Big 12,Kansas City,74.0,225.0,44.0,85.0,Texas Tech,2016.0,,,,,,,,6.0,1.0,0.0,Texas Tech,2015.0,,,,,,,,,,591.0,388.0,10.0,0.657,41.0,5052.0,8.5,,,,,,131.0,32.0,12.0,285.0,2.2,,,,,,131.0,25.0,10.0,456.0,3.5,Texas Tech,2014.0,,,,,,,,,,,46.0,14.0,0.0,104.0,2.3,,,,,,573.0,364.0,15.0,0.635,36.0,4653.0,8.1,185.0,105.0,4.0,0.568,16.0,1547.0,8.4,,,,,,,,,,,,,,,,,,,,,,,,,,,,,,,,,,,,,,,,,,,,,,,,,,,,,,,,,,,,,,,,,,,,,,,,,,,,,,,,,,,,,,,,,,,,,,,,,,,,,,,,,,,,,,,,,,,,,,,,,,,,,,,,,,,,,,,,,,
2017,11,1,11,Marshon Lattimore,Cornerback,Ohio State,Big Ten,New Orleans,72.0,193.0,6.0,92.0,Ohio State,2016.0,9.0,0.0,0.0,30.0,1.0,1.0,41.0,,,,,,,,,,,,,,,,,,,,,,,,,,,,,,,,,,,,,,,,,,,,,,,,,,,,,,,,,,,,,,,,,,,,,,,,,,,,,,,,,,,,,,,,,,15.3,4.0,1.0,61.0,,,,,,,,,,,,,,,,,,,,,,,,,,,,,,,,,,,,,,,,,,,,,,,,,,,,,,,,,,,,,,,,,,,,,,,,,,,,,,,,,,,,,,,,,,,,,,,,,,,,,,,,,,,,,,,,,,,,,,,,,,
2017,12,1,12,Deshaun Watson,Quarterback,Clemson,ACC,Houston,75.0,221.0,28.0,88.0,Clemson,2016.0,,,,,,,,3.0,2.0,0.0,Clemson,2015.0,,,,,,,,,,578.0,387.0,17.0,0.67,41.0,4593.0,7.9,,,,,,165.0,33.0,9.0,629.0,3.8,,,,,,207.0,63.0,12.0,1105.0,5.3,Clemson,2014.0,,,,,,,,,,,63.0,17.0,5.0,200.0,3.2,,,,,,491.0,333.0,13.0,0.678,35.0,4104.0,8.4,137.0,93.0,2.0,0.679,14.0,1466.0,10.7,,,,,,,,,,,,,,,,,,,,,,,,,,,,,,,,,,,,,,,,,,,,,,,,,,,,,,,,,,,,,,,,,,,,,,,,,,,,,,,,,,,,,,,,,,,,,,,,,,,,,,,,,,,,,,,,,,,,,,,,,,,,,,,,,,,,,,,,,,
2017,13,1,13,Haason Reddick,Inside Linebacker,Temple,American Athletic,Arizona,74.0,237.0,11.0,92.0,Temple,2016.0,3.0,3.0,9.5,43.0,0.0,22.5,65.0,0.0,0.0,1.0,,,,,,,,,,,,,,,,,,,,,,,,,,,,,,,,,,,,,,,,,,,,,,,,,,,,,,,,,,,,,,,,,,,,,,,,,,,,,,,,,,,,,,,5.0,1.0,0.0,5.0,,,,,,,,,,,,,,,,,,,,,,,,,,,,,,,,,,,,,,,,,,,,,,,,,,,,,,,,,,,,,,,,,,,,,,,,,,,,,,,,,,,,,,,,,,,,,,,,,,,,,,,,,,,,,,,,,,,,,,,,,,
2017,14,1,14,Derek Barnett,Defensive End,Tennessee,SEC,Philadelphia,75.0,259.0,13.0,91.0,Tennessee,2016.0,5.0,16.0,13.0,40.0,0.0,19.0,56.0,,,,,,,,,,,,,,,,,,,,,,,,,,,,,,,,,,,,,,,,,,,,,,,,,,,,,,,,,,,,,,,,,,,,,,,,,,,,,,,,,,,,,,,,,,7.0,1.0,0.0,7.0,,,,,,,,,,,,,,,,,,,,,,,,,,,,,,,,,,,,,,,,,,,,,,,,,,,,,,,,,,,,,,,,,,,,,,,,,,,,,,,,,,,,,,,,,,,,,,,,,,,,,,,,,,,,,,,,,,,,,,,,,,
2017,15,1,15,Malik Hooker,Safety,Ohio State,Big Ten,Indianapolis,73.0,206.0,10.0,92.0,Ohio State,2016.0,4.0,0.0,0.5,43.0,3.0,5.5,74.0,,,,,,,,,,,,,,,,,,,,,,,,,,,,,,,,,,,,,,,,,,,,,,,,,,,,,,,,,,,,,,,,,,,,,,,,,,,,,,,,,,,,,,,,,,25.9,7.0,3.0,181.0,,,,,,,,,,,,,,,,,,,,,,,,,,,,,,,,,,,,,,,,,,,,,,,,,,,,,,,,,,,,,,,,,,,,,,,,,,,,,,,,,,,,,,,,,,,,,,,,,,,,,,,,,,,,,,,,,,,,,,,,,,
2017,16,1,16,Marlon Humphrey,Cornerback,Alabama,SEC,Baltimore,72.0,197.0,23.0,89.0,Alabama,2016.0,5.0,0.0,0.0,26.0,1.0,3.0,36.0,,,,Alabama,2015.0,9.3,3.0,0.0,28.0,,,,,,,,,,,,,,,,,,,,,,,,,,,,,,,,,,,,,,,,,,,,,,,,,,,,,,,,,,,,,,,,,,,,,,,,,,,,,,,,,9.0,2.0,1.0,18.0,,,,,,,,,,,,,,,,,,,,,,,,,,,,,,,,,,,,,,,,,,,,,,,,,,,,,,,,,,,,,,,,,,,,,,,,,,,,,,,,,,,,,,,,,,,,,,,,,,,,,,,,,,,,,,,,,,,,,,,,,,
2017,17,1,17,Jonathan Allen,Defensive Tackle,Alabama,SEC,Washington,75.0,286.0,5.0,93.0,Alabama,2016.0,2.0,15.0,10.5,33.0,0.0,16.0,69.0,0.0,0.0,2.0,,,,,,,,,,,,,,,,,,,,,,,,,,,,,,,,,,,,,,,,,,,,,,,,,,,,,,,,,,,,,,,,,,,,,,,,,,,,,,,,,,,,,,,,,,,,,,,,,,,,,,,,,,,,,,,,,,,,,,,,,,,,,,,,,,,,,,,,,,,,,,,,,,,,,,,,,,,,,,,,,,,,,,,,,,,,,,,,,,,,,,,,,,,,,,,,,,,,,,,,,,,,,,,,,,,,
2017,18,1,18,Adoree' Jackson,Cornerback,USC,Pac-12,Tennessee,70.0,186.0,29.0,88.0,USC,2016.0,11.0,0.0,0.0,46.0,3.0,2.0,55.0,3.0,1.0,2.0,USC,2015.0,46.0,1.0,1.0,46.0,10.5,45.0,24.0,2.0,251.0,,,,,,,,,,,,,,,,,,,,,,,,,,,,USC,2014.0,29.7,100.0,23.0,2.0,684.0,,,,,,,,,,,28.4,100.0,27.0,2.0,767.0,,,,,,,,,,,,,,,,,,,,,,,,,,,4.2,5.0,0.0,21.0,15.0,77.0,21.0,2.0,315.0,21.6,40.0,32.0,0.0,690.0,6.0,10.0,2.0,0.0,12.0,,,,,,,,,,,,,,,,,,,,,,,,,,,,,,,,,,,,,,,,,,,,,,,,,,,,,,,,,,,,,,,,,,,,,,,,,,,,,,,,,,,,,,,,,,,,,,,,,,,,,,,,,,,
2017,19,1,19,O.J. Howard,Tight End,Alabama,SEC,Tampa Bay,78.0,251.0,7.0,92.0,Alabama,2016.0,,,,,,,,,,,Alabama,2015.0,,,,,,,,,,,,,,,,,68.0,45.0,3.0,595.0,13.2,,,,,,63.0,38.0,2.0,602.0,15.8,,,,,,Alabama,2014.0,5.0,5.0,2.0,0.0,10.0,53.0,17.0,0.0,260.0,15.3,,,,,,,,,,,,,,,,,,,,,,,,,Alabama,2013.0,52.0,14.0,2.0,269.0,19.2,,,,,,,,,,,,,,,,,,,,,,,,,,,,,,,,,,,,,,,,,,,,,,,,,,,,,,,,,,,,,,,,,,,,,,,,,,,,,,,,,,,,,,,,,,,,,,,,,,,,,,,,,,,,,,,,,,,,,,,,,,,,,,,,,,,
2017,21,1,21,Jarrad Davis,Inside Linebacker,Florida,SEC,Detroit,73.0,238.0,25.0,89.0,Florida,2016.0,4.0,5.0,2.0,29.0,0.0,6.0,60.0,,,,Florida,2015.0,0.0,1.0,0.0,0.0,,,,,,,,,,,,,,,,,,,,,,,,,,,,,,,,,,,,,,,,,,,,,,,,,,,,,,,,,,,,,,,,,,,,,,,,,,,,,,,,,,,,,,,,,,,,,,,,,,,,,,,,,,,,,,,,,,,,,,,,,,,,,,,,,,,,,,,,,,,,,,,,,,,,,,,,,,,,,,,,,,,,,,,,,,,,,,,,,,,,,,,,,,,,,,,,,,,,,,,,,,,,,,
2017,22,1,22,Charles Harris,Outside Linebacker,Missouri,SEC,Miami,75.0,253.0,18.0,90.0,Missouri,2016.0,2.0,10.0,9.0,35.0,0.0,12.0,61.0,,,,,,,,,,,,,,,,,,,,,,,,,,,,,,,,,,,,,,,,,,,,,,,,,,,,,,,,,,,,,,,,,,,,,,,,,,,,,,,,,,,,,,,,,,,,,,,,,,,,,,,,,,,,,,,,,,,,,,,,,,,,,,,,,,,,,,,,,,,,,,,,,,,,,,,,,,,,,,,,,,,,,,,,,,,,,,,,,,,,,,,,,,,,,,,,,,,,,,,,,,,,,,,,,,,,,,,
2017,23,1,23,Evan Engram,Tight End,Ole Miss,SEC,New York,75.0,234.0,21.0,90.0,Ole Miss,2016.0,,,,,,,,,,,Ole Miss,2015.0,,,,,,,,,,,,,,,,,63.0,65.0,8.0,926.0,14.2,,,,,,36.0,38.0,2.0,464.0,12.2,,,,,,Ole Miss,2014.0,,,,,,83.0,38.0,2.0,662.0,17.4,,,,,,,,,,,,,,,,,,,,,,,,,Ole Miss,2013.0,64.0,21.0,3.0,268.0,12.8,,,,,,,,,,,,,,,,,,,,,,,,,,,,,,,,,,,,,,,,,,,,,,,,,,,,,,,,,,,,,,,,,,,,,,,,,,,,,,,,,,,,,,,,,,,,,,,,,,,,,,,,,,,,,,,,,,,,,,,,,,,,,,,,,,,
2017,24,1,24,Gareon Conley,Cornerback,Ohio State,Big Ten,Las Vegas,72.0,195.0,,30.0,Ohio State,2016.0,8.0,0.0,0.0,21.0,0.0,0.0,26.0,,,,Ohio State,2015.0,0.0,2.0,0.0,0.0,,,,,,,,,,,,,,,,,,,,,,,,,,,,,,,,,,,,,,,,,,,,,,,,,,,,,,,,,,,,,,,,,,,,,,,,,,,,,,,,,0.0,4.0,0.0,0.0,,,,,,,,,,,,,,,,,,,,,,,,,,,,,,,,,,,,,,,,,,,,,,,,,,,,,,,,,,,,,,,,,,,,,,,,,,,,,,,,,,,,,,,,,,,,,,,,,,,,,,,,,,,,,,,,,,,,,,,,,,
2017,25,1,25,Jabrill Peppers,Safety,Michigan,Big Ten,Cleveland,71.0,213.0,48.0,84.0,Michigan,2016.0,1.0,7.0,4.0,47.0,1.0,13.5,72.0,1.0,0.0,0.0,Michigan,2015.0,,,,,11.4,41.0,17.0,0.0,194.0,,,,,,,,,,,,,,,,,,,,,,,,,,,,Michigan,2014.0,,,,,,,,,,,,,,,,26.0,55.0,10.0,0.0,260.0,,,,,,,,,,,,,,,,,,,,,,,,,,,11.0,1.0,0.0,11.0,14.8,54.0,21.0,1.0,310.0,24.8,49.0,9.0,0.0,223.0,6.0,6.0,1.0,0.0,6.0,,,,,,,,,,,,,,,,,,,,,,,,,,,,,,,,,,,,,,,,,,,,,,,,,,,,,,,,,,,,,,,,,,,,,,,,,,,,,,,,,,,,,,,,,,,,,,,,,,,,,,,,,,,
2017,26,1,26,Takkarist McKinley,Defensive End,UCLA,Pac-12,Atlanta,74.0,250.0,24.0,89.0,UCLA,2016.0,6.0,3.0,10.0,50.0,0.0,18.0,61.0,0.0,0.0,1.0,,,,,,,,,,,,,,,,,,,,,,,,,,,,,,,,,,,,,,,,,,,,,,,,,,,,,,,,,,,,,,,,,,,,,,,,,,,,,,,,,,,,,,,,,,,,,,,,,,,,,,,,,,,,,,,,,,,,,,,,,,,,,,,,,,,,,,,,,,,,,,,,,,,,,,,,,,,,,,,,,,,,,,,,,,,,,,,,,,,,,,,,,,,,,,,,,,,,,,,,,,,,,,,,,,,,
2017,27,1,27,Tre'Davious White,Cornerback,LSU,SEC,Buffalo,71.0,192.0,26.0,89.0,LSU,2016.0,14.0,0.0,0.5,19.0,2.0,4.0,35.0,1.0,1.0,0.0,LSU,2015.0,,,,,11.5,69.0,20.0,1.0,229.0,,,,,,,,,,,,,,,,,,,,,,,,,,,,LSU,2014.0,,,,,,,,,,,,,,,,,,,,,,,,,,,,,,,,,,,LSU,2013.0,,,,,,,,,,,10.5,2.0,1.0,21.0,7.8,60.0,24.0,1.0,186.0,,,,,,10.5,67.0,26.0,1.0,273.0,0.0,2.0,0.0,0.0,,,,,,,,,,,,,,,,,,,,,,,20.0,2.0,0.0,40.0,,,,,,,,,,,,,,,,,,,,,,,,,,,,,,,,,,,,,,,,,,,,,,,,,,,,,,,,,,,,,,,,,,,,,,,,,,,,,
2017,28,1,28,Taco Charlton,Defensive End,Michigan,Big Ten,Dallas,78.0,277.0,38.0,86.0,Michigan,2016.0,2.0,8.0,9.5,20.0,0.0,13.0,39.0,,,,,,,,,,,,,,,,,,,,,,,,,,,,,,,,,,,,,,,,,,,,,,,,,,,,,,,,,,,,,,,,,,,,,,,,,,,,,,,,,,,,,,,,,,,,,,,,,,,,,,,,,,,,,,,,,,,,,,,,,,,,,,,,,,,,,,,,,,,,,,,,,,,,,,,,,,,,,,,,,,,,,,,,,,,,,,,,,,,,,,,,,,,,,,,,,,,,,,,,,,,,,,,,,,,,,,,
2017,29,1,29,David Njoku,Tight End,Miami,ACC,Cleveland,76.0,246.0,14.0,91.0,Miami,2016.0,,,,,,,,,,,Miami,2015.0,,,,,,,,,,,,,,,,,76.0,43.0,8.0,698.0,16.2,,,,,,58.0,21.0,1.0,362.0,17.2,,,,,,,,,,,,,,,,,,,,,,,,,,,,,,,,,,,,,,,,,,,,,,,,,,,,,,,,,,,,,,,,,,,,,,,,,,,,,,,,,,,,,,,,,,,,,,,,,,,,,,,,,,,,,,,,,,,,,,,,,,,,,,,,,,,,,,,,,,,,,,,,,,,,,,,,,,,,,,,,,,,,,,,,,,,,,,,,,,,
2017,30,1,30,T.J. Watt,Outside Linebacker,Wisconsin,Big Ten,Pittsburgh,77.0,252.0,37.0,86.0,Wisconsin,2016.0,4.0,13.0,11.5,38.0,1.0,15.5,63.0,0.0,0.0,1.0,,,,,,,,,,,,,,,,,,,,,,,,,,,,,,,,,,,,,,,,,,,,,,,,,,,,,,,,,,,,,,,,,,,,,,,,,,,,,,,,,,,,,,,17.0,1.0,1.0,17.0,,,,,,,,,,,,,,,,,,,,,,,,,,,,,,,,,,,,,,,,,,,,,,,,,,,,,,,,,,,,,,,,,,,,,,,,,,,,,,,,,,,,,,,,,,,,,,,,,,,,,,,,,,,,,,,,,,,,,,,,,,
2017,31,1,31,Reuben Foster,Inside Linebacker,Alabama,SEC,San Francisco,72.0,229.0,8.0,92.0,Alabama,2016.0,2.0,7.0,5.0,60.0,0.0,13.0,115.0,,,,,,,,,,,,,,,,,,,,,,,,,,,,,,,,,,,,,,,,,,,,,,,,,,,,,,,,,,,,,,,,,,,,,,,,,,,,,,,,,,,,,,,,,,,,,,,,,,,,,,,,,,,,,,,,,,,,,,,,,,,,,,,,,,,,,,,,,,,,,,,,,,,,,,,,,,,,,,,,,,,,,,,,,,,,,,,,,,,,,,,,,,,,,,,,,,,,,,,,,,,,,,,,,,,,,,,
2017,33,2,1,Kevin King,Cornerback,Washington,Pac-12,Green Bay,75.0,200.0,22.0,89.0,Washington,2016.0,13.0,0.0,0.0,26.0,0.0,3.5,44.0,,,,Washington,2015.0,2.0,3.0,0.0,6.0,,,,,,,,,,,,,,,,,,,,,,,,,,,,,,,,,Washington,2014.0,,,,,,,,,,,,,,,,,,,,,,,,,,,,,,,,,,,,,,,,,,,,,,,0.0,2.0,0.0,0.0,,,,,,,,,,,,,,,,0.0,1.0,0.0,0.0,,,,,,,,,,,,,,,,,,,,,,,,,,,,,,,,,,,,,,,,,,,,,,,,,,,,,,,,,,,,,,,,,,,,,,,,,,,,,,,,,,,,,,,,,,,,,,,,,,,,,,,
2017,35,2,3,Malik McDowell,Defensive Tackle,Michigan State,Big Ten,Seattle,78.0,295.0,41.0,86.0,Michigan State,2016.0,0.0,5.0,1.5,20.0,0.0,7.0,34.0,,,,Michigan State,2015.0,13.0,1.0,1.0,13.0,,,,,,,,,,,,,,,,,,,,,,,,,,,,,,,,,,,,,,,,,,,,,,,,,,,,,,,,,,,,,,,,,,,,,,,,,,,,,,,,,,,,,,,,,,,,,,,,,,,,,,,,,,,,,,,,,,,,,,,,,,,,,,,,,,,,,,,,,,,,,,,,,,,,,,,,,,,,,,,,,,,,,,,,,,,,,,,,,,,,,,,,,,,,,,,,,,,,,,,,,,,,,,
2017,36,2,4,Budda Baker,Safety,Washington,Pac-12,Arizona,70.0,195.0,39.0,86.0,Washington,2016.0,5.0,1.0,3.0,48.0,0.0,10.0,70.0,,,,Washington,2015.0,0.0,2.0,0.0,0.0,,,,,,,,,,,,,,,,,,,,,,,,,,,,,,,,,Washington,2014.0,,,,,,,,,,,,,,,,,,,,,,,,,,,,,,,,,,,,,,,,,,,,,,,9.0,2.0,0.0,18.0,,,,,,40.0,40.0,1.0,0.0,40.0,,,,,,44.0,1.0,0.0,44.0,,,,,,,,,,,,,,,,,,,,,,,,,,,,,,,,,,,,,,,,,,,,,,,,,,,,,,,,,,,,,,,,,,,,,,,,,,,,,,,,,,,,,,,,,,,,,,,,,,,,,,,
2017,38,2,6,Forrest Lamp,Offensive Guard,Western Kentucky,Conference USA,Los Angeles,76.0,309.0,16.0,90.0,,,,,,,,,,,,,,,,,,,,,,,,,,,,,,,,,,,,,,,,,,,,,,,,,,,,,,,,,,,,,,,,,,,,,,,,,,,,,,,,,,,,,,,,,,,,,,,,,,,,,,,,,,,,,,,,,,,,,,,,,,,,,,,,,,,,,,,,,,,,,,,,,,,,,,,,,,,,,,,,,,,,,,,,,,,,,,,,,,,,,,,,,,,,,,,,,,,,,,,,,,,,,,,,,,,,,,,,,,,,,,,,
2017,39,2,7,Marcus Maye,Safety,Florida,SEC,New York,72.0,210.0,36.0,87.0,Florida,2016.0,6.0,0.0,1.0,29.0,0.0,1.5,50.0,,,,Florida,2015.0,0.0,2.0,0.0,0.0,,,,,,,,,,,,,,,,,,,,,,,,,,,,,,,,,Florida,2014.0,,,,,,,,,,,,,,,,,,,,,,,,,,,,,,,,,,,Florida,2013.0,,,,,,,,,,,6.0,1.0,0.0,6.0,,,,,,,,,,,,,,,,1.0,1.0,0.0,1.0,,,,,,,,,,,,,,,,,,,,,,,30.0,1.0,0.0,30.0,,,,,,,,,,,,,,,,,,,,,,,,,,,,,,,,,,,,,,,,,,,,,,,,,,,,,,,,,,,,,,,,,,,,,,,,,,,,,
2017,40,2,8,Curtis Samuel,Wide Receiver,Ohio State,Big Ten,Carolina,71.0,196.0,42.0,86.0,Ohio State,2016.0,,,,,,,,2.0,0.0,0.0,Ohio State,2015.0,,,,,,,,,,,,,,,,,79.0,74.0,7.0,865.0,11.7,97.0,74.0,8.0,771.0,7.9,40.0,22.0,2.0,289.0,13.1,17.0,40.0,1.0,132.0,7.8,Ohio State,2014.0,20.5,38.0,12.0,0.0,246.0,30.0,11.0,0.0,95.0,8.6,58.0,34.0,6.0,383.0,6.6,,,,,,,,,,,,,,,,,,,,,,,,,,,,,,,,,,,,3.2,12.0,6.0,0.0,19.0,23.0,38.0,9.0,0.0,207.0,,,,,,,,,,,,,,,,,,,,,,,,,,,,,,,,,,,,,,,,,,,,,,,,,,,,,,,,,,,,,,,,,,,,,,,,,,,,,,,,,,,,,,,,,,,,,,,,,,,,,,,,,,,,,,,,
2017,41,2,9,Dalvin Cook,Running Back,Florida State,ACC,Minnesota,70.0,210.0,17.0,90.0,Florida State,2016.0,,,,,,,,6.0,4.0,0.0,Florida State,2015.0,,,,,,,,,,,,,,,,,59.0,33.0,1.0,488.0,14.8,288.0,75.0,19.0,1765.0,6.1,36.0,24.0,1.0,244.0,10.2,229.0,94.0,19.0,1691.0,7.4,Florida State,2014.0,,,,,,30.0,22.0,0.0,203.0,9.2,170.0,44.0,8.0,1008.0,5.9,,,,,,,,,,,,,,,,,,,,,,,,,,,,,,,,,,,,,,,,,,,,,,,,,,,,,,,,,,,,,,,,,,,,,,,,,,,,,,,,,,,,,,,,,,,,,,,,,,,,,,,,,,,,,,,,,,,,,,,,,,,,,,,,,,,,,,,,,,,,,,,,,,,,,,,,,,,,,
2017,42,2,10,Marcus Williams,Safety,Utah,Pac-12,New Orleans,73.0,202.0,52.0,83.0,Utah,2016.0,3.0,1.0,0.0,46.0,0.0,1.0,64.0,0.0,0.0,2.0,Utah,2015.0,17.6,5.0,0.0,88.0,,,,,,,,,,,,,,,,,,,,,,,,,,,,,,,,,Utah,2014.0,,,,,,,,,,,,,,,,,,,,,,,,,,,,,,,,,,,,,,,,,,,,,,,4.0,5.0,0.0,20.0,,,,,,,,,,,,,,,,6.0,1.0,0.0,6.0,,,,,,,,,,,,,,,,,,,,,,,,,,,,,,,,,,,,,,,,,,,,,,,,,,,,,,,,,,,,,,,,,,,,,,,,,,,,,,,,,,,,,,,,,,,,,,,,,,,,,,,
2017,43,2,11,Sidney Jones,Cornerback,Washington,Pac-12,Philadelphia,72.0,186.0,65.0,79.0,Washington,2016.0,6.0,0.0,0.0,27.0,0.0,2.5,39.0,,,,Washington,2015.0,31.3,4.0,1.0,125.0,,,,,,,,,,,,,,,,,,,,,,,,,,,,,,,,,Washington,2014.0,,,,,,,,,,,,,,,,,,,,,,,,,,,,,,,,,,,,,,,,,,,,,,,0.0,3.0,0.0,0.0,,,,,,,,,,,,,,,,11.0,2.0,0.0,22.0,,,,,,,,,,,,,,,,,,,,,,,,,,,,,,,,,,,,,,,,,,,,,,,,,,,,,,,,,,,,,,,,,,,,,,,,,,,,,,,,,,,,,,,,,,,,,,,,,,,,,,,
2017,44,2,12,Gerald Everett,Tight End,South Alabama,Sun Belt,Los Angeles,75.0,239.0,96.0,73.0,South Alabama,2016.0,,,,,,,,1.0,0.0,0.0,South Alabama,2015.0,,,,,,,,,,,,,,,,,79.0,49.0,4.0,717.0,14.6,,,,,,57.0,41.0,8.0,575.0,14.0,8.0,3.0,4.0,7.0,0.9,,,,,,,,,,,,,,,,,,,,,,,,,,,,,,,,,,,,,,,,,,,,,,,,,,,,,,,,,,,,,,,,,,,,,,,,,,,,,,,,,,,,,,,,,,,,,,,,,,,,,,,,,,,,,,,,,,,,,,,,,,,,,,,,,,,,,,,,,,,,,,,,,,,,,,,,,,,,,,,,,,,,,,,,,,,,,,
2017,46,2,14,Quincy Wilson,Cornerback,Florida,SEC,Indianapolis,74.0,211.0,31.0,88.0,Florida,2016.0,6.0,1.0,1.0,18.0,1.0,3.5,33.0,,,,Florida,2015.0,6.5,2.0,0.0,13.0,,,,,,,,,,,,,,,,,,,,,,,,,,,,,,,,,Florida,2014.0,,,,,,,,,,,,,,,,,,,,,,,,,,,,,,,,,,,,,,,,,,,,,,,26.7,3.0,1.0,80.0,,,,,,,,,,,,,,,,0.0,1.0,0.0,0.0,,,,,,,,,,,,,,,,,,,,,,,,,,,,,,,,,,,,,,,,,,,,,,,,,,,,,,,,,,,,,,,,,,,,,,,,,,,,,,,,,,,,,,,,,,,,,,,,,,,,,,,
2017,47,2,15,Tyus Bowser,Outside Linebacker,Houston,American Athletic,Baltimore,75.0,247.0,33.0,87.0,Houston,2016.0,4.0,9.0,8.5,27.0,0.0,12.0,47.0,,,,Houston,2015.0,8.0,1.0,0.0,8.0,,,,,,,,,,,,,,,,,,,,,,,,,,,,,,,,,,,,,,,,,,,,,,,,,,,,,,,,,,,,,,,,,,,,,Houston,2013.0,,,,,,,,,,,,,,,,,,,,,,,,,,,,,,,,,,,,,,,,,,,,,,,,,,,,,,,,6.0,1.0,0.0,6.0,,,,,,,,,,,,,,,,,,,,,,,,,,,,,,,,,,,,,,,,,,,,,,,,,,,,,,,,,,,,,,,,,,,,,,,,,,,,,
2017,48,2,16,Joe Mixon,Running Back,Oklahoma,Big 12,Cincinnati,73.0,228.0,47.0,84.0,Oklahoma,2016.0,,,,,,,,5.0,2.0,0.0,Oklahoma,2015.0,,,,,0.0,0.0,1.0,0.0,0.0,,,,,,,,60.0,37.0,5.0,538.0,14.5,187.0,79.0,10.0,1274.0,6.8,76.0,28.0,4.0,356.0,12.7,113.0,66.0,7.0,753.0,6.7,,,,,,,,,,,,,,,,,,23.5,97.0,21.0,1.0,494.0,,,,,,,,,,,,,,,,,,,,,,,,,,,,,,,6.3,15.0,4.0,0.0,25.0,10.0,10.0,1.0,0.0,10.0,,,,,,,,,,,,,,,,,,,,,,,,,,,,,,,,,,,,,,,,,,,,,,,,,,,,,,,,,,,,,,,,,,,,,,,,,,,,,,,,,,,,,,,,,,,,,,,,,,,,,,,,,,,,,,,,
2017,49,2,17,Ryan Anderson,Outside Linebacker,Alabama,SEC,Washington,74.0,253.0,55.0,81.0,Alabama,2016.0,3.0,8.0,8.5,31.0,1.0,18.5,61.0,0.0,0.0,2.0,,,,,,,,,,,,,,,,,,,,,,,,,,,,,,,,,,,,,,,,,,,,,,,,,,,,,,,,,,,,,,,,,,,,,,,,,,,,,,,,,,,,,,,26.0,1.0,1.0,26.0,,,,,,,,,,,,,,,,,,,,,,,,,,,,,,,,,,,,,,,,,,,,,,,,,,,,,,,,,,,,,,,,,,,,,,,,,,,,,,,,,,,,,,,,,,,,,,,,,,,,,,,,,,,,,,,,,,,,,,,,,,
2017,50,2,18,Justin Evans,Safety,Texas A&M,SEC,Tampa Bay,72.0,199.0,92.0,74.0,Texas A&M,2016.0,8.0,0.0,0.0,52.0,0.0,5.0,87.0,,,,Texas A&M,2015.0,0.0,1.0,0.0,0.0,,,,,,,,,,,,,,,,,,,,,,,,,,,,,,,,,,,,,,,,,,,,,,,,,,28.5,90.0,15.0,0.0,428.0,,,,,,,,,,,,,,,,,,,,,,,,,,,0.0,4.0,0.0,0.0,,,,,,23.0,27.0,2.0,0.0,46.0,,,,,,,,,,,,,,,,,,,,,,,,,,,,,,,,,,,,,,,,,,,,,,,,,,,,,,,,,,,,,,,,,,,,,,,,,,,,,,,,,,,,,,,,,,,,,,,,,,,,,,,,,,,,,,,,
2017,51,2,19,DeMarcus Walker,Defensive End,Florida State,ACC,Denver,76.0,280.0,59.0,80.0,Florida State,2016.0,2.0,4.0,16.0,45.0,0.0,20.5,67.0,0.0,0.0,2.0,Florida State,2015.0,0.0,1.0,0.0,0.0,,,,,,,,,,,,,,,,,,,,,,,,,,,,,,,,,,,,,,,,,,,,,,,,,,,,,,,,,,,,,,,,,,,,,,,,,,,,,,,,,,,,,,,,,,,,,,,,,,,,,,,,,,,,,,,,,,,,,,,,,,,,,,,,,,,,,,,,,,,,,,,,,,,,,,,,,,,,,,,,,,,,,,,,,,,,,,,,,,,,,,,,,,,,,,,,,,,,,,,,,,,,,,
2017,52,2,20,DeShone Kizer,Quarterback,Notre Dame,FBS Independents,Cleveland,76.0,233.0,54.0,82.0,Notre Dame,2016.0,,,,,,,,5.0,3.0,0.0,Notre Dame,2015.0,,,,,,,,,,361.0,212.0,9.0,0.587,26.0,2925.0,8.1,,,,,,129.0,49.0,8.0,472.0,3.7,,,,,,134.0,79.0,10.0,520.0,3.9,,,,,,,,,,,,,,,,,,,,,,,335.0,211.0,10.0,0.63,21.0,2884.0,8.6,,,,,,,,,,,,,,,,,,,,,,,,,,,,,,,,,,,,,,,,,,,,,,,,,,,,,,,,,,,,,,,,,,,,,,,,,,,,,,,,,,,,,,,,,,,,,,,,,,,,,,,,,,,,,,,,,,,,,,,,,,,,,,,,,,,,,,,,,,,,,,,,,
2017,53,2,21,Teez Tabor,Cornerback,Florida,SEC,Detroit,73.0,199.0,61.0,80.0,Florida,2016.0,6.0,0.0,1.0,23.0,1.0,2.0,33.0,0.0,0.0,1.0,Florida,2015.0,20.5,4.0,2.0,82.0,,,,,,,,,,,,,,,,,,,,,,,,,,,,,,,,,Florida,2014.0,,,,,,,,,,,,,,,,33.0,33.0,1.0,0.0,33.0,,,,,,,,,,,,,,,,,,,,,,,,,,,11.8,4.0,1.0,47.0,,,,,,,,,,,,,,,,0.0,1.0,0.0,0.0,,,,,,,,,,,,,,,,,,,,,,,,,,,,,,,,,,,,,,,,,,,,,,,,,,,,,,,,,,,,,,,,,,,,,,,,,,,,,,,,,,,,,,,,,,,,,,,,,,,,,,,
2017,54,2,22,Raekwon McMillan,Inside Linebacker,Ohio State,Big Ten,Miami,74.0,240.0,78.0,76.0,Ohio State,2016.0,4.0,2.0,2.0,49.0,0.0,7.0,102.0,,,,,,,,,,,,,,,,,,,,,,,,,,,,,,,,,,,,,,,,,,Ohio State,2014.0,,,,,,,,,,,,,,,,,,,,,,,,,,,,,,,,,,,,,,,,,,,,,,,,,,,,,,,,,,,,,,,,,,19.0,1.0,1.0,19.0,,,,,,,,,,,,,,,,,,,,,,,,,,,,,,,,,,,,,,,,,,,,,,,,,,,,,,,,,,,,,,,,,,,,,,,,,,,,,,,,,,,,,,,,,,,,,,,,,,,,,,,
2017,55,2,23,Dalvin Tomlinson,Defensive Tackle,Alabama,SEC,New York,75.0,310.0,75.0,76.0,Alabama,2016.0,4.0,7.0,3.0,17.0,0.0,5.5,62.0,,,,,,,,,,,,,,,,,,,,,,,,,,,,,,,,,,,,,,,,,,,,,,,,,,,,,,,,,,,,,,,,,,,,,,,,,,,,,,,,,,,,,,,,,,,,,,,,,,,,,,,,,,,,,,,,,,,,,,,,,,,,,,,,,,,,,,,,,,,,,,,,,,,,,,,,,,,,,,,,,,,,,,,,,,,,,,,,,,,,,,,,,,,,,,,,,,,,,,,,,,,,,,,,,,,,,,,
2017,56,2,24,Obi Melifonwu,Safety,UConn,American Athletic,Las Vegas,76.0,224.0,46.0,85.0,UConn,2016.0,3.0,0.0,0.0,73.0,0.0,2.5,118.0,0.0,0.0,1.0,UConn,2015.0,8.0,2.0,0.0,16.0,,,,,,,,,,,,,,,,,,,,,,,,,,,,,,,,,,,,,,,,,,,,,,,,,,,,,,,,,,,,,,,,,,,,,UConn,2013.0,,,,,,,,,,,1.5,4.0,0.0,6.0,,,,,,,,,,,,,,,,,,,,,,,,,,,,,,,,,,,,,,,,,,7.5,2.0,0.0,15.0,,,,,,,,,,,,,,,,,,,,,,,,,,,,,,,,,,,,,,,,,,,,,,,,,,,,,,,,,,,,,,,,,,,,,,,,,,,,,
2017,57,2,25,Zach Cunningham,Inside Linebacker,Vanderbilt,SEC,Houston,76.0,234.0,53.0,82.0,Vanderbilt,2016.0,3.0,1.0,0.0,71.0,0.0,16.5,125.0,0.0,0.0,4.0,,,,,,,,,,,,,,,,,,,,,,,,,,,,,,,,,,,,,,,,,,,,,,,,,,,,,,,,,,,,,,,,,,,,,,,,,,,,,,,,,,,,,,,,,,,,,,,,,,,,,,,,,,,,,,,,,,,,,,,,,,,,,,,,,,,,,,,,,,,,,,,,,,,,,,,,,,,,,,,,,,,,,,,,,,,,,,,,,,,,,,,,,,,,,,,,,,,,,,,,,,,,,,,,,,,,
2017,60,2,28,Chidobe Awuzie,Cornerback,Colorado,Pac-12,Dallas,72.0,202.0,49.0,83.0,Colorado,2016.0,12.0,3.0,4.0,53.0,0.0,6.0,65.0,0.0,0.0,1.0,Colorado,2015.0,13.0,2.0,0.0,26.0,,,,,,,,,,,,,,,,,,,,,,,,,,,,,,,,,,,,,,,,,,,,,,,,,,,,,,,,,,,,,,,,,,,,,,,,,,,,,,,,,14.0,1.0,0.0,14.0,,,,,,,,,,,,,,,,,,,,,,,,,,,,,,,,,,,,,,,,,,,,,,,,,,,,,,,,,,,,,,,,,,,,,,,,,,,,,,,,,,,,,,,,,,,,,,,,,,,,,,,,,,,,,,,,,,,,,,,,,,
2017,61,2,29,Josh Jones,Safety,NC State,ACC,Green Bay,73.0,220.0,43.0,86.0,NC State,2016.0,8.0,0.0,1.0,62.0,0.0,3.5,108.0,0.0,0.0,1.0,NC State,2015.0,0.0,1.0,0.0,0.0,,,,,,,,,,,,,,,,,,,,,,,,,,,,,,,,,NC State,2014.0,,,,,,,,,,,,,,,,,,,,,,,,,,,,,,,,,,,,,,,,,,,,,,,11.3,3.0,0.0,34.0,,,,,,,,,,,,,,,,9.3,4.0,0.0,37.0,,,,,,,,,,,,,,,,,,,,,,,,,,,,,,,,,,,,,,,,,,,,,,,,,,,,,,,,,,,,,,,,,,,,,,,,,,,,,,,,,,,,,,,,,,,,,,,,,,,,,,,
2017,62,2,30,JuJu Smith-Schuster,Wide Receiver,USC,Pac-12,Pittsburgh,73.0,215.0,51.0,83.0,USC,2016.0,,,,,,,,,,,USC,2015.0,,,,,,,,,,,,,,,,,67.0,70.0,10.0,914.0,13.1,5.0,20.0,0.0,27.0,5.4,75.0,89.0,10.0,1454.0,16.3,1.0,4.0,0.0,4.0,4.0,USC,2014.0,12.0,22.0,11.0,0.0,132.0,53.0,54.0,5.0,724.0,13.4,2.0,2.0,0.0,3.0,1.5,2.0,2.0,1.0,0.0,2.0,,,,,,,,,,,,,,,,,,,,,,,,,,,,,,,,,,,,12.8,27.0,4.0,0.0,51.0,,,,,,,,,,,,,,,,,,,,,,,,,,,,,,,,,,,,,,,,,,,,,,,,,,,,,,,,,,,,,,,,,,,,,,,,,,,,,,,,,,,,,,,,,,,,,,,,,,,,,,,,,,,,,,,,
2017,63,2,31,Dion Dawkins,Offensive Guard,Temple,American Athletic,Buffalo,76.0,314.0,50.0,83.0,,,,,,,,,,,,,,,,,,,,,,,,,,,,,,,,,,,,,,,,,,,,,,,,,,,,,,,,,,,,,,,,,,,,,,,,,,,,,,,,,,,,,,,,,,,,,,,,,,,,,,,,,,,,,,,,,,,,,,,,,,,,,,,,,,,,,,,,,,,,,,,,,,,,,,,,,,,,,,,,,,,,,,,,,,,,,,,,,,,,,,,,,,,,,,,,,,,,,,,,,,,,,,,,,,,,,,,,,,,,,,,,
2017,64,2,32,Taylor Moton,Offensive Tackle,Western Michigan,Mid-American,Carolina,77.0,319.0,62.0,79.0,,,,,,,,,,,,,,,,,,,,,,,,,,,,,,,,,,,,,,,,,,,,,,,,,,,,,,,,,,,,,,,,,,,,,,,,,,,,,,,,,,,,,,,,,,,,,,,,,,,,,,,,,,,,,,,,,,,,,,,,,,,,,,,,,,,,,,,,,,,,,,,,,,,,,,,,,,,,,,,,,,,,,,,,,,,,,,,,,,,,,,,,,,,,,,,,,,,,,,,,,,,,,,,,,,,,,,,,,,,,,,,,
2017,65,3,1,Larry Ogunjobi,Defensive Tackle,Charlotte,Conference USA,Cleveland,75.0,305.0,73.0,77.0,Charlotte,2016.0,2.0,10.0,3.0,31.0,0.0,13.5,65.0,,,,,,,,,,,,,,,,,,,,,,,,,,,,,,,,,,,,,,,,,,,,,,,,,,,,,,,,,,,,,,,,,,,,,,,,,,,,,,,,,,,,,,,,,,,,,,,,,,,,,,,,,,,,,,,,,,,,,,,,,,,,,,,,,,,,,,,,,,,,,,,,,,,,,,,,,,,,,,,,,,,,,,,,,,,,,,,,,,,,,,,,,,,,,,,,,,,,,,,,,,,,,,,,,,,,,,,
2017,66,3,2,Ahkello Witherspoon,Cornerback,Colorado,Pac-12,San Francisco,75.0,198.0,85.0,74.0,Colorado,2016.0,19.0,0.0,0.0,19.0,0.0,0.0,23.0,0.0,0.0,1.0,Colorado,2015.0,0.0,2.0,0.0,0.0,,,,,,,,,,,,,,,,,,,,,,,,,,,,,,,,,,,,,,,,,,,,,,,,,,,,,,,,,,,,,,,,,,,,,,,,,,,,,,,,,0.0,1.0,0.0,0.0,,,,,,,,,,,,,,,,,,,,,,,,,,,,,,,,,,,,,,,,,,,,,,,,,,,,,,,,,,,,,,,,,,,,,,,,,,,,,,,,,,,,,,,,,,,,,,,,,,,,,,,,,,,,,,,,,,,,,,,,,,
2017,67,3,3,Alvin Kamara,Running Back,Tennessee,SEC,New Orleans,70.0,214.0,40.0,86.0,Tennessee,2016.0,,,,,,,,5.0,2.0,0.0,Tennessee,2015.0,,,,,11.1,50.0,9.0,1.0,100.0,,,,,,,,53.0,40.0,4.0,392.0,9.8,103.0,39.0,9.0,596.0,5.8,35.0,34.0,3.0,291.0,8.6,107.0,63.0,7.0,698.0,6.5,,,,,,,,,,,,,,,,,,16.0,16.0,1.0,0.0,16.0,,,,,,,,,,,,,,,,,,,,,,,,,,,,,,,9.7,32.0,19.0,0.0,184.0,,,,,,,,,,,,,,,,,,,,,,,,,,,,,,,,,,,,,,,,,,,,,,,,,,,,,,,,,,,,,,,,,,,,,,,,,,,,,,,,,,,,,,,,,,,,,,,,,,,,,,,,,,,,,,,,,,,,,
2017,72,3,8,Taywan Taylor,Wide Receiver,Western Kentucky,Conference USA,Tennessee,71.0,203.0,80.0,76.0,Western Kentucky,2016.0,,,,,,,,2.0,1.0,1.0,Western Kentucky,2015.0,,,,,,,,,,,,,,,,,80.0,98.0,17.0,1730.0,17.7,6.0,16.0,0.0,36.0,6.0,78.0,86.0,17.0,1467.0,17.1,7.0,10.0,0.0,-9.0,-1.3,Western Kentucky,2014.0,13.5,25.0,6.0,0.0,81.0,75.0,45.0,7.0,767.0,17.0,1.0,11.0,0.0,11.0,11.0,,,,,,,,,,,,,,,,,,,,Western Kentucky,2013.0,45.0,24.0,0.0,270.0,11.3,,,,,,,,,,,,,,,,,,,,,,,,,,,,,,,,,,,,,,,,,,,,,,,,,,,,,,,,,,,,,,,,,,,,,,,,,,,,,,,,,,,,,,,,,,,,,,,,,,,,,,,,,,,,,,,,,,,,,,,,,,,,,,,,,,,
2017,73,3,9,Jordan Willis,Defensive End,Kansas State,Big 12,Cincinnati,76.0,255.0,45.0,85.0,Kansas State,2016.0,3.0,4.0,11.5,34.0,0.0,17.5,52.0,0.0,0.0,1.0,,,,,,,,,,,,,,,,,,,,,,,,,,,,,,,,,,,,,,,,,,,,,,,,,,,,,,,,,,,,,,,,,,,,,,,,,,,,,,,,,,,,,,,,,,,,,,,,,,,,,,,,,,,,,,,,,,,,,,,,,,,,,,,,,,,,,,,,,,,,,,,,,,,,,,,,,,,,,,,,,,,,,,,,,,,,,,,,,,,,,,,,,,,,,,,,,,,,,,,,,,,,,,,,,,,,
2017,74,3,10,Chris Wormley,Defensive Tackle,Michigan,Big Ten,Baltimore,77.0,298.0,56.0,80.0,Michigan,2016.0,0.0,6.0,6.0,18.0,0.0,8.0,37.0,,,,,,,,,,,,,,,,,,,,,,,,,,,,,,,,,,,,,,,,,,,,,,,,,,,,,,,,,,,,,,,,,,,,,,,,,,,,,,,,,,,,,,,,,,,,,,,,,,,,,,,,,,,,,,,,,,,,,,,,,,,,,,,,,,,,,,,,,,,,,,,,,,,,,,,,,,,,,,,,,,,,,,,,,,,,,,,,,,,,,,,,,,,,,,,,,,,,,,,,,,,,,,,,,,,,,,,
2017,75,3,11,Duke Riley,Inside Linebacker,LSU,SEC,Atlanta,73.0,232.0,66.0,78.0,LSU,2016.0,1.0,3.0,1.5,39.0,0.0,9.0,92.0,0.0,0.0,1.0,,,,,,,,,,,,,,,,,,,,,,,,,,,,,,,,,,,,,,,,,,,,,,,,,,,,,,,,,,,,,,,,,,,,,,,,,,,,,,,,,,,,,,,3.0,1.0,0.0,3.0,,,,,,,,,,,,,,,,,,,,,,,,,,,,,,,,,,,,,,,,,,,,,,,,,,,,,,,,,,,,,,,,,,,,,,,,,,,,,,,,,,,,,,,,,,,,,,,,,,,,,,,,,,,,,,,,,,,,,,,,,,
2017,76,3,12,Alex Anzalone,Inside Linebacker,Florida,SEC,New Orleans,75.0,241.0,72.0,77.0,Florida,2016.0,2.0,6.0,3.0,22.0,0.0,4.0,53.0,0.0,0.0,1.0,,,,,,,,,,,,,,,,,,,,,,,,,,,,,,,,,,,,,,,,,,,,,,,,,,,,,,,,,,,,,,,,,,,,,,,,,,,,,,,,,,,,,,,,,,,,,,,,,,,,,,,,,,,,,,,,,,,,,,,,,,,,,,,,,,,,,,,,,,,,,,,,,,,,,,,,,,,,,,,,,,,,,,,,,,,,,,,,,,,,,,,,,,,,,,,,,,,,,,,,,,,,,,,,,,,,
2017,77,3,13,Daeshon Hall,Defensive End,Texas A&M,SEC,Carolina,77.0,266.0,93.0,73.0,Texas A&M,2016.0,1.0,12.0,3.5,28.0,0.0,13.0,50.0,0.0,0.0,1.0,,,,,,,,,,,,,,,,,,,,,,,,,,,,,,,,,,,,,,,,,,,,,,,,,,,,,,,,,,,,,,,,,,,,,,,,,,,Texas A&M,2013.0,,,,,,,,,,,,,,,,,,,,,,,,,,,,,,,,,,,,,,,,,,,,,,,,,,,,,,,,15.0,1.0,0.0,15.0,,,,,,,,,,,,,,,,,,,,,,,,,,,,,,,,,,,,,,,,,,,,,,,,,,,,,,,,,,,,,,,,,,,,,,,,,,,,,
2017,78,3,14,Tim Williams,Outside Linebacker,Alabama,SEC,Baltimore,75.0,244.0,60.0,80.0,Alabama,2016.0,2.0,12.0,9.0,22.0,0.0,16.0,31.0,0.0,0.0,1.0,,,,,,,,,,,,,,,,,,,,,,,,,,,,,,,,,,,,,,,,,,,,,,,,,,,,,,,,,,,,,,,,,,,,,,,,,,,,,,,,,,,,,,,,,,,,,,,,,,,,,,,,,,,,,,,,,,,,,,,,,,,,,,,,,,,,,,,,,,,,,,,,,,,,,,,,,,,,,,,,,,,,,,,,,,,,,,,,,,,,,,,,,,,,,,,,,,,,,,,,,,,,,,,,,,,,
2017,79,3,15,ArDarius Stewart,Wide Receiver,Alabama,SEC,New York,71.0,204.0,87.0,74.0,Alabama,2016.0,,,,,,,,1.0,1.0,0.0,Alabama,2015.0,,,,,,,,,,,,,,,,,71.0,54.0,8.0,864.0,16.0,8.0,25.0,0.0,68.0,8.5,38.0,63.0,4.0,700.0,11.1,5.0,8.0,0.0,14.0,2.8,Alabama,2014.0,,,,,,40.0,12.0,0.0,149.0,12.4,,,,,,20.1,30.0,8.0,0.0,161.0,,,,,,,,,,,,,,,,,,,,,,,,,,,,,,,,,,,,10.0,16.0,3.0,0.0,30.0,,,,,,,,,,,,,,,,,,,,,,,,,,,,,,,,,,,,,,,,,,,,,,,,,,,,,,,,,,,,,,,,,,,,,,,,,,,,,,,,,,,,,,,,,,,,,,,,,,,,,,,,,,,,,,,,
2017,80,3,16,Tarell Basham,Defensive End,Ohio,Mid-American,Indianapolis,76.0,269.0,74.0,77.0,Ohio,2016.0,2.0,10.0,11.5,30.0,0.0,15.0,50.0,0.0,0.0,1.0,,,,,,,,,,,,,,,,,,,,,,,,,,,,,,,,,,,,,,,,,,,,,,,,,,,,,,,,,,,,,,,,,,,,,,,,,,,,,,,,,,,,,,,,,,,,,,,,,,,,,,,,,,,,,,,,,,,,,,,,,,,,,,,,,,,,,,,,,,,,,,,,,,,,,,,,,,,,,,,,,,,,,,,,,,,,,,,,,,,,,,,,,,,,,,,,,,,,,,,,,,,,,,,,,,,,
2017,81,3,17,Fabian Moreau,Cornerback,UCLA,Pac-12,Washington,73.0,206.0,68.0,78.0,UCLA,2016.0,9.0,0.0,0.0,24.0,0.0,1.0,31.0,,,,,,,,,,,,,,,,,,,,,,,,,,,,,,,,,,,,,,,,,,UCLA,2014.0,,,,,,,,,,,,,,,,,,,,,,,,,,,,,,,,,,,,,,,,,,,,,,,16.0,2.0,0.0,32.0,,,,,,,,,,,,,,,,0.0,1.0,0.0,0.0,,,,,,,,,,,,,,,,,,,,,,,,,,,,,,,,,,,,,,,,,,,,,,,,,,,,,,,,,,,,,,,,,,,,,,,,,,,,,,,,,,,,,,,,,,,,,,,,,,,,,,,
2017,82,3,18,Carlos Henderson,Wide Receiver,Louisiana Tech,Conference USA,Denver,71.0,199.0,108.0,72.0,Louisiana Tech,2016.0,,,,,,,,,,,Louisiana Tech,2015.0,,,,,,,,,,,,,,,,,83.0,82.0,19.0,1535.0,18.7,14.0,35.0,2.0,133.0,9.5,55.0,36.0,5.0,774.0,21.5,5.0,19.0,0.0,54.0,10.8,Louisiana Tech,2014.0,25.0,96.0,33.0,1.0,826.0,72.0,29.0,4.0,569.0,19.6,13.0,27.0,1.0,70.0,5.4,32.2,92.0,25.0,2.0,805.0,,,,,,,,,,,,,,,,,,,,,,,,,,,,,,,,,,,,22.0,57.0,21.0,0.0,463.0,,,,,,,,,,,,,,,,,,,,,,,,,,,,,,,,,,,,,,,,,,,,,,,,,,,,,,,,,,,,,,,,,,,,,,,,,,,,,,,,,,,,,,,,,,,,,,,,,,,,,,,,,,,,,,,,
2017,84,3,20,Chris Godwin,Wide Receiver,Penn State,Big Ten,Tampa Bay,73.0,209.0,106.0,72.0,Penn State,2016.0,,,,,,,,,,,Penn State,2015.0,,,,,,,,,,,,,,,,,72.0,59.0,11.0,982.0,16.6,1.0,13.0,0.0,13.0,13.0,56.0,69.0,5.0,1101.0,16.0,,,,,,Penn State,2014.0,,,,,,72.0,26.0,2.0,338.0,13.0,2.0,1.0,0.0,1.0,0.5,,,,,,,,,,,,,,,,,,,,,,,,,,,,,,,,,,,,,,,,,,,,,,,,,,,,,,,,,,,,,,,,,,,,,,,,,,,,,,,,,,,,,,,,,,,,,,,,,,,,,,,,,,,,,,,,,,,,,,,,,,,,,,,,,,,,,,,,,,,,,,,,,,,,,,,,,,,,,
2017,85,3,21,Antonio Garcia,Offensive Tackle,Troy,Sun Belt,New England,78.0,302.0,82.0,75.0,,,,,,,,,,,,,,,,,,,,,,,,,,,,,,,,,,,,,,,,,,,,,,,,,,,,,,,,,,,,,,,,,,,,,,,,,,,,,,,,,,,,,,,,,,,,,,,,,,,,,,,,,,,,,,,,,,,,,,,,,,,,,,,,,,,,,,,,,,,,,,,,,,,,,,,,,,,,,,,,,,,,,,,,,,,,,,,,,,,,,,,,,,,,,,,,,,,,,,,,,,,,,,,,,,,,,,,,,,,,,,,,
2017,86,3,22,Kareem Hunt,Running Back,Toledo,Mid-American,Kansas City,71.0,216.0,86.0,74.0,Toledo,2016.0,,,,,,,,,,,Toledo,2015.0,,,,,,,,,,,,,,,,,71.0,41.0,1.0,403.0,9.8,262.0,47.0,10.0,1475.0,5.6,9.0,11.0,0.0,45.0,4.1,178.0,41.0,12.0,973.0,5.5,Toledo,2014.0,,,,,,10.0,9.0,0.0,39.0,4.3,205.0,91.0,16.0,1631.0,8.0,,,,,,,,,,,,,,,,,,,,Toledo,2013.0,15.0,12.0,0.0,68.0,5.7,137.0,52.0,6.0,866.0,6.3,,,,,,,,,,,,,,,,,,,,,,,,,,,,,,,,,,,,,,,,,,,,,,,,,,,,,,,,,,,,,,,,,,,,,,,,,,,,,,,,,,,,,,,,,,,,,,,,,,,,,,,,,,,,,,,,,,,,,,,,,,,,,,
2017,87,3,23,Davis Webb,Quarterback,California,Pac-12,New York,77.0,229.0,95.0,73.0,California,2016.0,,,,,,,,5.0,1.0,0.0,Texas Tech,2015.0,,,,,,,,,,620.0,382.0,12.0,0.616,37.0,4295.0,6.9,,,,,,33.0,8.0,6.0,-110.0,-3.3,,,,,,2.0,5.0,2.0,6.0,3.0,Texas Tech,2014.0,,,,,,,,,,,17.0,18.0,1.0,16.0,0.9,,,,,,41.0,22.0,0.0,0.537,2.0,300.0,7.3,345.0,211.0,13.0,0.612,24.0,2539.0,7.4,Texas Tech,2013.0,,,,,,25.0,14.0,0.0,-12.0,-0.5,,,,,,,,,,,,,,,,,,,,,,,,,,,,,,,,,,,,,,,,,,,,,,,,,,361.0,226.0,9.0,0.626,20.0,2718.0,7.5,,,,,,,,,,,,,,,,,,,,,,,,,,,,,,,,,,,,,,,,,,,,,,,,,,,,,,,,,,,,,,,,,,,,,,
2017,88,3,24,Eddie Vanderdoes,Defensive Tackle,UCLA,Pac-12,Las Vegas,75.0,305.0,149.0,61.0,UCLA,2016.0,0.0,0.0,1.5,15.0,0.0,1.5,27.0,,,,,,,,,,,,,,,,,,,,,,,,,,,,,,,,,,,,,,,,,,,,,,,,,,,,,,,,,,,,,,,,,,,,,,,,,,,,,,,,,,,,,,,,,,,,,,,,,,,,,,,,,,,,,,,,,,,,,,,,,,,,,,,,,,,,,,,,,,,,,,,,,,,,,,,,,,,,,,,,,,,,,,,,,,,,,,,,,,,,,,,,,,,,,,,,,,,,,,,,,,,,,,,,,,,,,,,
2017,89,3,25,D'Onta Foreman,Running Back,Texas,Big 12,Houston,72.0,233.0,103.0,73.0,Texas,2016.0,,,,,,,,6.0,6.0,0.0,Texas,2015.0,,,,,,,,,,,,,,,,,21.0,7.0,0.0,75.0,10.7,323.0,74.0,15.0,2028.0,6.3,22.0,5.0,0.0,64.0,12.8,95.0,93.0,5.0,681.0,7.2,Texas,2014.0,5.0,5.0,1.0,0.0,5.0,7.0,1.0,0.0,7.0,7.0,16.0,34.0,0.0,74.0,4.6,,,,,,,,,,,,,,,,,,,,,,,,,,,,,,,,,,,,,,,,,25.0,25.0,1.0,0.0,25.0,,,,,,,,,,,,,,,,,,,,,,,,,,,,,,,,,,,,,,,,,,,,,,,,,,,,,,,,,,,,,,,,,,,,,,,,,,,,,,,,,,,,,,,,,,,,,,,,,,,,,,,,,,,,,,,,
2017,90,3,26,Shaquill Griffin,Cornerback,UCF,American Athletic,Seattle,72.0,194.0,127.0,67.0,UCF,2016.0,14.0,0.0,0.0,30.0,1.0,2.5,48.0,0.0,0.0,1.0,UCF,2015.0,51.0,2.0,1.0,102.0,,,,,,,,,,,,,,,,,,,,,,,,,,,,,,,,,UCF,2014.0,,,,,,,,,,,,,,,,,,,,,,,,,,,,,,,,,,,,,,,,,,,,,,,11.5,4.0,1.0,46.0,,,,,,,,,,,,,,,,20.0,1.0,0.0,20.0,,,,,,,,,,,,,,,,,,,,,,,,,,,,,,,,,,,,,,,,,,,,,,,,,,,,,,,,,,,,,,,,,,,,,,,,,,,,,,,,,,,,,,,,,,,,,,,,,,,,,,,
2017,92,3,28,Jourdan Lewis,Cornerback,Michigan,Big Ten,Dallas,70.0,188.0,35.0,87.0,Michigan,2016.0,9.0,0.0,0.0,18.0,0.0,3.5,27.0,,,,Michigan,2015.0,23.0,2.0,1.0,46.0,,,,,,,,,,,,,,,,,,,,,,,,,,,,,,,,,Michigan,2014.0,6.0,6.0,1.0,0.0,6.0,,,,,,,,,,,18.1,45.0,7.0,0.0,127.0,,,,,,,,,,,,,,,Michigan,2013.0,,,,,,,,,,,0.0,2.0,0.0,0.0,-0.5,0.0,2.0,0.0,-1.0,25.2,55.0,15.0,0.0,378.0,,,,,,2.0,2.0,0.0,4.0,18.0,18.0,1.0,0.0,18.0,,,,,,,,,,,,,,,,,,,,,,,,,,,,,,,,,,,,,,,,,,,,,,,,,,,,,,,,,,,,,,,,,,,,,,,,,,,,,,,,,,,,,,,,,,,,,,,,,,
2017,93,3,29,Montravius Adams,Defensive Tackle,Auburn,SEC,Green Bay,76.0,304.0,102.0,73.0,Auburn,2016.0,2.0,15.0,4.5,26.0,0.0,8.5,44.0,0.0,0.0,2.0,,,,,,,,,,,,,,,,,,,,,,,,,,,,,,,,,,,,,,,Auburn,2014.0,,,,,,,,,,,,,,,,,,,,,,,,,,,,,,,,,,,,,,,,,,,,,,,7.0,1.0,0.0,7.0,,,,,,,,,,,,,,,,36.0,1.0,0.0,36.0,,,,,,,,,,,,,,,,,,,,,,,,,,,,,,,,,,,,,,,,,,,,,,,,,,,,,,,,,,,,,,,,,,,,,,,,,,,,,,,,,,,,,,,,,,,,,,,,,,,,,,,
2017,95,3,31,Delano Hill,Safety,Michigan,Big Ten,Seattle,73.0,216.0,203.0,49.0,Michigan,2016.0,3.0,1.0,0.0,37.0,1.0,4.5,50.0,,,,,,,,,,,,,,,,,,,,,,,,,,,,,,,,,,,,,,,,,,,,,,,,,,,,,,,,,,,,,,,,,,,,,,,,,,,,,,,,,,,,,,,,,,12.0,3.0,1.0,36.0,,,,,,,,,,,,,,,,,,,,,,,,,,,,,,,,,,,,,,,,,,,,,,,,,,,,,,,,,,,,,,,,,,,,,,,,,,,,,,,,,,,,,,,,,,,,,,,,,,,,,,,,,,,,,,,,,,,,,,,,,,
2017,96,3,32,Kenny Golladay,Wide Receiver,Northern Illinois,Mid-American,Detroit,76.0,218.0,201.0,50.0,Northern Illinois,2016.0,,,,,,,,1.0,1.0,0.0,Northern Illinois,2015.0,,,,,,,,,,,,,,,,,49.0,88.0,8.0,1164.0,13.2,20.0,39.0,2.0,192.0,9.6,68.0,73.0,10.0,1129.0,15.5,9.0,6.0,1.0,14.0,1.6,,,,,,,,,,,,,,,,,,,,,,,,,,,,,,,,,,,,,,,,,,,,,,,,,,,,,2.0,3.0,2.0,0.0,4.0,,,,,,,,,,,,,,,,,,,,,,,,,,,,,,,,,,,,,,,,,,,,,,,,,,,,,,,,,,,,,,,,,,,,,,,,,,,,,,,,,,,,,,,,,,,,,,,,,,,,,,,,,,,,,,,,,,,,,
2017,97,3,33,Cordrea Tankersley,Cornerback,Clemson,ACC,Miami,73.0,199.0,138.0,63.0,Clemson,2016.0,11.0,0.0,0.0,39.0,0.0,6.0,52.0,,,,Clemson,2015.0,10.0,5.0,1.0,50.0,,,,,,,,,,,,,,,,,,,,,,,,,,,,,,,,,,,,,,,,,,,,,,,,,,,,,,,,,,,,,,,,,,,,,,,,,,,,,,,,,5.5,4.0,0.0,22.0,,,,,,,,,,,,,,,,,,,,,,,,,,,,,,,,,,,,,,,,,,,,,,,,,,,,,,,,,,,,,,,,,,,,,,,,,,,,,,,,,,,,,,,,,,,,,,,,,,,,,,,,,,,,,,,,,,,,,,,,,,
2017,99,3,35,Rasul Douglas,Cornerback,West Virginia,Big 12,Philadelphia,74.0,209.0,105.0,72.0,West Virginia,2016.0,8.0,0.0,1.0,49.0,1.0,3.5,70.0,,,,West Virginia,2015.0,0.0,1.0,0.0,0.0,,,,,,,,,,,,,,,,,,,,,,,,,,,,,,,,,,,,,,,,,,,,,,,,,,,,,,,,,,,,,,,,,,,,,,,,,,,,,,,,,12.6,8.0,1.0,101.0,,,,,,,,,,,,,,,,,,,,,,,,,,,,,,,,,,,,,,,,,,,,,,,,,,,,,,,,,,,,,,,,,,,,,,,,,,,,,,,,,,,,,,,,,,,,,,,,,,,,,,,,,,,,,,,,,,,,,,,,,,
2017,102,3,38,Nazair Jones,Defensive Tackle,North Carolina,ACC,Seattle,77.0,304.0,200.0,50.0,North Carolina,2016.0,3.0,1.0,2.5,32.0,0.0,9.5,70.0,0.0,0.0,1.0,North Carolina,2015.0,0.0,1.0,0.0,0.0,,,,,,,,,,,,,,,,,,,,,,,,,,,,,,,,,North Carolina,2014.0,,,,,,,,,,,,,,,,,,,,,,,,,,,,,,,,,,,,,,,,,,,,,,,,,,,,,,,,,,,,,,,,,,20.0,1.0,0.0,20.0,,,,,,,,,,,,,,,,,,,,,,,,,,,,,,,,,,,,,,,,,,,,,,,,,,,,,,,,,,,,,,,,,,,,,,,,,,,,,,,,,,,,,,,,,,,,,,,,,,,,,,,
2017,103,3,39,Trey Hendrickson,Defensive End,Florida Atlantic,Conference USA,New Orleans,76.0,266.0,83.0,75.0,Florida Atlantic,2016.0,2.0,7.0,9.5,25.0,0.0,14.0,50.0,0.0,0.0,1.0,,,,,,,,,,,,,,,,,,,,,,,,,,,,,,,,,,,,,,,,,,,,,,,,,,,,,,,,,,,,,,,,,,,,,,,,,,,,,,,,,,,,,,,,,,,,,,,,,,,,,,,,,,,,,,,,,,,,,,,,,,,,,,,,,,,,,,,,,,,,,,,,,,,,,,,,,,,,,,,,,,,,,,,,,,,,,,,,,,,,,,,,,,,,,,,,,,,,,,,,,,,,,,,,,,,,
2017,104,3,40,C.J. Beathard,Quarterback,Iowa,Big Ten,San Francisco,75.0,219.0,156.0,59.0,Iowa,2016.0,,,,,,,,3.0,0.0,0.0,Iowa,2015.0,,,,,,,,,,301.0,170.0,10.0,0.565,17.0,1929.0,6.4,,,,,,83.0,15.0,2.0,-13.0,-0.2,,,,,,100.0,57.0,6.0,237.0,2.4,Iowa,2014.0,,,,,,,,,,,28.0,33.0,0.0,156.0,5.6,,,,,,362.0,223.0,5.0,0.616,17.0,2809.0,7.8,92.0,52.0,2.0,0.565,5.0,645.0,7.0,Iowa,2013.0,,,,,,13.0,11.0,2.0,49.0,3.8,,,,,,,,,,,,,,,,,,,,,,,,,,,,,,,,,,,,,,,,,,,,,,,,,,27.0,9.0,2.0,0.333,1.0,179.0,6.6,,,,,,,,,,,,,,,,,,,,,,,,,,,,,,,,,,,,,,,,,,,,,,,,,,,,,,,,,,,,,,,,,,,,,,
2017,105,3,41,James Conner,Running Back,Pittsburgh,ACC,Pittsburgh,74.0,233.0,122.0,68.0,Pittsburgh,2016.0,,,,,,,,1.0,1.0,0.0,Pittsburgh,2015.0,,,,,,,,,,,,,,,,,55.0,21.0,4.0,302.0,14.4,216.0,40.0,16.0,1092.0,5.1,7.0,1.0,0.0,7.0,7.0,8.0,40.0,2.0,77.0,9.6,Pittsburgh,2014.0,,,,,,40.0,5.0,0.0,70.0,14.0,298.0,75.0,26.0,1765.0,5.9,,,,,,,,,,,,,,,,,,,,Pittsburgh,2013.0,13.0,3.0,0.0,33.0,11.0,146.0,45.0,8.0,799.0,5.5,,,,,,,,,,,,,,,,,,,,,,,,,,,,,,,,,,,,,,,,,,,,,,,,,,,,,,,,,,,,,,,,,,,,,,,,,,,,,,,,,,,,,,,,,,,,,,,,,,,,,,,,,,,,,,,,,,,,,,,,,,,,,,
2017,106,3,42,Amara Darboh,Wide Receiver,Michigan,Big Ten,Seattle,74.0,214.0,112.0,71.0,Michigan,2016.0,,,,,,,,,,,Michigan,2015.0,,,,,11.0,11.0,1.0,0.0,11.0,,,,,,,,46.0,57.0,7.0,862.0,15.1,,,,,,39.0,58.0,5.0,727.0,12.5,2.0,4.0,0.0,2.0,1.0,Michigan,2014.0,,,,,,34.0,36.0,2.0,473.0,13.1,,,,,,,,,,,,,,,,,,,,,,,,,,,,,,,,,,,,,,,,,,,,,,,,,,,4.0,9.0,3.0,0.0,12.0,,,,,,,,,,,,,,,,,,,,,,,,,,,,,,,,,,,,,,,,,,,,,,,,,,,,,,,,,,,,,,,,,,,,,,,,,,,,,,,,,,,,,,,,,,,,,,,,,,,,,,,,,,,
2017,107,3,43,Kendell Beckwith,Inside Linebacker,LSU,SEC,Tampa Bay,74.0,243.0,88.0,74.0,LSU,2016.0,4.0,1.0,1.0,33.0,0.0,6.0,91.0,0.0,0.0,1.0,,,,,,,,,,,,,,,,,,,,,,,,,,,,,,,,,,,,,,,LSU,2014.0,,,,,,,,,,,,,,,,,,,,,,,,,,,,,,,,,,,,,,,,,,,,,,,,,,,,,,,,,,,,,,,,,,29.0,1.0,1.0,29.0,,,,,,,,,,,,,,,,,,,,,,,,,,,,,,,,,,,,,,,,,,,,,,,,,,,,,,,,,,,,,,,,,,,,,,,,,,,,,,,,,,,,,,,,,,,,,,,,,,,,,,,
2017,108,4,1,Vince Biegel,Outside Linebacker,Wisconsin,Big Ten,Green Bay,75.0,246.0,135.0,65.0,Wisconsin,2016.0,1.0,7.0,4.0,29.0,0.0,6.0,44.0,,,,,,,,,,,,,,,,,,,,,,,,,,,,,,,,,,,,,,,,,,,,,,,,,,,,,,,,,,,,,,,,,,,,,,,,,,,,,,,,,,,,,,,,,,,,,,,,,,,,,,,,,,,,,,,,,,,,,,,,,,,,,,,,,,,,,,,,,,,,,,,,,,,,,,,,,,,,,,,,,,,,,,,,,,,,,,,,,,,,,,,,,,,,,,,,,,,,,,,,,,,,,,,,,,,,,,,
2017,109,4,2,Jaleel Johnson,Defensive Tackle,Iowa,Big Ten,Minnesota,75.0,316.0,109.0,71.0,Iowa,2016.0,2.0,5.0,7.5,30.0,0.0,11.0,55.0,,,,,,,,,,,,,,,,,,,,,,,,,,,,,,,,,,,,,,,,,,,,,,,,,,,,,,,,,,,,,,,,,,,,,,,,,,,,,,,,,,,,,,,,,,,,,,,,,,,,,,,,,,,,,,,,,,,,,,,,,,,,,,,,,,,,,,,,,,,,,,,,,,,,,,,,,,,,,,,,,,,,,,,,,,,,,,,,,,,,,,,,,,,,,,,,,,,,,,,,,,,,,,,,,,,,,,,
2017,110,4,3,Dede Westbrook,Wide Receiver,Oklahoma,Big 12,Jacksonville,72.0,178.0,188.0,52.0,Oklahoma,2016.0,,,,,,,,1.0,1.0,0.0,Oklahoma,2015.0,,,,,,,,,,,,,,,,,88.0,80.0,17.0,1524.0,19.1,10.0,35.0,0.0,101.0,10.1,42.0,46.0,4.0,743.0,16.2,5.0,18.0,0.0,17.0,3.4,,,,,,,,,,,,,,,,,,27.1,63.0,9.0,0.0,244.0,,,,,,,,,,,,,,,,,,,,,,,,,,,,,,,16.2,71.0,5.0,1.0,81.0,,,,,,,,,,,,,,,,,,,,,,,,,,,,,,,,,,,,,,,,,,,,,,,,,,,,,,,,,,,,,,,,,,,,,,,,,,,,,,,,,,,,,,,,,,,,,,,,,,,,,,,,,,,,,,,,,,,,,
2017,111,4,4,Tedric Thompson,Safety,Colorado,Pac-12,Seattle,72.0,204.0,267.0,39.0,Colorado,2016.0,16.0,1.0,0.0,42.0,0.0,3.0,63.0,,,,Colorado,2015.0,37.3,3.0,0.0,112.0,,,,,,,,,,,,,,,,,,,,,,,,,,,,,,,,,Colorado,2014.0,,,,,,,,,,,,,,,,,,,,,,,,,,,,,,,,,,,,,,,,,,,,,,,14.7,7.0,0.0,103.0,,,,,,,,,,,,,,,,9.3,3.0,0.0,28.0,,,,,,,,,,,,,,,,,,,,,,,,,,,,,,,,,,,,,,,,,,,,,,,,,,,,,,,,,,,,,,,,,,,,,,,,,,,,,,,,,,,,,,,,,,,,,,,,,,,,,,,
2017,112,4,5,Eddie Jackson,Safety,Alabama,SEC,Chicago,72.0,201.0,145.0,62.0,Alabama,2016.0,2.0,0.0,0.0,15.0,3.0,2.5,24.0,,,,Alabama,2015.0,38.3,6.0,2.0,230.0,,,,,,,,,,,,,,,,,,,,,,,,,,,,,,,,,Alabama,2014.0,,,,,,,,,,,,,,,,,,,,,,,,,,,,,,,,,,,Alabama,2013.0,,,,,,,,,,,55.0,1.0,1.0,55.0,23.0,85.0,11.0,2.0,253.0,,,,,,,,,,,18.0,1.0,0.0,18.0,,,,,,,,,,,,,,,,,,,,,,,0.0,1.0,0.0,0.0,,,,,,,,,,,,,,,,,,,,,,,,,,,,,,,,,,,,,,,,,,,,,,,,,,,,,,,,,,,,,,,,,,,,,,,,,,,,,
2017,113,4,6,Rayshawn Jenkins,Safety,Miami,ACC,Los Angeles,73.0,214.0,161.0,59.0,Miami,2016.0,7.0,1.0,1.5,56.0,0.0,4.5,76.0,,,,Miami,2015.0,13.3,3.0,0.0,40.0,,,,,,,,,,,,,,,,,,,,,,,,,,,,,,,,,,,,,,,,,,,,,,,,,,,,,,,,,,,,,,,,,,,,,Miami,2013.0,,,,,,,,,,,0.0,2.0,0.0,0.0,,,,,,,,,,,,,,,,,,,,,,,,,,,,,,,,,,,,,,,,,,7.3,3.0,0.0,22.0,,,,,,,,,,,,,,,,,,,,,,,,,,,,,,,,,,,,,,,,,,,,,,,,,,,,,,,,,,,,,,,,,,,,,,,,,,,,,
2017,114,4,7,Samaje Perine,Running Back,Oklahoma,Big 12,Washington,71.0,233.0,71.0,77.0,Oklahoma,2016.0,,,,,,,,2.0,1.0,0.0,Oklahoma,2015.0,,,,,,,,,,,,,,,,,29.0,10.0,1.0,106.0,10.6,196.0,66.0,12.0,1060.0,5.4,20.0,15.0,1.0,107.0,7.1,226.0,72.0,16.0,1349.0,6.0,Oklahoma,2014.0,,,,,,19.0,15.0,0.0,108.0,7.2,263.0,66.0,21.0,1713.0,6.5,,,,,,,,,,,,,,,,,,,,,,,,,,,,,,,,,,,,,,,,,,,,,,,,,,,,,,,,,,,,,,,,,,,,,,,,,,,,,,,,,,,,,,,,,,,,,,,,,,,,,,,,,,,,,,,,,,,,,,,,,,,,,,,,,,,,,,,,,,,,,,,,,,,,,,,,,,,,,
2017,116,4,9,Carl Lawson,Defensive End,Auburn,SEC,Cincinnati,74.0,261.0,101.0,73.0,Auburn,2016.0,0.0,24.0,9.0,15.0,0.0,13.5,30.0,,,,,,,,,,,,,,,,,,,,,,,,,,,,,,,,,,,,,,,,,,,,,,,,,,,,,,,,,,,,,,,,,,,,,,,,,,,,,,,,,,,,,,,,,,,,,,,,,,,,,,,,,,,,,,,,,,,,,,,,,,,,,,,,,,,,,,,,,,,,,,,,,,,,,,,,,,,,,,,,,,,,,,,,,,,,,,,,,,,,,,,,,,,,,,,,,,,,,,,,,,,,,,,,,,,,,,,
2017,117,4,10,Josh Reynolds,Wide Receiver,Texas A&M,SEC,Los Angeles,75.0,194.0,130.0,67.0,Texas A&M,2016.0,,,,,,,,,,,Texas A&M,2015.0,,,,,,,,,,,,,,,,,92.0,61.0,12.0,1039.0,17.0,,,,,,95.0,51.0,5.0,907.0,17.8,,,,,,Texas A&M,2014.0,,,,,,70.0,52.0,13.0,842.0,16.2,,,,,,,,,,,,,,,,,,,,,,,,,,,,,,,,,,,,,,,,,,,,,,,,,,,,,,,,,,,,,,,,,,,,,,,,,,,,,,,,,,,,,,,,,,,,,,,,,,,,,,,,,,,,,,,,,,,,,,,,,,,,,,,,,,,,,,,,,,,,,,,,,,,,,,,,,,,,,,,,,,
2017,118,4,12,Mack Hollins,Wide Receiver,North Carolina,ACC,Philadelphia,76.0,221.0,100.0,73.0,North Carolina,2016.0,,,,,,,,,,,North Carolina,2015.0,,,,,,,,,,,,,,,,,71.0,16.0,4.0,309.0,19.3,,,,,,74.0,30.0,8.0,745.0,24.8,,,,,,North Carolina,2014.0,,,,,,91.0,35.0,8.0,613.0,17.5,,,,,,,,,,,,,,,,,,,,,,,,,,,,,,,,,,,,,,,,,,,,,,,,,,,,,,,,,,,,,,,,,,,,,,,,,,,,,,,,,,,,,,,,,,,,,,,,,,,,,,,,,,,,,,,,,,,,,,,,,,,,,,,,,,,,,,,,,,,,,,,,,,,,,,,,,,,,,,,,,,
2017,120,4,14,Ben Gedeon,Inside Linebacker,Michigan,Big Ten,Minnesota,74.0,244.0,99.0,73.0,Michigan,2016.0,2.0,2.0,4.5,39.0,0.0,15.0,94.0,1.0,0.0,0.0,,,,,,,,,,,,,,,,,,,,,,,,,,,,,,,,,,,,,,,,,,,,,,,,,,,,,,,,,,,,,,,,,,,,,,,,,,,,,,,,,,,,,,,,,,,,,,,,,,,,,,,,,,,,,,,,,,,,,,,,,,,,,,,,,,,,,,,,,,,,,,,,,,,,,,,,,,,,,,,,,,,,,,,,,,,,,,,,,,,,,,,,,,,,,,,,,,,,,,,,,,,,,,,,,,,,
2017,121,4,15,Joe Williams,Running Back,Utah,Pac-12,San Francisco,71.0,210.0,184.0,54.0,Utah,2016.0,,,,,,,,5.0,5.0,0.0,Utah,2015.0,,,,,,,,,,,,,,,,,56.0,9.0,0.0,107.0,11.9,210.0,82.0,10.0,1407.0,6.7,16.0,11.0,0.0,84.0,7.6,104.0,64.0,3.0,477.0,4.6,,,,,,,,,,,,,,,,,,,,,,,,,,,,,,,,,,,,,,,,,,,,,,,,,,,,,,,,,,,,,,,,,,,,,,,,,,,,,,,,,,,,,,,,,,,,,,,,,,,,,,,,,,,,,,,,,,,,,,,,,,,,,,,,,,,,,,,,,,,,,,,,,,,,,,,,,,,,,,,,,,,,,,,,,,,,,,
2017,123,4,17,Montae Nicholson,Safety,Michigan State,Big Ten,Washington,74.0,212.0,147.0,61.0,Michigan State,2016.0,2.0,0.0,0.0,39.0,0.0,2.0,86.0,0.0,0.0,1.0,Michigan State,2015.0,20.0,3.0,0.0,60.0,,,,,,,,,,,,,,,,,,,,,,,,,,,,,,,,,,,,,,,,,,,,,,,,,,,,,,,,,,,,,,,,,,,,,,,,,,,,,,,,,10.0,1.0,0.0,10.0,,,,,,17.0,17.0,1.0,0.0,17.0,,,,,,,,,,,,,,,,,,,,,,,,,,,,,,,,,,,,,,,,,,,,,,,,,,,,,,,,,,,,,,,,,,,,,,,,,,,,,,,,,,,,,,,,,,,,,,,,,,,,,,,,,,,,,,,,
2017,124,4,18,Jalen Reeves-Maybin,Outside Linebacker,Tennessee,SEC,Detroit,72.0,230.0,193.0,51.0,Tennessee,2016.0,0.0,0.0,0.0,12.0,0.0,2.0,20.0,,,,,,,,,,,,,,,,,,,,,,,,,,,,,,,,,,,,,,,,,,Tennessee,2014.0,,,,,,,,,,,,,,,,,,,,,,,,,,,,,,,,,,,,,,,,,,,,,,,,,,,,,,,,,,,,,,,,,,1.0,1.0,0.0,1.0,,,,,,,,,,,,,,,,,,,,,,,,,,,,,,,,,,,,,,,,,,,,,,,,,,,,,,,,,,,,,,,,,,,,,,,,,,,,,,,,,,,,,,,,,,,,,,,,,,,,,,,
2017,126,4,20,Howard Wilson,Cornerback,Houston,American Athletic,Cleveland,73.0,184.0,133.0,66.0,Houston,2016.0,10.0,0.0,0.0,45.0,1.0,2.5,54.0,0.0,0.0,2.0,Houston,2015.0,5.0,1.0,0.0,5.0,,,,,,,,,,,,,,,,,,,,,,,,,,,,,,,,,Houston,2014.0,,,,,,,,,,,,,,,,,,,,,,,,,,,,,,,,,,,,,,,,,,,,,,,11.6,5.0,1.0,58.0,,,,,,,,,,,,,,,,0.0,3.0,0.0,0.0,,,,,,,,,,,,,,,,,,,,,,,,,,,,,,,,,,,,,,,,,,,,,,,,,,,,,,,,,,,,,,,,,,,,,,,,,,,,,,,,,,,,,,,,,,,,,,,,,,,,,,,
2017,127,4,21,Michael Roberts,Tight End,Toledo,Mid-American,Detroit,76.0,270.0,173.0,57.0,Toledo,2016.0,,,,,,,,,,,Toledo,2015.0,,,,,,,,,,,,,,,,,41.0,45.0,16.0,533.0,11.8,,,,,,26.0,21.0,4.0,234.0,11.1,,,,,,Toledo,2014.0,,,,,,36.0,4.0,2.0,65.0,16.3,,,,,,,,,,,,,,,,,,,,,,,,,,,,,,,,,,,,,,,,,,,,,,,,,,,,,,,,,,,,,,,,,,,,,,,,,,,,,,,,,,,,,,,,,,,,,,,,,,,,,,,,,,,,,,,,,,,,,,,,,,,,,,,,,,,,,,,,,,,,,,,,,,,,,,,,,,,,,,,,,,
2017,128,4,22,Josh Malone,Wide Receiver,Tennessee,SEC,Cincinnati,75.0,208.0,111.0,71.0,Tennessee,2016.0,,,,,,,,,,,Tennessee,2015.0,,,,,,,,,,,,,,,,,67.0,50.0,11.0,972.0,19.4,,,,,,75.0,31.0,2.0,405.0,13.1,,,,,,Tennessee,2014.0,,,,,,20.0,23.0,1.0,231.0,10.0,2.0,20.0,0.0,11.0,5.5,,,,,,,,,,,,,,,,,,,,,,,,,,,,,,,,,,,,,,,,,,,,,,,,,,,,,,,,,,,,,,,,,,,,,,,,,,,,,,,,,,,,,,,,,,,,,,,,,,,,,,,,,,,,,,,,,,,,,,,,,,,,,,,,,,,,,,,,,,,,,,,,,,,,,,,,,,,,,
2017,132,4,26,Donnel Pumphrey,Running Back,San Diego State,Mountain West,Philadelphia,68.0,176.0,115.0,69.0,San Diego State,2016.0,,,,,,,,2.0,1.0,0.0,San Diego State,2015.0,,,,,,,,,,,,,,,,,27.0,27.0,0.0,231.0,8.6,349.0,79.0,17.0,2133.0,6.1,40.0,28.0,3.0,416.0,14.9,309.0,72.0,17.0,1653.0,5.3,San Diego State,2014.0,,,,,,31.0,23.0,0.0,160.0,7.0,276.0,93.0,20.0,1867.0,6.8,6.0,6.0,1.0,0.0,6.0,,,,,,,,,,,,,,,San Diego State,2013.0,23.0,22.0,2.0,234.0,10.6,125.0,72.0,8.0,752.0,6.0,,,,,,,,,,,,,,,,,,,,,,,,15.8,28.0,4.0,0.0,63.0,,,,,,,,,,,,,,,,,,,,,,,,,,,,,,,,,,,,,,,,,,,,,,,,,,,,,,,,,,,,,,,,,,,,,,,,,,,,,,,,,,,,,,,,,,,,,,,,,,
2017,133,4,27,Ryan Switzer,Wide Receiver,North Carolina,ACC,Dallas,69.0,181.0,139.0,63.0,North Carolina,2016.0,,,,,,,,2.0,2.0,0.0,North Carolina,2015.0,,,,,12.6,85.0,24.0,2.0,302.0,,,,,,,,75.0,96.0,6.0,1112.0,11.6,3.0,7.0,0.0,14.0,4.7,89.0,55.0,6.0,697.0,12.7,3.0,13.0,0.0,6.0,2.0,North Carolina,2014.0,17.0,17.0,1.0,0.0,17.0,75.0,61.0,4.0,757.0,12.4,8.0,13.0,0.0,29.0,3.6,,,,,,,,,,,,,,,,,,,,North Carolina,2013.0,57.0,32.0,3.0,341.0,10.7,10.0,9.0,0.0,29.0,2.9,,,,,6.6,31.0,16.0,0.0,106.0,8.0,8.0,1.0,0.0,8.0,4.6,31.0,37.0,0.0,172.0,,,,,,,,,,20.1,86.0,25.0,5.0,502.0,,,,,,,,,,,,,,,,,,,,,,,,,,,,,,,,,,,,,,,,,,,,,,,,,,,,,,,,,,,,,,,,,,,,,,,,,,,,,,,,,,,,,,,,,,,,,
2017,134,4,28,Jamaal Williams,Running Back,BYU,FBS Independents,Green Bay,72.0,212.0,143.0,62.0,BYU,2016.0,,,,,,,,2.0,2.0,0.0,,,,,,,,,,,,,,,,,,,39.0,7.0,0.0,80.0,11.4,234.0,62.0,12.0,1375.0,5.9,,,,,,,,,,,BYU,2014.0,11.0,11.0,1.0,0.0,11.0,28.0,8.0,0.0,47.0,5.9,109.0,31.0,4.0,518.0,4.8,,,,,,,,,,,,,,,,,,,,BYU,2013.0,15.0,18.0,0.0,125.0,6.9,217.0,70.0,7.0,1233.0,5.7,,,,,,,,,,,,,,,,,,,,,,,,,,,,,,,,,,,,,,,,,,,,,,,,,,,,,,,,,,,,,,,,,,,,,,,,,,,,,,,,,,,,,,,,,,,,,,,,,,,,,,,,,,,,,,,,,,,,,,,,,,,,,,
2017,135,4,29,Joshua Dobbs,Quarterback,Tennessee,SEC,Pittsburgh,75.0,216.0,63.0,79.0,Tennessee,2016.0,,,,,,,,10.0,4.0,0.0,Tennessee,2015.0,,,,,,,,,,357.0,225.0,12.0,0.63,27.0,2946.0,8.3,,,,,,150.0,70.0,12.0,831.0,5.5,,,,,,146.0,62.0,11.0,671.0,4.6,Tennessee,2014.0,,,,,,,,,,,104.0,36.0,8.0,469.0,4.5,,,,,,344.0,205.0,5.0,0.596,15.0,2291.0,6.7,177.0,112.0,6.0,0.633,9.0,1206.0,6.8,Tennessee,2013.0,,,,,,38.0,40.0,1.0,189.0,5.0,,,,,,,,,,,,,,,,,,,,,,,,,,,,,,,,,,,,,,,,,,,,,,,,,,121.0,72.0,6.0,0.595,2.0,695.0,5.7,,,,,,,,,,,,,,,,,,,,,,,,,,,,,,,,,,,,,,,,,,,,,,,,,,,,,,,,,,,,,,,,,,,,,,
2017,137,4,31,Zach Banner,Offensive Tackle,USC,Pac-12,Indianapolis,80.0,353.0,114.0,70.0,,,,,,,,,,,,,,,,,,,,,,,,,,,,,,,,,,,,,,,,,,,,,,,,,,,,,,,,,,,,,,,,,,,,,,,,,,,,,,,,,,,,,,,,,,,,,,,,,,,,,,,,,,,,,,,,,,,,,,,,,,,,,,,,,,,,,,,,,,,,,,,,,,,,,,,,,,,,,,,,,,,,,,,,,,,,,,,,,,,,,,,,,,,,,,,,,,,,,,,,,,,,,,,,,,,,,,,,,,,,,,,,
2017,138,4,32,Ryan Glasgow,Defensive Tackle,Michigan,Big Ten,Cincinnati,75.0,302.0,132.0,66.0,Michigan,2016.0,1.0,3.0,4.0,20.0,0.0,10.0,41.0,,,,,,,,,,,,,,,,,,,,,,,,,,,,,,,,,,,,,,,,,,,,,,,,,,,,,,,,,,,,,,,,,,,,,,,,,,,,,,,,,,,,,,,,,,,,,,,,,,,,,,,,,,,,,,,,,,,,,,,,,,,,,,,,,,,,,,,,,,,,,,,,,,,,,,,,,,,,,,,,,,,,,,,,,,,,,,,,,,,,,,,,,,,,,,,,,,,,,,,,,,,,,,,,,,,,,,,
2017,139,4,33,Jehu Chesson,Wide Receiver,Michigan,Big Ten,Kansas City,75.0,204.0,159.0,59.0,Michigan,2016.0,,,,,,,,1.0,1.0,0.0,Michigan,2015.0,,,,,,,,,,,,,,,,,40.0,35.0,2.0,500.0,14.3,12.0,17.0,1.0,63.0,5.3,64.0,50.0,9.0,764.0,15.3,8.0,66.0,2.0,155.0,19.4,Michigan,2014.0,,,,,,28.0,14.0,0.0,154.0,11.0,,,,,,,,,,,,,,,,,,,,,,,,,Michigan,2013.0,58.0,15.0,1.0,221.0,14.7,2.0,2.0,0.0,1.0,0.5,,,,,,,,,,41.5,96.0,4.0,1.0,166.0,,,,,,,,,,18.0,19.0,2.0,0.0,36.0,,,,,,,,,,,,,,,,,,,,,,,,,,,,,,,,,,,,,,,,,,,,,,,,,,,,,,,,,,,,,,,,,,,,,,,,,,,,,,,,,,,,,,,,,,,,,,,,,,
2017,140,4,34,Wayne Gallman,Running Back,Clemson,ACC,New York,73.0,215.0,166.0,58.0,Clemson,2016.0,,,,,,,,2.0,2.0,0.0,Clemson,2015.0,,,,,,,,,,,,,,,,,18.0,20.0,0.0,152.0,7.6,232.0,59.0,17.0,1133.0,4.9,39.0,21.0,1.0,213.0,10.1,283.0,66.0,13.0,1527.0,5.4,Clemson,2014.0,,,,,,18.0,24.0,1.0,108.0,4.5,161.0,34.0,4.0,769.0,4.8,,,,,,,,,,,,,,,,,,,,,,,,,,,,,,,,,,,,,,,,,,,,,,,,,,,,,,,,,,,,,,,,,,,,,,,,,,,,,,,,,,,,,,,,,,,,,,,,,,,,,,,,,,,,,,,,,,,,,,,,,,,,,,,,,,,,,,,,,,,,,,,,,,,,,,,,,,,,,
2017,141,4,35,Chad Hansen,Wide Receiver,California,Pac-12,New York,74.0,202.0,163.0,58.0,California,2016.0,,,,,,,,,,,California,2015.0,,,,,,,,,,,,,,,,,70.0,92.0,11.0,1249.0,13.6,,,,,,52.0,19.0,1.0,249.0,13.1,,,,,,,,,,,,,,,,,,,,,,,,,,,,,,,,,,,,,,,,,,,,,,,,,,,,,,,,,,,,,,,,,,,,,,,,,,,,,,,,,,,,,,,,,,,,,,,,,,,,,,,,,,,,,,,,,,,,,,,,,,,,,,,,,,,,,,,,,,,,,,,,,,,,,,,,,,,,,,,,,,,,,,,,,,,,,,,,,,,
2017,142,4,36,Carlos Watkins,Defensive Tackle,Clemson,ACC,Houston,75.0,309.0,104.0,72.0,Clemson,2016.0,4.0,4.0,10.5,30.0,0.0,13.5,50.0,0.0,0.0,1.0,Clemson,2015.0,15.0,1.0,1.0,15.0,,,,,,,,,,,,,,,,,,,,,,,,,,,,,,,,,,,,,,,,,,,,,,,,,,,,,,,,,,,,,,,,,,,,,,,,,,,,,,,,,,,,,,,,,,,,,,,,,,,,,,,,,,,,,,,,,,,,,,,,,,,,,,,,,,,,,,,,,,,,,,,,,,,,,,,,,,,,,,,,,,,,,,,,,,,,,,,,,,,,,,,,,,,,,,,,,,,,,,,,,,,,,,
2017,143,4,37,Marlon Mack,Running Back,South Florida,American Athletic,Indianapolis,71.0,213.0,148.0,61.0,South Florida,2016.0,,,,,,,,4.0,3.0,0.0,South Florida,2015.0,,,,,,,,,,,,,,,,,37.0,28.0,0.0,227.0,8.1,174.0,85.0,15.0,1187.0,6.8,20.0,16.0,1.0,111.0,6.9,210.0,59.0,8.0,1381.0,6.6,South Florida,2014.0,,,,,,19.0,21.0,0.0,160.0,7.6,202.0,75.0,9.0,1041.0,5.2,,,,,,,,,,,,,,,,,,,,,,,,,,,,,,,,,,,,,,,,,,,,,,,,,,,,,,,,,,,,,,,,,,,,,,,,,,,,,,,,,,,,,,,,,,,,,,,,,,,,,,,,,,,,,,,,,,,,,,,,,,,,,,,,,,,,,,,,,,,,,,,,,,,,,,,,,,,,,
2017,145,5,1,Jake Butt,Tight End,Michigan,Big Ten,Denver,78.0,246.0,67.0,78.0,Michigan,2016.0,,,,,,,,1.0,0.0,0.0,Michigan,2015.0,,,,,,,,,,,,,,,,,37.0,46.0,4.0,546.0,11.9,,,,,,56.0,51.0,3.0,654.0,12.8,0.0,2.0,0.0,2.0,0.0,Michigan,2014.0,,,,,,29.0,21.0,2.0,211.0,10.0,,,,,,,,,,,,,,,,,,,,,,,,,Michigan,2013.0,37.0,20.0,2.0,235.0,11.8,,,,,,,,,,,,,,,,,,,,,,,,,,,,,,,,,,,,,,,,,,,,,,,,,,,,,,,,,,,,,,,,,,,,,,,,,,,,,,,,,,,,,,,,,,,,,,,,,,,,,,,,,,,,,,,,,,,,,,,,,,,,,,,,,,,
2017,146,5,2,George Kittle,Tight End,Iowa,Big Ten,San Francisco,76.0,247.0,123.0,68.0,Iowa,2016.0,,,,,,,,1.0,0.0,0.0,Iowa,2015.0,,,,,,,,,,,,,,,,,51.0,22.0,4.0,314.0,14.3,,,,,,43.0,20.0,6.0,290.0,14.5,,,,,,Iowa,2014.0,-9.0,-9.0,1.0,0.0,-9.0,25.0,1.0,0.0,25.0,25.0,,,,,,,,,,,,,,,,,,,,,,,,,Iowa,2013.0,47.0,5.0,0.0,108.0,21.6,,,,,,,,,,,,,,,2.0,2.0,1.0,0.0,2.0,,,,,,,,,,,,,,,,,,,,,,,,,,,,,,,,,,,,,,,,,,,,,,,,,,,,,,,,,,,,,,,,,,,,,,,,,,,,,,,,,,,,,,,,,,,,,,,,,,,,,,,,,,,,,,,,
2017,148,5,4,Blair Brown,Inside Linebacker,Ohio,Mid-American,Jacksonville,72.0,238.0,110.0,71.0,Ohio,2016.0,0.0,0.0,4.5,71.0,0.0,14.5,128.0,,,,,,,,,,,,,,,,,,,,,,,,,,,,,,,,,,,,,,,,,,,,,,,,,,,,,,,,,,,,,,,,,,,,,,,,,,,,,,,,,,,,,,,,,,,,,,,,,,,,,,,,,,,,,,,,,,,,,,,,,,,,,,,,,,,,,,,,,,,,,,,,,,,,,,,,,,,,,,,,,,,,,,,,,,,,,,,,,,,,,,,,,,,,,,,,,,,,,,,,,,,,,,,,,,,,,,,
2017,149,5,5,Damontae Kazee,Cornerback,San Diego State,Mountain West,Atlanta,70.0,184.0,84.0,75.0,San Diego State,2016.0,8.0,0.0,0.0,46.0,1.0,3.0,67.0,1.0,1.0,0.0,San Diego State,2015.0,7.3,8.0,1.0,58.0,14.0,66.0,5.0,1.0,70.0,,,,,,,,,,,,,,,,,,,,,,,,,,,,San Diego State,2014.0,,,,,,,,,,,,,,,,,,,,,,,,,,,,,,,,,,,San Diego State,2013.0,,,,,,,,,,,22.3,7.0,1.0,156.0,,,,,,,,,,,,,,,,0.0,1.0,0.0,0.0,,,,,,,,,,,,,,,,,,,,,,,0.0,1.0,0.0,0.0,,,,,,,,,,,,,,,,,,,,,,,,,,,,,,,,,,,,,,,,,,,,,,,,,,,,,,,,,,,,,,,,,,,,,,,,,,,,,
2017,150,5,6,Jordan Leggett,Tight End,Clemson,ACC,New York,78.0,258.0,79.0,76.0,Clemson,2016.0,,,,,,,,1.0,1.0,0.0,Clemson,2015.0,,,,,,,,,,,,,,,,,56.0,46.0,7.0,736.0,16.0,,,,,,34.0,40.0,8.0,525.0,13.1,,,,,,Clemson,2014.0,,,,,,21.0,14.0,1.0,161.0,11.5,,,,,,,,,,,,,,,,,,,,,,,,,Clemson,2013.0,44.0,12.0,2.0,176.0,14.7,,,,,,,,,,,,,,,,,,,,,,,,,,,,,6.0,8.0,2.0,0.0,12.0,,,,,,,,,,,,,,,,,,,,,,,,,,,,,,,,,,,,,,,,,,,,,,,,,,,,,,,,,,,,,,,,,,,,,,,,,,,,,,,,,,,,,,,,,,,,,,,,,,
2017,151,5,7,Desmond King,Cornerback,Iowa,Big Ten,Los Angeles,70.0,201.0,77.0,76.0,Iowa,2016.0,7.0,0.0,0.0,42.0,1.0,3.5,58.0,1.0,0.0,1.0,Iowa,2015.0,14.8,8.0,1.0,118.0,14.2,38.0,17.0,0.0,241.0,,,,,,,,,,,,,,,,,,,,,,,,,,,,Iowa,2014.0,,,,,,,,,,,,,,,,27.8,77.0,27.0,0.0,750.0,,,,,,,,,,,,,,,,,,,,,,,,,,,13.7,3.0,1.0,41.0,10.2,44.0,26.0,0.0,264.0,24.4,58.0,29.0,0.0,708.0,-0.5,0.0,2.0,0.0,-1.0,24.0,3.0,1.0,72.0,,,,,,,,,,,,,,,,,,,,,,,,,,,,,,,,,,,,,,,,,,,,,,,,,,,,,,,,,,,,,,,,,,,,,,,,,,,,,,,,,,,,,,,,,,,,,,,,,,,,,,,
2017,152,5,8,Corn Elder,Cornerback,Miami,ACC,Carolina,70.0,183.0,137.0,64.0,Miami,2016.0,12.0,1.0,3.0,55.0,0.0,4.5,76.0,0.0,0.0,1.0,Miami,2015.0,23.5,2.0,0.0,47.0,13.8,72.0,11.0,1.0,152.0,,,,,,,,,,,,,,,,,,,,,,,,,,,,,,,,,,,,,,,,,,,,,,,,,,,,,,,,,,,,,,,,Miami,2013.0,,,,,,,,,,,2.0,1.0,0.0,2.0,,,,,,21.1,91.0,8.0,1.0,169.0,,,,,,,,,,23.4,39.0,7.0,0.0,164.0,0.0,0.0,1.0,0.0,0.0,,,,,,,,,,,,,,,,,,,,,,,,,,,,,,,,,,,,,,,,,,,,,,,,,,,,,,,,,,,,,,,,,,,,,,,,,,,,,,,,,,,,,,,,,,,,,
2017,153,5,9,Jake Elliott,Place Kicker,Memphis,American Athletic,Cincinnati,69.0,167.0,329.0,32.0,Memphis,2016.0,,,,,,,,,,,Memphis,2015.0,,,,,,,,,,,,,,,,,,,,,,,,,,,,,,,,,,,,,Memphis,2014.0,,,,,,,,,,,,,,,,,,,,,,,,,,,,,,,,,,,Memphis,2013.0,,,,,,,,,,,,,,,,,,,,,,,,,,,,,,,,,,,,,,,,,,,,,,,,,,,,,,,,,,,,,,,,,,,26.0,21.0,50.0,0.808,121.0,58.0,58.0,28.0,23.0,53.0,0.821,132.0,63.0,63.0,32.0,21.0,54.0,0.656,120.0,57.0,57.0,18.0,16.0,56.0,0.889,72.0,24.0,24.0,,,,,,,,,,,,,,,,,,,,,,,,,,,,,,,,,,,,,,,,,,
2017,154,5,10,Jeremy Sprinkle,Tight End,Arkansas,SEC,Washington,77.0,252.0,170.0,58.0,Arkansas,2016.0,,,,,,,,,,,Arkansas,2015.0,,,,,,,,,,,,,,,,,31.0,33.0,4.0,380.0,11.5,,,,,,42.0,27.0,6.0,389.0,14.4,1.0,4.0,0.0,4.0,4.0,Arkansas,2014.0,,,,,,17.0,7.0,1.0,84.0,12.0,,,,,,,,,,,,,,,,,,,,,,,,,Arkansas,2013.0,44.0,4.0,0.0,68.0,17.0,1.0,1.0,0.0,1.0,1.0,,,,,,,,,,,,,,,,,,,,,,,,,,,,,,,,,,,,,,,,,,,,,,,,,,,,,,,,,,,,,,,,,,,,,,,,,,,,,,,,,,,,,,,,,,,,,,,,,,,,,,,,,,,,,,,,,,,,,,,,,,,,,,
2017,155,5,11,Jayon Brown,Outside Linebacker,UCLA,Pac-12,Tennessee,72.0,231.0,,30.0,UCLA,2016.0,6.0,1.0,2.5,69.0,0.0,7.0,119.0,0.0,0.0,2.0,,,,,,,,,,,,,,,,,,,,,,,,,,,,,,,,,,,,,,,,,,,,,,,,,,,,,,,,,,,,,,,,,,,,,,,,,,,,,,,,,,,,,,,10.7,3.0,0.0,32.0,,,,,,,,,,,,,,,,,,,,,,,,,,,,,,,,,,,,,,,,,,,,,,,,,,,,,,,,,,,,,,,,,,,,,,,,,,,,,,,,,,,,,,,,,,,,,,,,,,,,,,,,,,,,,,,,,,,,,,,,,,
2017,156,5,12,Brian Hill,Running Back,Wyoming,Mountain West,Atlanta,73.0,219.0,189.0,52.0,Wyoming,2016.0,,,,,,,,1.0,0.0,0.0,Wyoming,2015.0,,,,,,,,,,,,,,,,,19.0,8.0,0.0,67.0,8.4,349.0,66.0,22.0,1860.0,5.3,21.0,20.0,0.0,132.0,6.6,281.0,72.0,6.0,1631.0,5.8,Wyoming,2014.0,,,,,,40.0,13.0,0.0,204.0,15.7,145.0,89.0,7.0,796.0,5.5,27.0,27.0,1.0,0.0,27.0,,,,,,,,,,,,,,,,,,,,,,,,,,,,,,,,,,,,,,,,,,,,,,,,,,,,,,,,,,,,,,,,,,,,,,,,,,,,,,,,,,,,,,,,,,,,,,,,,,,,,,,,,,,,,,,,,,,,,,,,,,,,,,,,,,,,,,,,,,,,,,,,,,,,,,,,
2017,158,5,14,Nate Hairston,Cornerback,Temple,American Athletic,Indianapolis,72.0,196.0,144.0,62.0,Temple,2016.0,3.0,0.0,0.0,23.0,0.0,3.0,27.0,,,,,,,,,,,,,,,,,,,,,,,,,,,,,,,,,,,,,,,,,,,,,,,,,,,,,,,,,,,12.0,12.0,1.0,0.0,12.0,,,,,,,,,,,,,,,,,,,,,,,,,,,14.5,2.0,0.0,29.0,,,,,,,,,,,,,,,,,,,,,,,,,,,,,,,,,,,,,,,,,,,,,,,,,,,,,,,,,,,,,,,,,,,,,,,,,,,,,,,,,,,,,,,,,,,,,,,,,,,,,,,,,,,,,,,,,,,,,,,,,,
2017,162,5,18,Jeremy McNichols,Running Back,Boise State,Mountain West,Tampa Bay,69.0,214.0,153.0,60.0,Boise State,2016.0,,,,,,,,5.0,2.0,0.0,Boise State,2015.0,,,,,,,,,,,,,,,,,76.0,37.0,4.0,474.0,12.8,314.0,80.0,23.0,1709.0,5.4,40.0,51.0,6.0,460.0,9.0,240.0,88.0,20.0,1337.0,5.6,Boise State,2014.0,19.7,30.0,20.0,0.0,393.0,41.0,15.0,1.0,155.0,10.3,17.0,28.0,1.0,159.0,9.4,18.0,21.0,4.0,0.0,72.0,,,,,,,,,,,,,,,,,,,,,,,,,,,,,,,,,,,,17.8,29.0,5.0,0.0,89.0,,,,,,,,,,,,,,,,,,,,,,,,,,,,,,,,,,,,,,,,,,,,,,,,,,,,,,,,,,,,,,,,,,,,,,,,,,,,,,,,,,,,,,,,,,,,,,,,,,,,,,,,,,,,,,,,
2017,163,5,19,Matt Milano,Outside Linebacker,Boston College,ACC,Buffalo,73.0,223.0,229.0,45.0,Boston College,2016.0,2.0,1.0,6.5,42.0,1.0,12.0,59.0,0.0,0.0,2.0,,,,,,,,,,,,,,,,,,,,,,,,,,,,,,,,,,,,,,,,,,,,,,,,,,,,,,,,,,,,,,,,,,,,,,,,,,,,,,,,,,,,,,,19.0,1.0,1.0,19.0,,,,,,,,,,,,,,,,,,,,,,,,,,,,,,,,,,,,,,,,,,,,,,,,,,,,,,,,,,,,,,,,,,,,,,,,,,,,,,,,,,,,,,,,,,,,,,,,,,,,,,,,,,,,,,,,,,,,,,,,,,
2017,164,5,20,Isaac Asiata,Offensive Guard,Utah,Pac-12,Miami,75.0,323.0,129.0,67.0,,,,,,,,,,,,,,,,,,,,,,,,,,,,,,,,,,,,,,,,,,,,,,,,,,,,,,,,,,,,,,,,,,,,,,,,,,,,,,,,,,,,,,,,,,,,,,,,,,,,,,,,,,,,,,,,,,,,,,,,,,,,,,,,,,,,,,,,,,,,,,,,,,,,,,,,,,,,,,,,,,,,,,,,,,,,,,,,,,,,,,,,,,,,,,,,,,,,,,,,,,,,,,,,,,,,,,,,,,,,,,,,
2017,166,5,22,Shelton Gibson,Wide Receiver,West Virginia,Big 12,Philadelphia,71.0,191.0,142.0,62.0,West Virginia,2016.0,,,,,,,,,,,West Virginia,2015.0,,,,,,,,,,,,,,,,,71.0,43.0,8.0,951.0,22.1,2.0,25.0,0.0,29.0,14.5,70.0,37.0,9.0,887.0,24.0,,,,,,West Virginia,2014.0,19.2,42.0,13.0,0.0,250.0,47.0,4.0,0.0,60.0,15.0,,,,,,21.8,51.0,29.0,0.0,633.0,,,,,,,,,,,,,,,,,,,,,,,,,,,,,,,,,,,,32.8,100.0,11.0,1.0,361.0,,,,,,,,,,,,,,,,,,,,,,,,,,,,,,,,,,,,,,,,,,,,,,,,,,,,,,,,,,,,,,,,,,,,,,,,,,,,,,,,,,,,,,,,,,,,,,,,,,,,,,,,,,,,,,,,
2017,167,5,23,Avery Moss,Defensive End,Youngstown State,MVFC,New York,75.0,264.0,241.0,43.0,,,,,,,,,,,,,,,,,,,,,,,,,,,,,,,,,,,,,,,,,,,,,,,,,,,,,,,,,,,,,,,,,,,,,,,,,,,,,,,,,,,,,,,Nebraska,2013.0,,,,,,,,,,,,,,,,,,,,,,,,,,,,,,,,,,,,,,,,,,,,,,,,,,,,,,,,25.0,1.0,1.0,25.0,,,,,,,,,,,,,,,,,,,,,,,,,,,,,,,,,,,,,,,,,,,,,,,,,,,,,,,,,,,,,,,,,,,,,,,,,,,,,
2017,168,5,24,Marquel Lee,Outside Linebacker,Wake Forest,ACC,Las Vegas,75.0,240.0,268.0,39.0,Wake Forest,2016.0,0.0,4.0,7.5,63.0,0.0,20.0,105.0,,,,,,,,,,,,,,,,,,,,,,,,,,,,,,,,,,,,,,,,,,,,,,,,,,,,,,,,,,,,,,,,,,,,,,,,,,,,,,,,,,,,,,,,,,,,,,,,,,,,,,,,,,,,,,,,,,,,,,,,,,,,,,,,,,,,,,,,,,,,,,,,,,,,,,,,,,,,,,,,,,,,,,,,,,,,,,,,,,,,,,,,,,,,,,,,,,,,,,,,,,,,,,,,,,,,,,,
2017,169,5,25,Treston Decoud,Cornerback,Oregon State,Pac-12,Houston,74.0,206.0,245.0,43.0,Oregon State,2016.0,10.0,0.0,0.0,46.0,0.0,2.0,58.0,,,,,,,,,,,,,,,,,,,,,,,,,,,,,,,,,,,,,,,,,,,,,,,,,,,,,,,,,,,,,,,,,,,,,,,,,,,,,,,,,,,,,,,,,,44.0,2.0,0.0,88.0,,,,,,,,,,,,,,,,,,,,,,,,,,,,,,,,,,,,,,,,,,,,,,,,,,,,,,,,,,,,,,,,,,,,,,,,,,,,,,,,,,,,,,,,,,,,,,,,,,,,,,,,,,,,,,,,,,,,,,,,,,
2017,170,5,27,Rodney Adams,Wide Receiver,South Florida,American Athletic,Minnesota,73.0,189.0,303.0,35.0,South Florida,2016.0,,,,,,,,6.0,3.0,0.0,South Florida,2015.0,,,,,,,,,,,,,,,,,84.0,67.0,5.0,822.0,12.3,23.0,92.0,5.0,231.0,10.0,68.0,45.0,9.0,822.0,18.3,10.0,34.0,1.0,81.0,8.1,South Florida,2014.0,17.3,37.0,7.0,0.0,121.0,67.0,23.0,2.0,323.0,14.0,5.0,26.0,1.0,52.0,10.4,24.3,52.0,22.0,0.0,534.0,,,,,,,,,,,,,,,Toledo,2013.0,10.0,2.0,0.0,15.0,7.5,1.0,5.0,0.0,5.0,5.0,,,,,,,,,,27.4,97.0,17.0,1.0,466.0,,,,,,,,,,8.5,9.0,2.0,0.0,17.0,,,,,,,,,,,,,,,,,,,,,,,,,,,,,,,,,,,,,,,,,,,,,,,,,,,,,,,,,,,,,,,,,,,,,,,,,,,,,,,,,,,,,,,,,,,,,,,,,,
2017,171,5,28,Nathan Peterman,Quarterback,Pittsburgh,ACC,Buffalo,75.0,226.0,69.0,77.0,Pittsburgh,2016.0,,,,,,,,7.0,4.0,0.0,Pittsburgh,2015.0,,,,,,,,,,306.0,185.0,7.0,0.605,27.0,2855.0,9.3,,,,,,72.0,42.0,3.0,286.0,4.0,,,,,,86.0,28.0,1.0,233.0,2.7,Tennessee,2014.0,,,,,,,,,,,9.0,14.0,1.0,13.0,1.4,,,,,,314.0,193.0,8.0,0.615,20.0,2287.0,7.3,20.0,10.0,0.0,0.5,0.0,49.0,2.5,Tennessee,2013.0,,,,,,6.0,8.0,0.0,-6.0,-1.0,,,,,,,,,,,,,,,,,,,,,,,,,,,,,,,,,,,,,,,,,,,,,,,,,,23.0,10.0,2.0,0.435,0.0,45.0,2.0,,,,,,,,,,,,,,,,,,,,,,,,,,,,,,,,,,,,,,,,,,,,,,,,,,,,,,,,,,,,,,,,,,,,,,
2017,172,5,29,Isaiah McKenzie,Wide Receiver,Georgia,SEC,Denver,68.0,173.0,152.0,60.0,Georgia,2016.0,,,,,,,,4.0,2.0,0.0,Georgia,2015.0,,,,,12.8,77.0,17.0,2.0,217.0,,,,,,,,77.0,44.0,7.0,633.0,14.4,19.0,55.0,2.0,134.0,7.1,30.0,10.0,0.0,123.0,12.3,11.0,26.0,2.0,117.0,10.6,Georgia,2014.0,28.1,90.0,11.0,1.0,309.0,36.0,6.0,0.0,67.0,11.2,7.0,49.0,0.0,78.0,11.1,12.0,24.0,2.0,0.0,24.0,,,,,,,,,,,,,,,,,,,,,,,,,,,,,,,9.8,82.0,25.0,1.0,245.0,10.5,18.0,4.0,0.0,42.0,11.5,59.0,20.0,2.0,230.0,,,,,,,,,,,,,,,,,,,,,,,,,,,,,,,,,,,,,,,,,,,,,,,,,,,,,,,,,,,,,,,,,,,,,,,,,,,,,,,,,,,,,,,,,,,,,,,,,,,,,,,,,,,
2017,173,5,30,Brian Allen,Cornerback,Utah,Pac-12,Pittsburgh,75.0,215.0,179.0,55.0,Utah,2016.0,6.0,0.0,1.0,27.0,0.0,4.5,35.0,,,,Utah,2015.0,0.0,1.0,0.0,0.0,,,,,,,,,,,,,,,,,,,,,,,,,,,,,,,,,,,,,,,,,,,,,,,,,,,,,,,,,,,,,,,,,,,,,,,,,,,,,,,,,0.0,4.0,0.0,0.0,,,,,,,,,,,,,,,,,,,,,,,,,,,,,,,,,,,,,,,,,,,,,,,,,,,,,,,,,,,,,,,,,,,,,,,,,,,,,,,,,,,,,,,,,,,,,,,,,,,,,,,,,,,,,,,,,,,,,,,,,,
2017,177,5,34,Trent Taylor,Wide Receiver,Louisiana Tech,Conference USA,San Francisco,68.0,181.0,266.0,40.0,Louisiana Tech,2016.0,,,,,,,,3.0,2.0,0.0,Louisiana Tech,2015.0,,,,,5.9,26.0,14.0,0.0,83.0,,,,,,,,76.0,136.0,12.0,1803.0,13.3,,,,,,63.0,99.0,9.0,1282.0,12.9,,,,,,Louisiana Tech,2014.0,,,,,,40.0,64.0,9.0,834.0,13.0,,,,,,16.0,16.0,1.0,0.0,16.0,,,,,,,,,,,,,,,Louisiana Tech,2013.0,36.0,28.0,2.0,260.0,9.3,,,,,,,,,,10.5,32.0,17.0,0.0,178.0,0.0,0.0,1.0,0.0,0.0,7.3,22.0,23.0,0.0,168.0,,,,,,,,,,7.6,24.0,7.0,0.0,53.0,,,,,,,,,,,,,,,,,,,,,,,,,,,,,,,,,,,,,,,,,,,,,,,,,,,,,,,,,,,,,,,,,,,,,,,,,,,,,,,,,,,,,,,,,,,,,
2017,178,5,35,Davon Godchaux,Defensive Tackle,LSU,SEC,Miami,75.0,310.0,,30.0,LSU,2016.0,1.0,3.0,6.5,24.0,0.0,8.5,62.0,0.0,0.0,2.0,,,,,,,,,,,,,,,,,,,,,,,,,,,,,,,,,,,,,,,,,,,,,,,,,,,,,,,,,,,,,,,,,,,,,,,,,,,,,,,,,,,,,,,,,,,,,,,,,,,,,,,,,,,,,,,,,,,,,,,,,,,,,,,,,,,,,,,,,,,,,,,,,,,,,,,,,,,,,,,,,,,,,,,,,,,,,,,,,,,,,,,,,,,,,,,,,,,,,,,,,,,,,,,,,,,,
2017,179,5,36,T.J. Logan,Running Back,North Carolina,ACC,Arizona,70.0,196.0,158.0,59.0,North Carolina,2016.0,,,,,,,,2.0,1.0,0.0,North Carolina,2015.0,,,,,,,,,,,,,,,,,46.0,29.0,3.0,244.0,8.4,120.0,35.0,7.0,650.0,5.4,49.0,11.0,1.0,151.0,13.7,66.0,42.0,5.0,400.0,6.1,North Carolina,2014.0,25.3,74.0,16.0,0.0,405.0,22.0,26.0,0.0,144.0,5.5,119.0,47.0,3.0,582.0,4.9,32.9,100.0,21.0,2.0,690.0,,,,,,,,,,,,,,,North Carolina,2013.0,35.0,10.0,0.0,124.0,12.4,93.0,63.0,4.0,533.0,5.7,,,,,,,,,,23.4,39.0,21.0,0.0,492.0,,,,,,,,,,26.9,99.0,19.0,2.0,511.0,,,,,,,,,,,,,,,,,,,,,,,,,,,,,,,,,,,,,,,,,,,,,,,,,,,,,,,,,,,,,,,,,,,,,,,,,,,,,,,,,,,,,,,,,,,,,,,,,,
2017,180,5,37,Danny Isidora,Offensive Guard,Miami,ACC,Minnesota,75.0,306.0,214.0,48.0,,,,,,,,,,,,,,,,,,,,,,,,,,,,,,,,,,,,,,,,,,,,,,,,,,,,,,,,,,,,,,,,,,,,,,,,,,,,,,,,,,,,,,,,,,,,,,,,,,,,,,,,,,,,,,,,,,,,,,,,,,,,,,,,,,,,,,,,,,,,,,,,,,,,,,,,,,,,,,,,,,,,,,,,,,,,,,,,,,,,,,,,,,,,,,,,,,,,,,,,,,,,,,,,,,,,,,,,,,,,,,,,
2017,182,5,39,Aaron Jones,Running Back,UTEP,Conference USA,Green Bay,70.0,208.0,300.0,36.0,UTEP,2016.0,,,,,,,,3.0,0.0,0.0,UTEP,2015.0,,,,,,,,,,,,,,,,,42.0,28.0,3.0,233.0,8.3,229.0,83.0,17.0,1773.0,7.7,36.0,9.0,1.0,106.0,11.8,32.0,91.0,1.0,209.0,6.5,UTEP,2014.0,,,,,,72.0,30.0,3.0,293.0,9.8,242.0,73.0,11.0,1321.0,5.5,,,,,,,,,,,,,,,,,,,,UTEP,2013.0,6.0,4.0,0.0,14.0,3.5,155.0,81.0,4.0,811.0,5.2,,,,,,,,,,,,,,,,,,,,,,,,,,,,,,,,,,,,,,,,,,,,,,,,,,,,,,,,,,,,,,,,,,,,,,,,,,,,,,,,,,,,,,,,,,,,,,,,,,,,,,,,,,,,,,,,,,,,,,,,,,,,,,
2017,183,5,40,Ukeme Eligwe,Inside Linebacker,Georgia Southern,Sun Belt,Kansas City,74.0,234.0,225.0,46.0,Georgia Southern,2016.0,3.0,3.0,2.5,65.0,0.0,8.5,104.0,0.0,0.0,1.0,,,,,,,,,,,,,,,,,,,,,,,,,,,,,,,,,,,,,,,,,,,,,,,,,,,,,,,,,,,,,,,,,,,,,,,,,,,,,,,,,,,,,,,6.0,1.0,0.0,6.0,,,,,,,,,,,,,,,,,,,,,,,,,,,,,,,,,,,,,,,,,,,,,,,,,,,,,,,,,,,,,,,,,,,,,,,,,,,,,,,,,,,,,,,,,,,,,,,,,,,,,,,,,,,,,,,,,,,,,,,,,,
2017,184,5,41,Nathan Gerry,Safety,Nebraska,Big Ten,Philadelphia,74.0,218.0,192.0,51.0,Nebraska,2016.0,8.0,1.0,0.5,47.0,0.0,6.5,74.0,,,,Nebraska,2015.0,22.5,4.0,0.0,90.0,,,,,,,,,,,,,,,,,,,,,,,,,,,,,,,,,Nebraska,2014.0,,,,,,,,,,,,,,,,,,,,,,,,,,,,,,,,,,,,,,,,,,,,,,,4.5,4.0,0.0,18.0,,,,,,,,,,,,,,,,18.4,5.0,0.0,92.0,,,,,,,,,,,,,,,,,,,,,,,,,,,,,,,,,,,,,,,,,,,,,,,,,,,,,,,,,,,,,,,,,,,,,,,,,,,,,,,,,,,,,,,,,,,,,,,,,,,,,,,
2017,185,6,1,Caleb Brantley,Defensive Tackle,Florida,SEC,Cleveland,75.0,307.0,,33.0,Florida,2016.0,0.0,3.0,2.5,16.0,0.0,9.5,31.0,,,,,,,,,,,,,,,,,,,,,,,,,,,,,,,,,,,,,,,,,,,,,,,,,,,,,,,,,,,,,,,,,,,,,,,,,,,,,,,,,,,,,,,,,,,,,,,,,,,,,,,,,,,,,,,,,,,,,,,,,,,,,,,,,,,,,,,,,,,,,,,,,,,,,,,,,,,,,,,,,,,,,,,,,,,,,,,,,,,,,,,,,,,,,,,,,,,,,,,,,,,,,,,,,,,,,,,
2017,186,6,2,Chuck Clark,Safety,Virginia Tech,ACC,Baltimore,72.0,208.0,288.0,37.0,Virginia Tech,2016.0,2.0,0.0,0.0,50.0,0.0,2.5,93.0,,,,Virginia Tech,2015.0,0.0,1.0,0.0,0.0,,,,,,,,,,,,,,,,,,,,,,,,,,,,,,,,,Virginia Tech,2014.0,,,,,,,,,,,,,,,,,,,,,,,,,,,,,,,,,,,,,,,,,,,,,,,,,,,,,,,,,,,,,,,,,,13.0,1.0,0.0,13.0,,,,,,,,,,,,,,,,,,,,,,,,,,,,,,,,,,,,,,,,,,,,,,,,,,,,,,,,,,,,,,,,,,,,,,,,,,,,,,,,,,,,,,,,,,,,,,,,,,,,,,,
2017,187,6,3,Mike Tyson,Safety,Cincinnati,American Athletic,Seattle,73.0,204.0,243.0,43.0,Cincinnati,2016.0,5.0,0.0,0.0,29.0,0.0,4.5,46.0,,,,,,,,,,,,,,,,,,,,,,,,,,,,,,,,,,,,,,,,,,,,,,,,,,,,,,,,,,,,,,,,,,,,,,,,,,,,,,Cincinnati,2013.0,,,,,,,,,,,6.2,5.0,0.0,31.0,,,,,,,,,,,,,,,,,,,,,,,,,,,,,,,,,,,,,,,,,,51.5,2.0,0.0,103.0,,,,,,,,,,,,,,,,,,,,,,,,,,,,,,,,,,,,,,,,,,,,,,,,,,,,,,,,,,,,,,,,,,,,,,,,,,,,,
2017,188,6,4,Elijah McGuire,Running Back,Louisiana,Sun Belt,New York,70.0,214.0,196.0,50.0,Louisiana,2016.0,,,,,,,,1.0,1.0,0.0,Louisiana,2015.0,,,,,8.0,37.0,10.0,0.0,80.0,,,,,,,,28.0,29.0,2.0,238.0,8.2,232.0,68.0,7.0,1127.0,4.9,49.0,33.0,3.0,293.0,8.9,210.0,88.0,13.0,1058.0,5.0,Louisiana,2014.0,,,,,,62.0,45.0,2.0,468.0,10.4,166.0,75.0,14.0,1264.0,7.6,,,,,,,,,,,,,,,,,,,,Louisiana,2013.0,80.0,22.0,3.0,384.0,17.5,103.0,70.0,8.0,863.0,8.4,,,,,7.8,25.0,4.0,0.0,31.0,,,,,,7.7,26.0,15.0,0.0,116.0,,,,,15.3,22.0,3.0,0.0,46.0,,,,,,,,,,,,,,,,,,,,,,,,,,,,,,,,,,,,,,,,,,,,,,,,,,,,,,,,,,,,,,,,,,,,,,,,,,,,,,,,,,,,,,,,,,,,,,,,,,
2017,189,6,5,Tanzel Smart,Defensive Tackle,Tulane,American Athletic,Los Angeles,73.0,296.0,146.0,62.0,Tulane,2016.0,0.0,2.0,5.5,34.0,0.0,19.0,68.0,0.0,0.0,1.0,,,,,,,,,,,,,,,,,,,,,,,,,,,,,,,,,,,,,,,,,,,,,,,,,,,,,,,,,,,,,,,,,,,,,,,,,,,,,,,,,,,,,,,,,,,,,,,,,,,,,,,,,,,,,,,,,,,,,,,,,,,,,,,,,,,,,,,,,,,,,,,,,,,,,,,,,,,,,,,,,,,,,,,,,,,,,,,,,,,,,,,,,,,,,,,,,,,,,,,,,,,,,,,,,,,,
2017,191,6,7,Xavier Woods,Safety,Louisiana Tech,Conference USA,Dallas,71.0,197.0,,30.0,Louisiana Tech,2016.0,6.0,1.0,3.0,60.0,0.0,6.5,89.0,,,,Louisiana Tech,2015.0,9.7,3.0,0.0,29.0,,,,,,,,,,,,,,,,,,,,,,,,,,,,,,,,,Louisiana Tech,2014.0,,,,,,,,,,,,,,,,,,,,,,,,,,,,,,,,,,,,,,,,,,,,,,,9.0,5.0,0.0,45.0,,,,,,,,,,,,,,,,29.0,6.0,2.0,174.0,,,,,,,,,,,,,,,,,,,,,,,,,,,,,,,,,,,,,,,,,,,,,,,,,,,,,,,,,,,,,,,,,,,,,,,,,,,,,,,,,,,,,,,,,,,,,,,,,,,,,,,
2017,193,6,9,Jordan Evans,Inside Linebacker,Oklahoma,Big 12,Cincinnati,75.0,232.0,,30.0,Oklahoma,2016.0,8.0,3.0,2.5,55.0,2.0,10.0,98.0,0.0,0.0,1.0,,,,,,,,,,,,,,,,,,,,,,,,,,,,,,,,,,,,,,,Oklahoma,2014.0,,,,,,,,,,,,,,,,,,,,,,,,,,,,,,,,,,,,,,,,,,,,,,,36.3,4.0,2.0,145.0,,,,,,,,,,,,,,,,0.0,1.0,0.0,0.0,,,,,,,,,,,,,,,,,,,,,,,,,,,,,,,,,,,,,,,,,,,,,,,,,,,,,,,,,,,,,,,,,,,,,,,,,,,,,,,,,,,,,,,,,,,,,,,,,,,,,,,
2017,194,6,10,Vincent Taylor,Defensive Tackle,Oklahoma State,Big 12,Miami,75.0,304.0,151.0,60.0,Oklahoma State,2016.0,1.0,2.0,7.0,29.0,0.0,12.5,51.0,0.0,0.0,2.0,,,,,,,,,,,,,,,,,,,,,,,,,,,,,,,,,,,,,,,,,,,,,,,,,,,,,,,,,,,,,,,,,,,,,,,,,,,,,,,,,,,,,,,,,,,,,,,,,,,,,,,,,,,,,,,,,,,,,,,,,,,,,,,,,,,,,,,,,,,,,,,,,,,,,,,,,,,,,,,,,,,,,,,,,,,,,,,,,,,,,,,,,,,,,,,,,,,,,,,,,,,,,,,,,,,,
2017,195,6,11,Tanner Vallejo,Outside Linebacker,Boise State,Mountain West,Buffalo,73.0,228.0,255.0,41.0,Boise State,2016.0,0.0,1.0,1.0,39.0,0.0,6.0,69.0,,,,,,,,,,,,,,,,,,,,,,,,,,,,,,,,,,,,,,,,,,Boise State,2014.0,,,,,,,,,,,,,,,,,,,,,,,,,,,,,,,,,,,,,,,,,,,,,,,,,,,,,,,,,,,,,,,,,,63.0,1.0,1.0,63.0,,,,,,,,,,,,,,,,,,,,,,,,,,,,,,,,,,,,,,,,,,,,,,,,,,,,,,,,,,,,,,,,,,,,,,,,,,,,,,,,,,,,,,,,,,,,,,,,,,,,,,,
2017,197,6,13,Jeremy Clark,Cornerback,Michigan,Big Ten,New York,75.0,220.0,337.0,31.0,Michigan,2016.0,2.0,0.0,0.0,7.0,0.0,0.0,11.0,,,,Michigan,2015.0,6.7,3.0,0.0,20.0,,,,,,,,,,,,,,,,,,,,,,,,,,,,,,,,,,,,,,,,,,,,,,,,,,,,,,,,,,,,,,,,,,,,,,,,,,,,,,,,,,,,,,,,,,,,,,,,,,,,,,,,,,,,,,,,,,,,,,,,,,,,,,,,,,,,,,,,,,,,,,,,,,,,,,,,,,,,,,,,,,,,,,,,,,,,,,,,,,,,,,,,,,,,,,,,,,,,,,,,,,,,,,
2017,198,6,14,D.J. Jones,Defensive Tackle,Ole Miss,SEC,San Francisco,73.0,319.0,162.0,59.0,Ole Miss,2016.0,0.0,3.0,2.0,11.0,0.0,3.0,30.0,0.0,0.0,1.0,,,,,,,,,,,,,,,,,,,,,,,,,,,,,,,,,,,,,,,,,,,,,,,,,,,,,,,,,,,,,,,,,,,,,,,,,,,,,,,,,,,,,,,0.0,1.0,0.0,0.0,,,,,,,,,,,,,,,,,,,,,,,,,,,,,,,,,,,,,,,,,,,,,,,,,,,,,,,,,,,,,,,,,,,,,,,,,,,,,,,,,,,,,,,,,,,,,,,,,,,,,,,,,,,,,,,,,,,,,,,,,,
2017,201,6,17,Bucky Hodges,Tight End,Virginia Tech,ACC,Minnesota,78.0,257.0,107.0,72.0,Virginia Tech,2016.0,,,,,,,,1.0,1.0,0.0,Virginia Tech,2015.0,,,,,,,,,,,,,,,,,42.0,48.0,7.0,691.0,14.4,9.0,15.0,0.0,42.0,4.7,46.0,40.0,6.0,530.0,13.3,5.0,16.0,1.0,27.0,5.4,Virginia Tech,2014.0,,,,,,50.0,45.0,7.0,526.0,11.7,7.0,5.0,0.0,20.0,2.9,,,,,,,,,,,,,,,,,,,,,,,,,,,,,,,,,,,,,,,,,,,,,,0.0,0.0,1.0,1.0,0.0,,,,,,,,,,,,,,,,,,,,,,,,,,,,,,,,,,,,,,,,,,,,,,,,,,,,,,,,,,,,,,,,,,,,,,,,,,,,,,,,,,,,,,,,,,,,,,,,,,,,,,,,,,,
2017,202,6,18,Pita Taumoepenu,Defensive End,Utah,Pac-12,San Francisco,73.0,243.0,314.0,34.0,Utah,2016.0,0.0,4.0,9.0,27.0,0.0,12.0,41.0,0.0,0.0,1.0,,,,,,,,,,,,,,,,,,,,,,,,,,,,,,,,,,,,,,,,,,,,,,,,,,,,,,,,,,,,,,,,,,,,,,,,,,,,,,,,,,,,,,,,,,,,,,,,,,,,,,,,,,,,,,,,,,,,,,,,,,,,,,,,,,,,,,,,,,,,,,,,,,,,,,,,,,,,,,,,,,,,,,,,,,,,,,,,,,,,,,,,,,,,,,,,,,,,,,,,,,,,,,,,,,,,
2017,204,6,20,Derrick Jones,Cornerback,Ole Miss,SEC,New York,74.0,189.0,,30.0,Ole Miss,2016.0,3.0,0.0,0.0,15.0,1.0,1.5,21.0,,,,,,,,,,,,,,,,,,,,,,,,,,,,,,,,,,,,,,,,,,,,,,,,,,,,,,,,,,,,,,,,,,,,,,,,,,,,,,,,,,,,,,,,,,27.0,2.0,1.0,54.0,,,,,,,,,,,,,,,,,,,,,,,,,,,,,,,,,,,,,,,,,,,,,,,,,,,,,,,,,,,,,,,,,,,,,,,,,,,,,,,,,,,,,,,,,,,,,,,,,,,,,,,,,,,,,,,,,,,,,,,,,,
2017,205,6,21,Jeremiah Ledbetter,Defensive End,Arkansas,SEC,Detroit,75.0,280.0,167.0,58.0,Arkansas,2016.0,2.0,1.0,5.5,17.0,0.0,7.5,49.0,,,,,,,,,,,,,,,,,,,,,,,,,,,,,,,,,,,,,,,,,,,,,,,,,,,,,,,,,,,,,,,,,,,,,,,,,,,,,,,,,,,,,,,,,,,,,,,,,,,,,,,,,,,,,,,,,,,,,,,,,,,,,,,,,,,,,,,,,,,,,,,,,,,,,,,,,,,,,,,,,,,,,,,,,,,,,,,,,,,,,,,,,,,,,,,,,,,,,,,,,,,,,,,,,,,,,,,
2017,206,6,22,Sam Rogers,Fullback,Virginia Tech,ACC,Los Angeles,70.0,231.0,291.0,37.0,Virginia Tech,2016.0,,,,,,,,,,,Virginia Tech,2015.0,,,,,,,,,,,,,,,,,52.0,24.0,4.0,301.0,12.5,67.0,32.0,2.0,283.0,4.2,51.0,16.0,2.0,193.0,12.1,61.0,29.0,2.0,260.0,4.3,Virginia Tech,2014.0,,,,,,26.0,20.0,1.0,230.0,11.5,32.0,17.0,0.0,140.0,4.4,15.0,15.0,1.0,0.0,15.0,,,,,,,,,,,,,,,Virginia Tech,2013.0,18.0,12.0,0.0,78.0,6.5,5.0,3.0,0.0,9.0,1.8,,,,,,,,,,,,,,,,,,,,,,,,16.0,16.0,1.0,0.0,16.0,,,,,,,,,,,,,,,,,,,,,,,,,,,,,,,,,,,,,,,,,,,,,,,,,,,,,,,,,,,,,,,,,,,,,,,,,,,,,,,,,,,,,,,,,,,,,,,,,,
2017,207,6,23,Brandon Wilson,Cornerback,Houston,American Athletic,Cincinnati,70.0,198.0,,30.0,Houston,2016.0,5.0,0.0,2.0,29.0,0.0,4.0,43.0,,,,Houston,2015.0,51.0,1.0,1.0,51.0,,,,,,,,,,,,,,,,,,,,,,,,,,,,,,,,,,,,,,,,,,,,,,,,,,24.3,56.0,21.0,0.0,510.0,,,,,,,,,,,,,,,,,,,,,,,,,,,0.0,1.0,0.0,0.0,,,,,,26.6,100.0,23.0,2.0,611.0,,,,,,,,,,,,,,,,,,,,,,,,,,,,,,,,,,,,,,,,,,,,,,,,,,,,,,,,,,,,,,,,,,,,,,,,,,,,,,,,,,,,,,,,,,,,,,,,,,,,,,,,,,,,,,,,
2017,209,6,25,Robert Davis,Wide Receiver,Georgia State,Sun Belt,Washington,75.0,219.0,178.0,56.0,Georgia State,2016.0,,,,,,,,1.0,1.0,0.0,Georgia State,2015.0,,,,,,,,,,,,,,,,,65.0,67.0,5.0,968.0,14.4,,,,,,75.0,61.0,6.0,980.0,16.1,,,,,,Georgia State,2014.0,,,,,,75.0,50.0,2.0,732.0,14.6,1.0,3.0,0.0,3.0,3.0,,,,,,,,,,,,,,,,,,,,Georgia State,2013.0,80.0,44.0,4.0,711.0,16.2,,,,,,,,,,,,,,,,,,,,,,,,,,,,,,,,,,,,,,,,,,,,,,,,,,,,,,,,,,,,,,,,,,,,,,,,,,,,,,,,,,,,,,,,,,,,,,,,,,,,,,,,,,,,,,,,,,,,,,,,,,,,,,,,,,,
2017,213,6,30,Colin Holba,Long Snapper,Louisville,ACC,Pittsburgh,76.0,248.0,,30.0,,,,,,,,,,,,,,,,,,,,,,,,,,,,,,,,,,,,,,,,,,,,,,,,,,,,,,,,,,,,,,,,,,,,,,,,,,,,,,,,,,,,,,,,,,,,,,,,,,,,,,,,,,,,,,,,,,,,,,,,,,,,,,,,,,,,,,,,,,,,,,,,,,,,,,,,,,,,,,,,,,,,,,,,,,,,,,,,,,,,,,,,,,,,,,,,,,,,,,,,,,,,,,,,,,,,,,,,,,,,,,,,
2017,214,6,31,Elijah Qualls,Defensive Tackle,Washington,Pac-12,Philadelphia,73.0,313.0,141.0,63.0,Washington,2016.0,0.0,3.0,3.0,18.0,0.0,5.0,38.0,,,,,,,,,,,,,,,,,,,,,,,,,,,,,,,,,,,,,,,,,,,,,,,,,,,,,,,,,,,,,,,,,,,,,,,,,,,,,,,,,,,,,,,,,,,,,,,,,,,,,,,,,,,,,,,,,,,,,,,,,,,,,,,,,,,,,,,,,,,,,,,,,,,,,,,,,,,,,,,,,,,,,,,,,,,,,,,,,,,,,,,,,,,,,,,,,,,,,,,,,,,,,,,,,,,,,,,
2017,215,6,32,Brad Kaaya,Quarterback,Miami,ACC,Detroit,76.0,214.0,116.0,69.0,Miami,2016.0,,,,,,,,3.0,1.0,0.0,Miami,2015.0,,,,,,,,,,421.0,261.0,7.0,0.62,27.0,3532.0,8.4,,,,,,37.0,12.0,1.0,-136.0,-3.7,,,,,,30.0,9.0,2.0,-119.0,-4.0,Miami,2014.0,,,,,,,,,,,27.0,5.0,1.0,-131.0,-4.9,,,,,,390.0,239.0,5.0,0.613,16.0,3242.0,8.3,378.0,221.0,12.0,0.585,26.0,3198.0,8.5,,,,,,,,,,,,,,,,,,,,,,,,,,,,,,,,,,,,,,,,,,,,,,,,,,,,,,,,,,,,,,,,,,,,,,,,,,,,,,,,,,,,,,,,,,,,,,,,,,,,,,,,,,,,,,,,,,,,,,,,,,,,,,,,,,,,,,,,,,
2017,216,6,33,Marquez White,Cornerback,Florida State,ACC,Dallas,72.0,194.0,165.0,58.0,Florida State,2016.0,4.0,0.0,0.0,19.0,0.0,2.0,25.0,,,,Florida State,2015.0,0.0,1.0,0.0,0.0,0.0,2.0,2.0,0.0,0.0,,,,,,,,,,,,,,,,,,,,,,,,,,,,,,,,,,,,,,,,,,,,,,,,,,,,,,,,,,,,,,,,Florida State,2013.0,,,,,,,,,,,7.0,2.0,0.0,14.0,,,,,,,,,,,,,,,,,,,,,,,,,,,,,,,,,,,,,,,,,,0.0,1.0,0.0,0.0,,,,,,,,,,,,,,,,,,,,,,,,,,,,,,,,,,,,,,,,,,,,,,,,,,,,,,,,,,,,,,,,,,,,,,,,,,,,,
2017,218,6,35,Leon McQuay III,Safety,USC,Pac-12,Kansas City,73.0,197.0,,30.0,USC,2016.0,6.0,0.0,1.0,32.0,0.0,4.0,50.0,,,,,,,,,,,,,,,,,,,,,,,,,,,,,,,,,,,,,,,,,,USC,2014.0,,,,,,,,,,,,,,,,,,,,,,,,,,,,,,,,,,,USC,2013.0,,,,,,,,,,,16.0,2.0,0.0,32.0,,,,,,,,,,,,,,,,11.0,2.0,0.0,22.0,3.0,3.0,1.0,0.0,3.0,,,,,,,,,,,,,,,,,,2.0,1.0,0.0,2.0,,,,,,,,,,,,,,,,,,,,,,,,,,,,,,,,,,,,,,,,,,,,,,,,,,,,,,,,,,,,,,,,,,,,,,,,,,,,,
2017,219,7,1,Stacy Coley,Wide Receiver,Miami,ACC,Minnesota,72.0,195.0,228.0,45.0,Miami,2016.0,,,,,,,,,,,Miami,2015.0,,,,,,,,,,,,,,,,,55.0,63.0,9.0,754.0,12.0,,,,,,67.0,48.0,4.0,693.0,14.4,1.0,15.0,0.0,15.0,15.0,Miami,2014.0,22.5,41.0,24.0,0.0,541.0,22.0,23.0,0.0,184.0,8.0,5.0,16.0,0.0,30.0,6.0,,,,,,,,,,,,,,,,,,,,Miami,2013.0,81.0,33.0,7.0,591.0,17.9,2.0,73.0,1.0,80.0,40.0,,,,,,,,,,31.0,31.0,1.0,0.0,31.0,7.0,29.0,15.0,0.0,105.0,,,,,25.9,88.0,22.0,1.0,570.0,20.0,79.0,11.0,1.0,220.0,,,,,,,,,,,,,,,,,,,,,,,,,,,,,,,,,,,,,,,,,,,,,,,,,,,,,,,,,,,,,,,,,,,,,,,,,,,,,,,,,,,,,,,,,,,,,
2017,220,7,2,Ifeadi Odenigbo,Defensive End,Northwestern,Big Ten,Minnesota,75.0,258.0,199.0,50.0,Northwestern,2016.0,0.0,6.0,10.0,16.0,0.0,12.0,22.0,,,,,,,,,,,,,,,,,,,,,,,,,,,,,,,,,,,,,,,,,,,,,,,,,,,,,,,,,,,,,,,,,,,,,,,,,,,,,,,,,,,,,,,,,,,,,,,,,,,,,,,,,,,,,,,,,,,,,,,,,,,,,,,,,,,,,,,,,,,,,,,,,,,,,,,,,,,,,,,,,,,,,,,,,,,,,,,,,,,,,,,,,,,,,,,,,,,,,,,,,,,,,,,,,,,,,,,
2017,221,7,3,Shalom Luani,Safety,Washington State,Pac-12,Las Vegas,71.0,202.0,252.0,42.0,Washington State,2016.0,6.0,2.0,2.0,47.0,0.0,8.5,67.0,1.0,0.0,0.0,Washington State,2015.0,22.5,4.0,1.0,90.0,,,,,,,,,,,,,,,,,,,,,,,,,,,,,,,,,,,,,,,,,,,,,,,,,,,,,,,,,,,,,,,,,,,,,,,,,,,,,,,,,27.3,4.0,0.0,109.0,,,,,,8.0,8.0,1.0,0.0,8.0,,,,,,,,,,,,,,,,,,,,,,,,,,,,,,,,,,,,,,,,,,,,,,,,,,,,,,,,,,,,,,,,,,,,,,,,,,,,,,,,,,,,,,,,,,,,,,,,,,,,,,,,,,,,,,,,
2017,222,7,4,Jalen Myrick,Cornerback,Minnesota,Big Ten,Jacksonville,70.0,200.0,249.0,42.0,Minnesota,2016.0,11.0,0.0,0.0,29.0,0.0,3.5,41.0,1.0,1.0,0.0,Minnesota,2015.0,10.0,3.0,1.0,30.0,,,,,,,,,,,,,,,,,,,,,,,,,,,,,,,,,Minnesota,2014.0,26.7,100.0,19.0,1.0,508.0,,,,,,,,,,,22.1,56.0,13.0,0.0,287.0,,,,,,,,,,,,,,,,,,,,,,,,,,,0.0,1.0,0.0,0.0,4.9,17.0,9.0,0.0,44.0,21.4,29.0,12.0,0.0,257.0,,,,,,31.0,1.0,1.0,31.0,,,,,,,,,,,,,,,,,,,,,,,,,,,,,,,,,,,,,,,,,,,,,,,,,,,,,,,,,,,,,,,,,,,,,,,,,,,,,,,,,,,,,,,,,,,,,,,,,,,,,,,
2017,224,7,6,Zane Gonzalez,Place Kicker,Arizona State,Pac-12,Cleveland,73.0,202.0,321.0,33.0,Arizona State,2016.0,,,,,,,,,,,Arizona State,2015.0,,,,,,,,,,,,,,,,,,,,,,,,,,,,,,,,,,,,,Arizona State,2014.0,,,,,,,,,,,,,,,,,,,,,,,,,,,,,,,,,,,Arizona State,2013.0,,,,,,,,,,,,,,,,,,,,,,,,,,,,,,,,,,,,,,,,,,,,,,,,,,,,,,,,,,,,,,,,,,,25.0,23.0,59.0,0.92,108.0,40.0,39.0,34.0,26.0,48.0,0.765,130.0,52.0,52.0,27.0,22.0,49.0,0.815,115.0,51.0,49.0,30.0,25.0,44.0,0.833,138.0,65.0,63.0,,,,,,,,,,,,,,,,,,,,,,,,,,,,,,,,,,,,,,,,,,
2017,225,7,7,Isaac Rochell,Defensive End,Notre Dame,FBS Independents,Los Angeles,76.0,280.0,181.0,55.0,Notre Dame,2016.0,1.0,6.0,1.0,29.0,0.0,7.5,56.0,,,,,,,,,,,,,,,,,,,,,,,,,,,,,,,,,,,,,,,,,,,,,,,,,,,,,,,,,,,,,,,,,,,,,,,,,,,,,,,,,,,,,,,,,,,,,,,,,,,,,,,,,,,,,,,,,,,,,,,,,,,,,,,,,,,,,,,,,,,,,,,,,,,,,,,,,,,,,,,,,,,,,,,,,,,,,,,,,,,,,,,,,,,,,,,,,,,,,,,,,,,,,,,,,,,,,,,
2017,227,7,9,Josh Carraway,Outside Linebacker,TCU,Big 12,Tennessee,75.0,242.0,157.0,59.0,TCU,2016.0,0.0,5.0,8.0,25.0,0.0,11.0,49.0,,,,,,,,,,,,,,,,,,,,,,,,,,,,,,,,,,,,,,,,,,TCU,2014.0,,,,,,,,,,,,,,,,,,,,,,,,,,,,,,,,,,,,,,,,,,,,,,,,,,,,,,,,,,,,,,,,,,33.0,1.0,1.0,33.0,,,,,,,,,,,,,,,,,,,,,,,,,,,,,,,,,,,,,,,,,,,,,,,,,,,,,,,,,,,,,,,,,,,,,,,,,,,,,,,,,,,,,,,,,,,,,,,,,,,,,,,
2017,228,7,10,Joey Ivie,Defensive Tackle,Florida,SEC,Dallas,75.0,298.0,,30.0,Florida,2016.0,0.0,7.0,2.5,9.0,0.0,3.5,26.0,,,,,,,,,,,,,,,,,,,,,,,,,,,,,,,,,,,,,,,,,,,,,,,,,,,,,,,,,,,,,,,,,,,,,,,,,,,,,,,,,,,,,,,,,,,,,,,,,,,,,,,,,,,,,,,,,,,,,,,,,,,,,,,,,,,,,,,,,,,,,,,,,,,,,,,,,,,,,,,,,,,,,,,,,,,,,,,,,,,,,,,,,,,,,,,,,,,,,,,,,,,,,,,,,,,,,,,
2017,229,7,11,Adrian Colbert,Safety,Miami,ACC,San Francisco,73.0,200.0,,30.0,Miami,2016.0,3.0,0.0,0.0,13.0,0.0,2.5,22.0,,,,,,,,,,,,,,,,,,,,,,,,,,,,,,,,,,,,,,,,,,Texas,2014.0,,,,,,,,,,,,,,,,,,,,,,,,,,,,,,,,,,,Texas,2013.0,,,,,,,,,,,46.0,1.0,0.0,46.0,,,,,,,,,,,,,,,,0.0,1.0,0.0,0.0,11.5,23.0,2.0,0.0,23.0,,,,,,,,,,,,,,,,,,,,,,,,,,,,,,,,,,,,,,,,,,,,,,,,,,,,,,,,,,,,,,,,,,,,,,,,,,,,,,,,,,,,,,,,,,,,,,,,,,
2017,230,7,12,Josh Harvey-Clemons,Safety,Louisville,ACC,Washington,76.0,217.0,177.0,56.0,Louisville,2016.0,2.0,0.0,1.0,37.0,0.0,3.0,60.0,,,,Louisville,2015.0,2.3,3.0,0.0,7.0,,,,,,,,,,,,,,,,,,,,,,,,,,,,,,,,,,,,,,,,,,,,,,,,,,,,,,,,,,,,,,,,,,,,,Georgia,2013.0,,,,,,,,,,,,,,,,,,,,,,,,,,,,,,,,,,,,,,,,,,,,,,,,,,,,,,,,18.0,1.0,0.0,18.0,,,,,,,,,,,,,,,,,,,,,,,,,,,,,,,,,,,,,,,,,,,,,,,,,,,,,,,,,,,,,,,,,,,,,,,,,,,,,
2017,232,7,14,Elijah Lee,Outside Linebacker,Kansas State,Big 12,Minnesota,75.0,229.0,322.0,33.0,Kansas State,2016.0,3.0,2.0,1.5,72.0,0.0,6.5,110.0,0.0,0.0,1.0,Kansas State,2015.0,0.7,3.0,0.0,2.0,,,,,,,,,,,,,,,,,,,,,,,,,,,,,,,,,,,,,,,,,,,,,,,,,,,,,,,,,,,,,,,,,,,,,,,,,,,,,,,,,1.5,2.0,0.0,3.0,,,,,,,,,,,,,,,,,,,,,,,,,,,,,,,,,,,,,,,,,,,,,,,,,,,,,,,,,,,,,,,,,,,,,,,,,,,,,,,,,,,,,,,,,,,,,,,,,,,,,,,,,,,,,,,,,,,,,,,,,,
2017,233,7,15,Harrison Butker,Place Kicker,Georgia Tech,ACC,Carolina,76.0,199.0,,30.0,Georgia Tech,2016.0,,,,,,,,,,,Georgia Tech,2015.0,,,,,,,,,,,,,,,,,,,,,,,,,,,,,,,,,,,,,Georgia Tech,2014.0,,,,,,,,,,,,,,,,,,,,,,,,,,,,,,,,,,,Georgia Tech,2013.0,,,,,,,,,,,,,,,,,,,,,,,,,,,,,,,,,,,,,,,,,,,,,,,,,,,,,,,,,,,,,,,,,,,17.0,15.0,52.0,0.882,91.0,46.0,46.0,11.0,7.0,53.0,0.636,65.0,44.0,44.0,18.0,11.0,53.0,0.611,98.0,66.0,65.0,14.0,10.0,49.0,0.714,83.0,54.0,53.0,,,,,,,,,,,,,,,,,,,,,,,,,,,,,,,,,,,,,,,,,,
2017,234,7,16,Ejuan Price,Outside Linebacker,Pittsburgh,ACC,Los Angeles,71.0,241.0,197.0,50.0,Pittsburgh,2016.0,1.0,14.0,13.0,34.0,0.0,23.0,45.0,,,,,,,,,,,,,,,,,,,,,,,,,,,,,,,,,,,,,,,,,,,,,,,,,,,,,,,,,,,,,,,,,,,,,,,,,,,,,,,,,,,,,,,,,,,,,,,,,,,,,,,,,,,,,,,,,,,,,,,,,,,,,,,,,,,,,,,,,,,,,,,,,,,,,,,,,,,,,,,,,,,,,,,,,,,,,,,,,,,,,,,,,,,,,,,,,,,,,,,,,,,,,,,,,,,,,,,
2017,237,7,19,Isaiah Ford,Wide Receiver,Virginia Tech,ACC,Miami,73.0,194.0,218.0,47.0,Virginia Tech,2016.0,,,,,,,,,,,Virginia Tech,2015.0,,,,,,,,,,,,,,,,,53.0,79.0,7.0,1094.0,13.8,6.0,26.0,0.0,33.0,5.5,75.0,75.0,11.0,1164.0,15.5,7.0,10.0,0.0,51.0,7.3,Virginia Tech,2014.0,,,,,,33.0,56.0,6.0,709.0,12.7,4.0,5.0,0.0,0.0,0.0,,,,,,,,,,,,,,,,,,,,,,,,,,,,,,,,,,,,,,,,,,,,,,,,,,,,,,,,,,,,,,,,,,,,,,,,,,,,,,,,,,,,,,,,,,,,,,,,,,,,,,,,,,,,,,,,,,,,,,,,,,,,,,,,,,,,,,,,,,,,,,,,,,,,,,,,,,,,,
2017,238,7,20,Devante Mays,Running Back,Utah State,Mountain West,Green Bay,70.0,230.0,,30.0,Utah State,2016.0,,,,,,,,,,,Utah State,2015.0,,,,,,,,,,,,,,,,,8.0,1.0,0.0,8.0,8.0,37.0,66.0,3.0,259.0,7.0,9.0,1.0,0.0,9.0,9.0,165.0,61.0,9.0,966.0,5.9,,,,,,,,,,,,,,,,,,,,,,,,,,,,,,,,,,,,,,,,,,,,,,,,,,,,,,,,,,,,,,,,,,,,,,,,,,,,,,,,,,,,,,,,,,,,,,,,,,,,,,,,,,,,,,,,,,,,,,,,,,,,,,,,,,,,,,,,,,,,,,,,,,,,,,,,,,,,,,,,,,,,,,,,,,,,,,
2017,239,7,21,Noah Brown,Wide Receiver,Ohio State,Big Ten,Dallas,74.0,222.0,226.0,46.0,Ohio State,2016.0,,,,,,,,,,,,,,,,,,,,,,,,,,,,,37.0,32.0,7.0,402.0,12.6,,,,,,,,,,,,,,,,Ohio State,2014.0,23.0,23.0,1.0,0.0,23.0,9.0,1.0,0.0,9.0,9.0,1.0,0.0,0.0,-4.0,-4.0,,,,,,,,,,,,,,,,,,,,,,,,,,,,,,,,,,,,,,,,,,,,,,,,,,,,,,,,,,,,,,,,,,,,,,,,,,,,,,,,,,,,,,,,,,,,,,,,,,,,,,,,,,,,,,,,,,,,,,,,,,,,,,,,,,,,,,,,,,,,,,,,,,,,,,,,,,,,,
2017,240,7,22,Marquez Williams,Fullback,Miami,ACC,Jacksonville,70.0,259.0,,30.0,Miami,2016.0,,,,,,,,,,,,,,,,,,,,,,,,,,,,,15.0,2.0,1.0,19.0,9.5,1.0,1.0,0.0,1.0,1.0,,,,,,,,,,,,,,,,,,,,,,,,,,,,,,,,,,,,,,,,,,,,,,,,,,,,,,,,,,,,,,,,,,,,,,,,,,,,,,,,,,,,,,,,,,,,,,,,,,,,,,,,,,,,,,,,,,,,,,,,,,,,,,,,,,,,,,,,,,,,,,,,,,,,,,,,,,,,,,,,,,,,,,,,,,,,,,,,,,,,,,,,
2017,242,7,24,Elijah Hood,Running Back,North Carolina,ACC,Las Vegas,71.0,232.0,289.0,37.0,North Carolina,2016.0,,,,,,,,2.0,2.0,0.0,North Carolina,2015.0,,,,,,,,,,,,,,,,,31.0,25.0,0.0,142.0,5.7,145.0,62.0,8.0,858.0,5.9,14.0,13.0,0.0,71.0,5.5,219.0,67.0,17.0,1463.0,6.7,North Carolina,2014.0,,,,,,1.0,2.0,0.0,-2.0,-1.0,67.0,23.0,4.0,259.0,3.9,,,,,,,,,,,,,,,,,,,,,,,,,,,,,,,,,,,,,,,,,,,,,,,,,,,,,,,,,,,,,,,,,,,,,,,,,,,,,,,,,,,,,,,,,,,,,,,,,,,,,,,,,,,,,,,,,,,,,,,,,,,,,,,,,,,,,,,,,,,,,,,,,,,,,,,,,,,,,
2017,244,7,26,Treyvon Hester,Defensive Tackle,Toledo,Mid-American,Las Vegas,74.0,300.0,224.0,46.0,Toledo,2016.0,1.0,7.0,5.0,22.0,0.0,8.5,39.0,0.0,0.0,1.0,,,,,,,,,,,,,,,,,,,,,,,,,,,,,,,,,,,,,,,,,,,,,,,,,,,,,,,,,,,,,,,,,,,,,,,,,,,,,,,,,,,,,,,,,,,,,,,,,,,,,,,,,,,,,,,,,,,,,,,,,,,,,,,,,,,,,,,,,,,,,,,,,,,,,,,,,,,,,,,,,,,,,,,,,,,,,,,,,,,,,,,,,,,,,,,,,,,,,,,,,,,,,,,,,,,,
2017,245,7,27,Jack Tocho,Cornerback,NC State,ACC,Minnesota,72.0,202.0,,30.0,NC State,2016.0,9.0,0.0,1.0,33.0,0.0,2.0,37.0,,,,NC State,2015.0,8.0,1.0,0.0,8.0,,,,,,,,,,,,,,,,,,,,,,,,,,,,,,,,,NC State,2014.0,,,,,,,,,,,,,,,,,,,,,,,,,,,,,,,,,,,NC State,2013.0,,,,,,,,,,,0.0,2.0,0.0,0.0,,,,,,,,,,,,,,,,0.0,1.0,0.0,0.0,,,,,,,,,,,,,,,,,,,,,,,25.0,2.0,0.0,50.0,,,,,,,,,,,,,,,,,,,,,,,,,,,,,,,,,,,,,,,,,,,,,,,,,,,,,,,,,,,,,,,,,,,,,,,,,,,,,
2017,246,7,28,Jordan Carrell,Defensive Tackle,Colorado,Pac-12,Dallas,74.0,290.0,,30.0,Colorado,2016.0,0.0,1.0,5.0,25.0,0.0,6.0,47.0,0.0,0.0,1.0,,,,,,,,,,,,,,,,,,,,,,,,,,,,,,,,,,,,,,,,,,,,,,,,,,,,,,,,,,,,,,,,,,,,,,,,,,,,,,,,,,,,,,,,,,,,,,,,,,,,,,,,,,,,,,,,,,,,,,,,,,,,,,,,,,,,,,,,,,,,,,,,,,,,,,,,,,,,,,,,,,,,,,,,,,,,,,,,,,,,,,,,,,,,,,,,,,,,,,,,,,,,,,,,,,,,
2017,247,7,29,Malachi Dupre,Wide Receiver,LSU,SEC,Green Bay,75.0,196.0,113.0,70.0,LSU,2016.0,,,,,,,,,,,LSU,2015.0,,,,,,,,,,,,,,,,,63.0,41.0,3.0,593.0,14.5,,,,,,55.0,43.0,6.0,698.0,16.2,,,,,,LSU,2014.0,,,,,,52.0,14.0,5.0,318.0,22.7,,,,,,,,,,,,,,,,,,,,,,,,,,,,,,,,,,,,,,,,,,,,,,,,,,,,,,,,,,,,,,,,,,,,,,,,,,,,,,,,,,,,,,,,,,,,,,,,,,,,,,,,,,,,,,,,,,,,,,,,,,,,,,,,,,,,,,,,,,,,,,,,,,,,,,,,,,,,,,,,,,
2017,248,7,30,Keion Adams,Defensive End,Western Michigan,Mid-American,Pittsburgh,74.0,247.0,,30.0,Western Michigan,2016.0,0.0,12.0,7.5,34.0,0.0,18.0,49.0,0.0,0.0,1.0,,,,,,,,,,,,,,,,,,,,,,,,,,,,,,,,,,,,,,,,,,,,,,,,,,,,,,,,,,,,,,,,,,,,,,,,,,,,,,,,,,,,,,,,,,,,,,,,,,,,,,,,,,,,,,,,,,,,,,,,,,,,,,,,,,,,,,,,,,,,,,,,,,,,,,,,,,,,,,,,,,,,,,,,,,,,,,,,,,,,,,,,,,,,,,,,,,,,,,,,,,,,,,,,,,,,
2017,249,7,31,Christopher Carson,Running Back,Oklahoma State,Big 12,Seattle,72.0,218.0,,30.0,Oklahoma State,2016.0,,,,,,,,1.0,0.0,0.0,Oklahoma State,2015.0,,,,,,,,,,,,,,,,,18.0,13.0,1.0,128.0,9.8,82.0,26.0,9.0,559.0,6.8,28.0,17.0,0.0,170.0,10.0,131.0,26.0,4.0,517.0,3.9,,,,,,,,,,,,,,,,,,,,,,,,,,,,,,,,,,,,,,,,,,,,,,,,,,,,,,,,,,,,,,,,,,,,,,,,,,,,,,,,,,,,,,,,,,,,,,,,,,,,,,,,,,,,,,,,,,,,,,,,,,,,,,,,,,,,,,,,,,,,,,,,,,,,,,,,,,,,,,,,,,,,,,,,,,,,,,
2017,250,7,32,Pat O'Connor,Defensive End,Eastern Michigan,Mid-American,Detroit,77.0,277.0,,30.0,Eastern Michigan,2016.0,3.0,14.0,7.5,15.0,0.0,13.0,39.0,,,,,,,,,,,,,,,,,,,,,,,,,,,,,,,,,,,,,,,,,,,,,,,,,,,,,,,,,,,,,,,,,,,,,,,,,,,,,,,,,,,,,,,,,,,,,,,,,,,,,,,,,,,,,,,,,,,,,,,,,,,,,,,,,,,,,,,,,,,,,,,,,,,,,,,,,,,,,,,,,,,,,,,,,,,,,,,,,,,,,,,,,,,,,,,,,,,,,,,,,,,,,,,,,,,,,,,
2017,251,7,33,Mason Schreck,Tight End,Buffalo,Mid-American,Cincinnati,77.0,253.0,,30.0,Buffalo,2016.0,,,,,,,,,,,Buffalo,2015.0,,,,,,,,,,,,,,,,,75.0,59.0,4.0,651.0,11.0,,,,,,40.0,21.0,0.0,209.0,10.0,,,,,,Buffalo,2014.0,,,,,,27.0,10.0,0.0,106.0,10.6,,,,,,,,,,,,,,,,,,,,,,,,,Buffalo,2013.0,21.0,17.0,2.0,147.0,8.6,,,,,,,,,,,,,,,,,,,,,,,,,,,,,,,,,,,,,,,,,,,,,,,,,,,,,,,,,,,,,,,,,,,,,,,,,,,,,,,,,,,,,,,,,,,,,,,,,,,,,,,,,,,,,,,,,,,,,,,,,,,,,,,,,,,
2017,252,7,34,Matthew Dayes,Running Back,NC State,ACC,Cleveland,69.0,205.0,140.0,63.0,NC State,2016.0,,,,,,,,3.0,3.0,0.0,NC State,2015.0,,,,,,,,,,,,,,,,,38.0,32.0,0.0,267.0,8.3,249.0,54.0,10.0,1166.0,4.7,26.0,24.0,0.0,172.0,7.2,134.0,85.0,12.0,865.0,6.5,NC State,2014.0,17.1,50.0,22.0,0.0,376.0,39.0,32.0,5.0,321.0,10.0,104.0,68.0,8.0,573.0,5.5,,,,,,,,,,,,,,,,,,,,NC State,2013.0,61.0,10.0,1.0,173.0,17.3,63.0,42.0,4.0,252.0,4.0,,,,,,,,,,,,,,,,,,,,,,,,17.9,24.0,7.0,0.0,125.0,,,,,,,,,,,,,,,,,,,,,,,,,,,,,,,,,,,,,,,,,,,,,,,,,,,,,,,,,,,,,,,,,,,,,,,,,,,,,,,,,,,,,,,,,,,,,,,,,,
2017,253,7,35,Chad Kelly,Quarterback,Ole Miss,SEC,Denver,74.0,228.0,328.0,32.0,Ole Miss,2016.0,,,,,,,,5.0,3.0,0.0,Ole Miss,2015.0,,,,,,,,,,328.0,205.0,8.0,0.625,19.0,2758.0,8.4,,,,,,81.0,41.0,5.0,332.0,4.1,,,,,,107.0,43.0,10.0,500.0,4.7,,,,,,,,,,,,,,,,,,,,,,,458.0,298.0,13.0,0.651,31.0,4042.0,8.8,,,,,,,,Clemson,2013.0,,,,,,16.0,38.0,1.0,117.0,7.3,,,,,,,,,,,,,,,,,,,,,,,,,,,,,,,,,,,,,,,,,,,,,,,,,,17.0,10.0,0.0,0.588,0.0,58.0,3.4,,,,,,,,,,,,,,,,,,,,,,,,,,,,,,,,,,,,,,,,,,,,,,,,,,,,,,,,,,,,,,,,,,,,,,
