name,position,college,conference,height,weight,forty,bench,vertical,broad_jump,cone,shuttle,age,years_since_first_played,played_at_18,played_at_19,played_at_20,played_at_21,played_at_22,played_at_23,Y0_defensive_PD,Y0_defensive_QB HUR,Y0_defensive_SACKS,Y0_defensive_SOLO,Y0_defensive_TD,Y0_defensive_TFL,Y0_defensive_TOT,Y0_fumbles_FUM,Y0_fumbles_LOST,Y0_fumbles_REC,Y1_interceptions_AVG,Y1_interceptions_INT,Y1_interceptions_TD,Y1_interceptions_YDS,Y0_interceptions_AVG,Y0_interceptions_INT,Y0_interceptions_TD,Y0_interceptions_YDS,Y2_interceptions_AVG,Y2_interceptions_INT,Y2_interceptions_TD,Y2_interceptions_YDS,Y3_interceptions_AVG,Y3_interceptions_INT,Y3_interceptions_TD,Y3_interceptions_YDS,draft_year,Y1_fumbles_FUM,Y1_fumbles_LOST,Y1_fumbles_REC,Y1_defensive_PD,Y1_defensive_QB HUR,Y1_defensive_SACKS,Y1_defensive_SOLO,Y1_defensive_TD,Y1_defensive_TFL,Y1_defensive_TOT,Y2_defensive_PD,Y2_defensive_QB HUR,Y2_defensive_SACKS,Y2_defensive_SOLO,Y2_defensive_TD,Y2_defensive_TFL,Y2_defensive_TOT,Y2_fumbles_FUM,Y2_fumbles_LOST,Y2_fumbles_REC,Y3_fumbles_FUM,Y3_fumbles_LOST,Y3_fumbles_REC,Y3_defensive_PD,Y3_defensive_QB HUR,Y3_defensive_SACKS,Y3_defensive_SOLO,Y3_defensive_TD,Y3_defensive_TFL,Y3_defensive_TOT
Jamal Adams,Safety,LSU,SEC,72.0,214.0,4.56,18.0,31.5,120.0,6.96,4.13,21.0,2,0,1,1,0,0,0,4.0,1.0,1.0,42.0,0.0,7.5,76.0,0.0,0.0,1.0,7.5,4.0,0.0,30.0,0.0,1.0,0.0,0.0,,,,,,,,,2017,,,,,,,,,,,,,,,,,,,,,,,,,,,,,,
Malik Hooker,Safety,Ohio State,Big Ten,73.0,206.0,,,,,,,21.0,1,0,0,1,0,0,0,4.0,0.0,0.5,43.0,3.0,5.5,74.0,,,,,,,,25.9,7.0,3.0,181.0,,,,,,,,,2017,,,,,,,,,,,,,,,,,,,,,,,,,,,,,,
Jabrill Peppers,Safety,Michigan,Big Ten,71.0,213.0,4.46,19.0,35.5,128.0,,,21.0,3,1,1,1,0,0,0,1.0,7.0,4.0,47.0,1.0,13.5,72.0,1.0,0.0,0.0,,,,,11.0,1.0,0.0,11.0,,,,,,,,,2017,,,,,,,,,,,,,,,,,,,,,,,,,,,,,,
Budda Baker,Safety,Washington,Pac-12,70.0,195.0,4.45,15.0,32.5,115.0,6.76,4.08,21.0,3,1,1,1,0,0,0,5.0,1.0,3.0,48.0,0.0,10.0,70.0,,,,0.0,2.0,0.0,0.0,9.0,2.0,0.0,18.0,44.0,1.0,0.0,44.0,,,,,2017,,,,,,,,,,,,,,,,,,,,,,,,,,,,,,
Marcus Maye,Safety,Florida,SEC,72.0,210.0,,,,,,,24.0,4,0,0,1,1,1,1,6.0,0.0,1.0,29.0,0.0,1.5,50.0,,,,0.0,2.0,0.0,0.0,6.0,1.0,0.0,6.0,1.0,1.0,0.0,1.0,30.0,1.0,0.0,30.0,2017,,,,,,,,,,,,,,,,,,,,,,,,,,,,,,
Marcus Williams,Safety,Utah,Pac-12,73.0,202.0,4.56,14.0,43.5,129.0,6.85,4.2,20.0,3,1,1,0,0,0,0,3.0,1.0,0.0,46.0,0.0,1.0,64.0,0.0,0.0,2.0,17.6,5.0,0.0,88.0,4.0,5.0,0.0,20.0,6.0,1.0,0.0,6.0,,,,,2017,,,,,,,,,,,,,,,,,,,,,,,,,,,,,,
Justin Evans,Safety,Texas A&M,SEC,72.0,199.0,,14.0,,,,,22.0,2,0,0,1,1,0,0,8.0,0.0,0.0,52.0,0.0,5.0,87.0,,,,0.0,1.0,0.0,0.0,0.0,4.0,0.0,0.0,,,,,,,,,2017,,,,,,,,,,,,,,,,,,,,,,,,,,,,,,
Obi Melifonwu,Safety,UConn,American Athletic,76.0,224.0,4.4,17.0,44.0,141.0,,,23.0,4,0,1,1,1,1,0,3.0,0.0,0.0,73.0,0.0,2.5,118.0,0.0,0.0,1.0,8.0,2.0,0.0,16.0,1.5,4.0,0.0,6.0,,,,,7.5,2.0,0.0,15.0,2017,,,,,,,,,,,,,,,,,,,,,,,,,,,,,,
Josh Jones,Safety,NC State,ACC,73.0,220.0,4.41,20.0,37.5,132.0,,,22.0,3,0,1,1,1,0,0,8.0,0.0,1.0,62.0,0.0,3.5,108.0,0.0,0.0,1.0,0.0,1.0,0.0,0.0,11.3,3.0,0.0,34.0,9.3,4.0,0.0,37.0,,,,,2017,,,,,,,,,,,,,,,,,,,,,,,,,,,,,,
Delano Hill,Safety,Michigan,Big Ten,73.0,216.0,4.47,17.0,33.5,115.0,6.96,4.27,21.0,1,0,0,1,0,0,0,3.0,1.0,0.0,37.0,1.0,4.5,50.0,,,,,,,,12.0,3.0,1.0,36.0,,,,,,,,,2017,,,,,,,,,,,,,,,,,,,,,,,,,,,,,,
Tedric Thompson,Safety,Colorado,Pac-12,72.0,204.0,4.6,17.0,32.5,117.0,7.11,4.36,22.0,3,0,1,1,1,0,0,16.0,1.0,0.0,42.0,0.0,3.0,63.0,,,,37.3,3.0,0.0,112.0,14.7,7.0,0.0,103.0,9.3,3.0,0.0,28.0,,,,,2017,,,,,,,,,,,,,,,,,,,,,,,,,,,,,,
Eddie Jackson,Safety,Alabama,SEC,72.0,201.0,,10.0,,,,,23.0,4,0,1,1,1,1,0,2.0,0.0,0.0,15.0,3.0,2.5,24.0,,,,38.3,6.0,2.0,230.0,55.0,1.0,1.0,55.0,18.0,1.0,0.0,18.0,0.0,1.0,0.0,0.0,2017,,,,,,,,,,,,,,,,,,,,,,,,,,,,,,
Rayshawn Jenkins,Safety,Miami,ACC,73.0,214.0,4.51,19.0,37.0,128.0,,,23.0,4,0,1,1,1,1,0,7.0,1.0,1.5,56.0,0.0,4.5,76.0,,,,13.3,3.0,0.0,40.0,0.0,2.0,0.0,0.0,,,,,7.3,3.0,0.0,22.0,2017,,,,,,,,,,,,,,,,,,,,,,,,,,,,,,
Montae Nicholson,Safety,Michigan State,Big Ten,74.0,212.0,4.42,,35.0,125.0,,,21.0,2,0,1,1,0,0,0,2.0,0.0,0.0,39.0,0.0,2.0,86.0,0.0,0.0,1.0,20.0,3.0,0.0,60.0,10.0,1.0,0.0,10.0,,,,,,,,,2017,,,,,,,,,,,,,,,,,,,,,,,,,,,,,,
Nathan Gerry,Safety,Nebraska,Big Ten,74.0,218.0,,,,,,,22.0,3,0,1,1,1,0,0,8.0,1.0,0.5,47.0,0.0,6.5,74.0,,,,22.5,4.0,0.0,90.0,4.5,4.0,0.0,18.0,18.4,5.0,0.0,92.0,,,,,2017,,,,,,,,,,,,,,,,,,,,,,,,,,,,,,
Chuck Clark,Safety,Virginia Tech,ACC,72.0,208.0,4.54,16.0,34.0,122.0,6.85,4.07,22.0,3,0,1,1,1,0,0,2.0,0.0,0.0,50.0,0.0,2.5,93.0,,,,0.0,1.0,0.0,0.0,,,,,13.0,1.0,0.0,13.0,,,,,2017,,,,,,,,,,,,,,,,,,,,,,,,,,,,,,
Mike Tyson,Safety,Cincinnati,American Athletic,73.0,204.0,,,,,,,24.0,4,0,0,1,1,1,1,5.0,0.0,0.0,29.0,0.0,4.5,46.0,,,,,,,,6.2,5.0,0.0,31.0,,,,,51.5,2.0,0.0,103.0,2017,,,,,,,,,,,,,,,,,,,,,,,,,,,,,,
Xavier Woods,Safety,Louisiana Tech,Conference USA,71.0,197.0,4.54,19.0,33.5,122.0,6.72,4.13,22.0,3,0,1,1,1,0,0,6.0,1.0,3.0,60.0,0.0,6.5,89.0,,,,9.7,3.0,0.0,29.0,9.0,5.0,0.0,45.0,29.0,6.0,2.0,174.0,,,,,2017,,,,,,,,,,,,,,,,,,,,,,,,,,,,,,
Leon McQuay III,Safety,USC,Pac-12,73.0,197.0,,,,,,,22.0,4,1,1,1,1,0,0,6.0,0.0,1.0,32.0,0.0,4.0,50.0,,,,,,,,16.0,2.0,0.0,32.0,11.0,2.0,0.0,22.0,2.0,1.0,0.0,2.0,2017,,,,,,,,,,,,,,,,,,,,,,,,,,,,,,
Shalom Luani,Safety,Washington State,Pac-12,71.0,202.0,4.55,12.0,31.0,116.0,6.87,4.21,23.0,2,0,0,0,1,1,0,6.0,2.0,2.0,47.0,0.0,8.5,67.0,1.0,0.0,0.0,22.5,4.0,1.0,90.0,27.3,4.0,0.0,109.0,,,,,,,,,2017,,,,,,,,,,,,,,,,,,,,,,,,,,,,,,
Adrian Colbert,Safety,Miami,ACC,73.0,200.0,,,,,,,23.0,4,0,1,1,1,1,0,3.0,0.0,0.0,13.0,0.0,2.5,22.0,,,,,,,,46.0,1.0,0.0,46.0,0.0,1.0,0.0,0.0,,,,,2017,,,,,,,,,,,,,,,,,,,,,,,,,,,,,,
Josh Harvey-Clemons,Safety,Louisville,ACC,76.0,217.0,,12.0,31.5,121.0,,,23.0,4,0,1,1,1,1,0,2.0,0.0,1.0,37.0,0.0,3.0,60.0,,,,2.3,3.0,0.0,7.0,,,,,,,,,18.0,1.0,0.0,18.0,2017,,,,,,,,,,,,,,,,,,,,,,,,,,,,,,
Minkah Fitzpatrick,Safety,Alabama,SEC,72.0,204.0,4.46,14.0,33.0,121.0,,,21.0,3,1,1,1,0,0,0,8.0,3.0,1.5,38.0,0.0,8.0,60.0,,,,31.0,6.0,2.0,186.0,0.0,1.0,0.0,0.0,44.0,2.0,2.0,88.0,,,,,2018,,,,7.0,0.0,1.5,42.0,2.0,5.5,66.0,,,,,,,,,,,,,,,,,,,,
Derwin James,Safety,Florida State,ACC,74.0,215.0,4.47,21.0,40.0,132.0,,,22.0,3,0,1,1,1,0,0,11.0,4.0,1.0,49.0,1.0,5.5,84.0,,,,0.0,1.0,0.0,0.0,20.5,2.0,1.0,41.0,,,,,,,,,2018,,,,0.0,0.0,0.0,9.0,0.0,0.0,11.0,,,,,,,,,,,,,,,,,,,,
Terrell Edmunds,Safety,Virginia Tech,ACC,73.0,217.0,4.47,,41.5,134.0,,,21.0,3,1,1,1,0,0,0,4.0,1.0,1.5,30.0,0.0,2.5,60.0,,,,7.0,4.0,0.0,28.0,35.0,2.0,0.0,70.0,,,,,,,,,2018,1.0,0.0,1.0,3.0,1.0,0.0,45.0,0.0,2.5,89.0,,,,,,,,,,,,,,,,,,,,
Jessie Bates III,Safety,Wake Forest,ACC,73.0,200.0,,,,,,,21.0,2,0,1,1,0,0,0,6.0,0.0,0.0,50.0,1.0,6.0,79.0,1.0,0.0,0.0,31.6,5.0,2.0,158.0,37.0,1.0,0.0,37.0,,,,,,,,,2018,3.0,1.0,0.0,4.0,1.0,0.0,70.0,2.0,3.5,100.0,,,,,,,,,,,,,,,,,,,,
Justin Reid,Safety,Stanford,Pac-12,73.0,207.0,4.4,16.0,36.5,128.0,6.65,4.15,21.0,3,1,1,1,0,0,0,6.0,2.0,1.0,54.0,0.0,7.5,94.0,0.0,0.0,1.0,,,,,0.2,5.0,0.0,1.0,1.0,1.0,0.0,1.0,,,,,2018,,,,7.0,0.0,0.0,36.0,0.0,4.0,55.0,,,,,,,,,,,,,,,,,,,,
Tracy Walker,Safety,Louisiana,Sun Belt,73.0,206.0,,,,,,,23.0,4,0,1,1,1,1,0,6.0,0.0,0.5,62.0,0.0,3.5,97.0,,,,13.7,3.0,0.0,41.0,7.0,2.0,0.0,14.0,1.0,1.0,0.0,1.0,9.5,2.0,0.0,19.0,2018,,,,3.0,0.0,0.0,30.0,0.0,2.5,61.0,,,,,,,,,,,,,,,,,,,,
Ronnie Harrison,Safety,Alabama,SEC,74.0,207.0,,,34.0,120.0,,,21.0,3,1,1,1,0,0,0,4.0,0.0,2.5,43.0,0.0,4.5,74.0,,,,32.0,2.0,1.0,64.0,2.3,3.0,0.0,7.0,20.5,2.0,0.0,41.0,,,,,2018,0.0,0.0,2.0,7.0,2.0,0.0,56.0,1.0,1.5,83.0,,,,,,,,,,,,,,,,,,,,
Tarvarius Moore,Safety,Southern Miss,Conference USA,73.0,189.0,,,,,,,22.0,2,0,0,1,1,0,0,10.0,0.0,0.0,59.0,0.0,3.0,87.0,,,,0.0,2.0,0.0,0.0,18.0,3.0,0.0,54.0,,,,,,,,,2018,,,,2.0,0.0,0.0,11.0,0.0,0.0,17.0,,,,,,,,,,,,,,,,,,,,
Troy Apke,Safety,Penn State,Big Ten,73.0,200.0,4.34,16.0,41.0,131.0,6.56,4.03,23.0,2,0,0,0,1,1,0,5.0,3.0,0.0,37.0,0.0,3.0,54.0,,,,10.0,1.0,0.0,10.0,1.0,1.0,0.0,1.0,,,,,,,,,2018,0.0,0.0,1.0,0.0,0.0,0.0,11.0,0.0,0.0,28.0,,,,,,,,,,,,,,,,,,,,
Jordan Whitehead,Safety,Pittsburgh,ACC,70.0,198.0,,21.0,,,,,21.0,3,1,1,1,0,0,0,4.0,0.0,0.0,41.0,0.0,0.0,60.0,0.0,0.0,1.0,59.0,1.0,1.0,59.0,0.0,1.0,0.0,0.0,0.0,1.0,0.0,0.0,,,,,2018,0.0,0.0,1.0,2.0,0.0,0.0,46.0,1.0,1.5,65.0,,,,,,,,,,,,,,,,,,,,
Kyzir White,Safety,West Virginia,Big 12,74.0,218.0,,21.0,35.5,113.0,,,22.0,2,0,0,1,1,0,0,4.0,4.0,1.0,66.0,0.0,7.5,94.0,0.0,0.0,1.0,,,,,0.7,3.0,0.0,2.0,,,,,,,,,2018,0.0,0.0,1.0,5.0,1.0,3.0,48.0,0.0,7.0,58.0,,,,,,,,,,,,,,,,,,,,
Armani Watts,Safety,Texas A&M,SEC,71.0,202.0,,13.0,35.0,120.0,7.25,4.37,22.0,4,1,1,1,1,0,0,5.0,0.0,0.5,58.0,0.0,10.0,87.0,0.0,0.0,2.0,0.0,2.0,0.0,0.0,3.8,4.0,0.0,15.0,10.0,1.0,0.0,10.0,12.0,3.0,0.0,36.0,2018,0.0,0.0,1.0,3.0,1.0,1.0,36.0,0.0,6.0,56.0,,,,,,,,,,,,,,,,,,,,
Tre Flowers,Safety,Oklahoma State,Big 12,76.0,202.0,4.45,18.0,34.5,122.0,,,23.0,3,0,0,1,1,1,0,8.0,0.0,0.0,55.0,0.0,1.0,80.0,,,,,,,,7.0,2.0,0.0,14.0,1.5,2.0,0.0,3.0,,,,,2018,0.0,0.0,1.0,7.0,0.0,0.0,45.0,0.0,2.0,61.0,,,,,,,,,,,,,,,,,,,,
Marcus Allen,Safety,Penn State,Big Ten,74.0,215.0,,15.0,37.0,127.0,,4.32,22.0,2,0,0,1,1,0,0,2.0,1.0,1.0,45.0,0.0,4.0,71.0,,,,,,,,50.0,1.0,0.0,50.0,,,,,,,,,2018,0.0,0.0,1.0,3.0,0.0,0.0,57.0,0.0,6.0,110.0,,,,,,,,,,,,,,,,,,,,
Natrell Jamerson,Safety,Wisconsin,Big Ten,71.0,201.0,4.4,25.0,35.5,120.0,,,22.0,4,1,1,1,1,0,0,10.0,2.0,1.5,32.0,1.0,3.5,51.0,,,,,,,,20.0,2.0,1.0,40.0,,,,,,,,,2018,1.0,0.0,0.0,4.0,0.0,0.0,16.0,0.0,1.0,19.0,,,,,,,,,,,,,,,,,,,,
Marcell Harris,Safety,Florida,SEC,73.0,216.0,,16.0,,,,,24.0,2,0,0,0,0,1,1,,,,,,,,,,,12.5,2.0,0.0,25.0,,,,,,,,,,,,,2018,0.0,0.0,1.0,1.0,1.0,1.0,43.0,0.0,4.0,73.0,,,,,,,,,,,,,,,,,,,,
DeShon Elliott,Safety,Texas,Big 12,73.0,210.0,,,,,,,21.0,3,1,1,1,0,0,0,9.0,0.0,1.5,50.0,2.0,8.5,63.0,0.0,0.0,1.0,24.0,1.0,0.0,24.0,21.2,6.0,2.0,127.0,2.5,2.0,0.0,5.0,,,,,2018,0.0,0.0,2.0,4.0,0.0,1.0,24.0,0.0,3.0,30.0,,,,,,,,,,,,,,,,,,,,
Darnell Savage Jr.,Safety,Maryland,Big Ten,71.0,198.0,,,,,,,22.0,3,0,1,1,1,0,0,2.0,0.0,0.0,38.0,1.0,5.5,52.0,,,,9.0,2.0,0.0,18.0,7.5,4.0,1.0,30.0,30.0,1.0,0.0,30.0,,,,,2019,0.0,0.0,1.0,8.0,0.0,0.0,45.0,2.0,0.0,59.0,4.0,0.0,1.0,45.0,0.0,3.5,59.0,,,,,,,,,,,,,
Johnathan Abram,Safety,Mississippi State,SEC,71.0,205.0,4.45,,,116.0,,,22.0,2,0,0,1,1,0,0,3.0,5.0,3.0,51.0,0.0,8.0,95.0,1.0,1.0,1.0,,,,,4.5,2.0,0.0,9.0,,,,,,,,,2019,,,,5.0,1.0,2.0,43.0,0.0,5.0,71.0,,,,,,,,,,,,,,,,,,,,
Marquise Blair,Safety,Utah,Pac-12,73.0,195.0,4.48,,35.0,125.0,,,22.0,2,0,0,1,1,0,0,2.0,1.0,0.0,38.0,0.0,1.5,50.0,,,,,,,,2.5,2.0,0.0,5.0,,,,,,,,,2019,0.0,0.0,1.0,2.0,0.0,0.0,35.0,0.0,3.0,47.0,,,,,,,,,,,,,,,,,,,,
Taylor Rapp,Safety,Washington,Pac-12,72.0,208.0,,17.0,35.0,115.0,6.82,3.99,21.0,3,1,1,1,0,0,0,4.0,0.0,5.0,29.0,0.0,6.0,55.0,0.0,0.0,3.0,1.0,1.0,0.0,1.0,0.0,2.0,0.0,0.0,14.5,4.0,1.0,58.0,,,,,2019,,,,0.0,0.0,2.0,42.0,0.0,3.5,59.0,2.0,0.0,0.0,29.0,1.0,0.0,51.0,,,,,,,,,,,,,
Juan Thornhill,Safety,Virginia,ACC,72.0,205.0,4.42,21.0,44.0,141.0,,,23.0,3,0,0,1,1,1,0,7.0,1.0,0.0,62.0,0.0,4.5,98.0,,,,1.0,4.0,0.0,4.0,23.5,6.0,0.0,141.0,10.7,3.0,0.0,32.0,,,,,2019,,,,12.0,0.0,0.5,47.0,0.0,4.5,63.0,7.0,0.0,1.0,30.0,0.0,3.0,45.0,,,,,,,,,,,,,
Will Harris,Safety,Boston College,ACC,73.0,207.0,4.41,20.0,36.5,123.0,6.91,4.12,23.0,4,0,1,1,1,1,0,0.0,1.0,0.0,42.0,0.0,1.0,73.0,0.0,0.0,2.0,0.0,1.0,0.0,0.0,0.0,1.0,0.0,0.0,32.0,2.0,0.0,64.0,1.0,1.0,0.0,1.0,2019,0.0,0.0,4.0,2.0,1.0,1.0,45.0,0.0,5.5,83.0,4.0,0.0,0.0,34.0,0.0,1.0,47.0,,,,,,,,,,,,,
Mike Edwards,Safety,Kentucky,SEC,71.0,205.0,,,,,,,23.0,4,0,1,1,1,1,0,6.0,1.0,0.0,56.0,1.0,9.0,82.0,0.0,0.0,1.0,0.3,4.0,0.0,1.0,39.5,2.0,1.0,79.0,15.3,3.0,0.0,46.0,20.0,1.0,1.0,20.0,2019,,,,7.0,1.0,1.0,53.0,0.0,4.0,96.0,8.0,0.0,0.5,56.0,0.0,5.5,100.0,,,,,,,,,,,,,
Chauncey Gardner-Johnson,Safety,Florida,SEC,71.0,210.0,4.48,17.0,36.0,117.0,7.03,4.2,21.0,3,1,1,1,0,0,0,2.0,2.0,3.0,37.0,2.0,9.0,71.0,,,,44.0,2.0,0.0,88.0,27.5,4.0,2.0,110.0,34.3,3.0,1.0,103.0,,,,,2019,,,,7.0,0.0,1.0,34.0,0.0,6.0,58.0,3.0,0.0,0.0,21.0,1.0,0.5,32.0,,,,,,,,,,,,,
Khari Willis,Safety,Michigan State,Big Ten,71.0,213.0,4.52,22.0,34.5,118.0,,,23.0,3,0,0,1,1,1,0,10.0,1.0,0.0,41.0,0.0,1.5,84.0,,,,10.0,2.0,0.0,20.0,15.0,2.0,0.0,30.0,,,,,,,,,2019,,,,3.0,0.0,4.0,39.0,0.0,5.5,71.0,2.0,0.0,0.0,16.0,0.0,0.0,30.0,,,,,,,,,,,,,
Amani Hooker,Safety,Iowa,Big Ten,71.0,210.0,4.48,14.0,37.0,123.0,6.81,4.1,21.0,3,0,1,1,0,0,0,7.0,0.0,1.0,36.0,0.0,3.5,65.0,,,,15.0,2.0,1.0,30.0,15.0,4.0,0.0,60.0,,,,,,,,,2019,,,,2.0,0.0,0.0,41.0,1.0,0.0,56.0,0.0,0.0,0.0,3.0,0.0,0.0,4.0,,,,,,,,,,,,,
Sheldrick Redwine,Safety,Miami,ACC,72.0,196.0,4.44,,39.0,130.0,,4.14,22.0,3,0,1,1,1,0,0,2.0,0.0,3.0,35.0,0.0,3.5,64.0,0.0,0.0,1.0,31.0,2.0,0.0,62.0,4.7,3.0,0.0,14.0,,,,,,,,,2019,,,,5.0,0.0,0.5,36.0,0.0,2.5,57.0,2.0,0.0,0.0,18.0,0.0,0.0,28.0,,,,,,,,,,,,,
Ugochukwu Amadi,Safety,Oregon,Pac-12,69.0,199.0,,,,,,,22.0,4,1,1,1,1,0,0,6.0,2.0,1.5,35.0,3.0,4.0,43.0,1.0,1.0,0.0,7.0,3.0,0.0,21.0,23.3,3.0,2.0,70.0,,,,,15.5,2.0,0.0,31.0,2019,0.0,0.0,2.0,8.0,0.0,1.5,31.0,0.0,2.5,43.0,6.0,0.0,0.0,31.0,0.0,0.0,42.0,,,,,,,,,,,,,
Deionte Thompson,Safety,Alabama,SEC,73.0,195.0,,,,,,,22.0,3,0,0,1,1,0,0,3.0,0.0,0.0,44.0,0.0,2.0,73.0,0.0,0.0,1.0,21.0,1.0,0.0,21.0,32.5,2.0,0.0,65.0,,,,,,,,,2019,,,,1.0,0.0,0.0,18.0,0.0,1.0,25.0,0.0,0.0,0.0,4.0,0.0,0.0,9.0,,,,,,,,,,,,,
Marvell Tell III,Safety,USC,Pac-12,74.0,198.0,,,,,,,23.0,3,0,0,1,1,1,0,4.0,0.0,0.0,29.0,0.0,1.0,41.0,,,,21.3,3.0,1.0,64.0,-4.0,1.0,0.0,-4.0,0.0,1.0,0.0,0.0,,,,,2019,0.0,0.0,1.0,2.0,2.0,0.5,42.0,1.0,2.5,85.0,2.0,0.0,0.0,27.0,0.0,2.0,43.0,,,,,,,,,,,,,
Saquan Hampton,Safety,Rutgers,Big Ten,73.0,206.0,4.48,14.0,,125.0,,,23.0,4,0,1,1,1,1,0,11.0,0.0,0.0,41.0,0.0,3.0,62.0,,,,,,,,1.0,3.0,0.0,3.0,30.0,1.0,0.0,30.0,0.0,1.0,0.0,0.0,2019,,,,3.0,0.0,0.0,22.0,0.0,0.0,34.0,1.0,0.0,0.0,30.0,0.0,3.0,46.0,,,,,,,,,,,,,
Jaquan Johnson,Safety,Miami,ACC,70.0,191.0,4.69,18.0,33.0,121.0,,,23.0,4,0,1,1,1,1,0,1.0,0.0,0.0,39.0,0.0,0.5,85.0,,,,14.3,4.0,1.0,57.0,4.5,2.0,0.0,9.0,11.0,1.0,0.0,11.0,0.0,1.0,0.0,0.0,2019,0.0,0.0,2.0,3.0,1.0,1.0,50.0,1.0,2.0,88.0,2.0,1.0,1.5,24.0,0.0,3.0,38.0,0.0,0.0,1.0,,,,,,,,,,
Marcus Epps,Safety,Wyoming,Mountain West,72.0,191.0,,,,,,,23.0,4,0,1,1,1,1,0,8.0,0.0,1.0,41.0,0.0,5.5,62.0,,,,22.5,4.0,0.0,90.0,,,,,31.3,3.0,1.0,94.0,13.5,2.0,0.0,27.0,2019,0.0,0.0,1.0,4.0,0.0,1.0,40.0,0.0,5.0,64.0,6.0,0.0,0.0,72.0,1.0,6.0,111.0,0.0,0.0,2.0,,,,,,,,,,
Donovan Wilson,Safety,Texas A&M,SEC,72.0,199.0,,18.0,36.0,127.0,,,24.0,4,0,0,1,1,1,1,3.0,0.0,2.0,37.0,0.0,4.5,66.0,,,,,,,,0.0,2.0,0.0,0.0,0.0,1.0,0.0,0.0,15.2,5.0,1.0,76.0,2019,,,,,,,,,,,2.0,2.0,1.0,37.0,0.0,5.5,59.0,,,,,,,,,,,,,
Nick Scott,Safety,Penn State,Big Ten,71.0,201.0,,,,,,,24.0,4,0,0,1,1,1,1,1.0,0.0,1.0,35.0,0.0,1.0,65.0,,,,,,,,5.3,3.0,0.0,16.0,,,,,,,,,2019,0.0,0.0,1.0,0.0,0.0,0.0,17.0,0.0,1.5,32.0,1.0,0.0,0.0,3.0,0.0,0.0,8.0,,,,,,,,,,,,,
Xavier McKinney,Safety,Alabama,SEC,72.0,201.0,4.63,19.0,36.0,122.0,,,22.0,3,0,1,1,1,0,0,5.0,5.0,3.0,59.0,1.0,5.5,95.0,0.0,0.0,1.0,11.5,2.0,1.0,23.0,26.0,3.0,1.0,78.0,,,,,,,,,2020,,,,10.0,2.0,3.0,45.0,1.0,6.0,74.0,0.0,0.0,0.0,5.0,0.0,1.5,8.0,,,,,,,,,,,,,
Grant Delpit,Safety,LSU,SEC,75.0,213.0,,,,,,,21.0,3,1,1,1,0,0,0,7.0,1.0,2.0,38.0,0.0,4.5,65.0,,,,0.0,5.0,0.0,0.0,0.0,2.0,0.0,0.0,0.0,1.0,0.0,0.0,,,,,2020,0.0,0.0,1.0,9.0,4.0,5.0,46.0,0.0,9.5,74.0,8.0,1.0,0.0,36.0,0.0,3.5,60.0,,,,,,,,,,,,,
Antoine Winfield Jr.,Safety,Minnesota,Big Ten,69.0,203.0,4.45,,36.0,124.0,,,22.0,4,1,1,1,1,0,0,1.0,0.0,2.0,45.0,1.0,2.5,65.0,,,,0.0,1.0,0.0,0.0,15.9,7.0,1.0,111.0,,,,,82.0,1.0,1.0,82.0,2020,1.0,0.0,1.0,0.0,0.0,0.0,10.0,1.0,0.0,17.0,2.0,0.0,1.0,17.0,0.0,1.0,20.0,,,,0.0,0.0,2.0,3.0,0.0,0.0,37.0,1.0,2.5,52.0
Ashtyn Davis,Safety,California,Pac-12,73.0,202.0,,14.0,,,,,23.0,4,0,1,1,1,1,0,4.0,0.0,0.0,32.0,0.0,1.0,55.0,1.0,1.0,2.0,14.8,4.0,1.0,59.0,15.5,2.0,0.0,31.0,31.0,1.0,0.0,31.0,,,,,2020,1.0,0.0,1.0,4.0,0.0,0.0,31.0,1.0,1.0,45.0,0.0,0.0,0.0,20.0,0.0,0.0,33.0,1.0,0.0,0.0,,,,3.0,0.0,0.0,14.0,0.0,0.0,25.0
Brandon Jones,Safety,Texas,Big 12,71.0,198.0,,,,,,,22.0,4,1,1,1,1,0,0,4.0,0.0,1.0,64.0,0.0,4.5,86.0,1.0,1.0,1.0,13.0,2.0,0.0,26.0,3.5,2.0,0.0,7.0,,,,,,,,,2020,1.0,0.0,1.0,1.0,1.0,0.0,48.0,0.0,5.5,70.0,2.0,2.0,0.0,51.0,0.0,4.0,61.0,,,,,,,0.0,0.0,0.0,11.0,0.0,0.0,15.0
Julian Blackmon,Safety,Utah,Pac-12,72.0,187.0,,,,,,,22.0,4,1,1,1,1,0,0,4.0,0.0,1.5,39.0,1.0,4.0,55.0,,,,27.0,1.0,1.0,27.0,9.8,4.0,1.0,39.0,10.3,4.0,0.0,41.0,,,,,2020,,,,10.0,0.0,0.0,38.0,1.0,4.0,48.0,5.0,0.0,0.0,35.0,0.0,0.5,44.0,,,,,,,0.0,0.0,0.0,1.0,0.0,0.0,2.0
Tanner Muse,Safety,Clemson,ACC,74.0,227.0,4.41,20.0,34.5,124.0,,,24.0,4,0,0,1,1,1,1,3.0,1.0,2.0,37.0,0.0,6.0,55.0,,,,12.5,2.0,0.0,25.0,3.3,4.0,0.0,13.0,,,,,64.0,1.0,1.0,64.0,2020,,,,4.0,0.0,2.0,29.0,0.0,2.5,58.0,5.0,1.0,0.0,28.0,0.0,2.0,57.0,0.0,0.0,1.0,,,,1.0,0.0,0.0,9.0,1.0,0.0,19.0
Terrell Burgess,Safety,Utah,Pac-12,71.0,202.0,4.46,20.0,33.5,122.0,,,21.0,4,1,1,1,0,0,0,5.0,1.0,0.5,50.0,0.0,7.5,81.0,0.0,0.0,2.0,,,,,29.0,1.0,0.0,29.0,,,,,,,,,2020,,,,3.0,0.0,0.0,11.0,0.0,0.5,16.0,0.0,0.0,0.0,8.0,0.0,0.0,15.0,,,,1.0,0.0,0.0,1.0,0.0,0.0,1.0,0.0,0.0,1.0
K'Von Wallace,Safety,Clemson,ACC,71.0,206.0,4.53,18.0,38.0,133.0,6.76,4.15,23.0,4,0,1,1,1,1,0,10.0,1.0,2.0,47.0,1.0,3.0,72.0,,,,46.0,1.0,0.0,46.0,33.0,2.0,1.0,66.0,55.0,1.0,0.0,55.0,13.0,1.0,0.0,13.0,2020,,,,3.0,0.0,0.0,31.0,0.0,1.5,47.0,3.0,0.0,0.0,22.0,0.0,0.0,26.0,,,,,,,0.0,1.0,0.0,3.0,0.0,1.0,6.0
Jaylinn Hawkins,Safety,California,Pac-12,73.0,208.0,,,35.5,117.0,,,23.0,4,0,1,1,1,1,0,2.0,0.0,1.0,37.0,0.0,3.5,49.0,,,,6.5,6.0,0.0,39.0,9.7,3.0,0.0,29.0,22.0,1.0,0.0,22.0,,,,,2020,,,,4.0,0.0,0.0,13.0,0.0,2.0,20.0,1.0,0.0,0.0,24.0,0.0,1.5,41.0,,,,,,,0.0,0.0,0.0,16.0,0.0,0.0,30.0
L'Jarius Sneed,Safety,Louisiana Tech,Conference USA,73.0,192.0,4.37,12.0,41.0,131.0,,,23.0,4,0,1,1,1,1,0,6.0,0.0,0.0,43.0,1.0,3.5,73.0,,,,14.3,3.0,1.0,43.0,22.7,3.0,1.0,68.0,-5.0,1.0,0.0,-5.0,48.0,1.0,1.0,48.0,2020,,,,6.0,0.0,1.5,39.0,1.0,1.0,53.0,6.0,0.0,1.0,29.0,0.0,1.0,30.0,,,,,,,0.0,0.0,0.0,12.0,1.0,0.0,17.0
Kenny Robinson,Safety,West Virginia,Big 12,74.0,198.0,,,,,,,21.0,3,1,1,1,0,0,0,,,,,,,,,,,14.5,4.0,0.0,58.0,,,,,56.7,3.0,2.0,170.0,,,,,2020,0.0,0.0,1.0,4.0,0.0,0.0,52.0,0.0,2.0,77.0,3.0,0.0,0.0,32.0,2.0,2.0,46.0,,,,,,,,,,,,,
Daniel Thomas,Safety,Auburn,SEC,70.0,215.0,4.51,24.0,37.0,125.0,,,22.0,4,1,1,1,1,0,0,1.0,0.0,0.0,47.0,0.0,5.5,74.0,0.0,0.0,1.0,14.5,2.0,1.0,29.0,,,,,0.0,1.0,0.0,0.0,14.5,2.0,0.0,29.0,2020,0.0,0.0,1.0,3.0,3.0,0.0,48.0,1.0,2.0,74.0,3.0,2.0,0.0,19.0,0.0,0.0,35.0,0.0,0.0,1.0,,,,1.0,0.0,0.0,10.0,0.0,1.5,16.0
Alohi Gilman,Safety,Notre Dame,FBS Independents,71.0,201.0,4.6,17.0,32.0,119.0,6.81,4.08,22.0,4,1,1,1,1,0,0,2.0,1.0,1.0,32.0,0.0,3.0,74.0,0.0,0.0,1.0,27.0,2.0,0.0,54.0,0.0,1.0,0.0,0.0,,,,,,,,,2020,,,,5.0,2.0,0.0,54.0,0.0,3.0,86.0,,,,,,,,,,,0.0,0.0,2.0,5.0,0.0,0.0,50.0,0.0,5.0,76.0
Antoine Brooks Jr.,Safety,Maryland,Big Ten,71.0,220.0,4.64,18.0,34.5,,,,22.0,4,0,1,1,1,0,0,5.0,0.0,0.0,69.0,0.0,8.5,87.0,0.0,0.0,1.0,0.0,1.0,0.0,0.0,0.0,1.0,0.0,0.0,0.0,1.0,0.0,0.0,,,,,2020,,,,3.0,1.0,2.5,47.0,0.0,9.5,68.0,1.0,0.0,1.0,53.0,0.0,9.5,77.0,,,,,,,0.0,0.0,0.0,4.0,0.0,0.0,5.0
Jordan Fuller,Safety,Ohio State,Big Ten,74.0,203.0,4.67,,35.5,122.0,,4.27,22.0,4,1,1,1,1,0,0,4.0,0.0,0.0,42.0,0.0,0.0,62.0,,,,4.0,1.0,0.0,4.0,13.0,2.0,0.0,26.0,17.0,3.0,0.0,51.0,,,,,2020,0.0,0.0,2.0,4.0,0.0,0.0,61.0,0.0,2.5,81.0,2.0,0.0,0.0,57.0,0.0,3.0,70.0,,,,,,,0.0,0.0,0.0,7.0,0.0,0.0,11.0
Josh Metellus,Safety,Michigan,Big Ten,71.0,209.0,4.55,20.0,36.5,124.0,6.94,4.4,22.0,4,1,1,1,1,0,0,5.0,0.0,0.0,41.0,0.0,4.0,74.0,0.0,0.0,1.0,34.7,3.0,1.0,104.0,0.0,2.0,0.0,0.0,,,,,,,,,2020,,,,5.0,0.0,0.0,31.0,1.0,3.5,47.0,3.0,0.0,0.0,29.0,0.0,1.0,51.0,,,,,,,0.0,0.0,1.0,8.0,0.0,1.0,15.0
Kamren Curl,Safety,Arkansas,SEC,73.0,206.0,4.6,24.0,34.5,125.0,,,21.0,3,1,1,1,0,0,0,2.0,0.0,2.0,46.0,0.0,4.0,76.0,0.0,0.0,2.0,,,,,11.0,2.0,0.0,22.0,,,,,,,,,2020,,,,5.0,1.0,0.0,27.0,0.0,0.0,53.0,8.0,0.0,0.0,32.0,0.0,0.0,46.0,,,,,,,,,,,,,
Geno Stone,Safety,Iowa,Big Ten,70.0,207.0,4.62,12.0,33.5,116.0,,,21.0,3,1,1,1,0,0,0,4.0,2.0,1.0,46.0,0.0,3.0,70.0,,,,6.0,4.0,1.0,24.0,0.0,1.0,0.0,0.0,19.0,1.0,0.0,19.0,,,,,2020,,,,3.0,0.0,0.0,29.0,1.0,1.0,39.0,0.0,0.0,0.0,5.0,0.0,0.0,17.0,1.0,0.0,0.0,,,,,,,,,,
Vernon Scott,Safety,TCU,Big 12,73.0,206.0,,,,,,,22.0,3,0,1,1,1,0,0,7.0,0.0,1.0,29.0,1.0,2.0,44.0,0.0,0.0,1.0,0.0,1.0,0.0,0.0,98.0,1.0,1.0,98.0,,,,,,,,,2020,,,,2.0,0.0,0.0,17.0,0.0,0.0,23.0,0.0,0.0,0.0,3.0,0.0,0.0,5.0,0.0,0.0,1.0,,,,,,,,,,
Chris Jackson,Safety,Marshall,Conference USA,70.0,193.0,,,,,,,22.0,4,1,1,1,1,0,0,11.0,0.0,0.0,17.0,0.0,0.0,25.0,,,,21.0,1.0,0.0,21.0,35.0,1.0,0.0,35.0,36.0,3.0,1.0,108.0,18.0,2.0,0.0,36.0,2020,1.0,0.0,1.0,15.0,0.0,0.0,38.0,0.0,0.0,59.0,10.0,0.0,0.5,31.0,1.0,2.5,62.0,1.0,1.0,1.0,,,,9.0,0.0,1.5,22.0,0.0,4.0,41.0
Brian Cole II,Safety,Mississippi State,SEC,74.0,213.0,4.52,,,,,,23.0,2,0,0,0,1,1,0,2.0,3.0,2.0,38.0,0.0,7.5,67.0,0.0,0.0,1.0,0.0,1.0,0.0,0.0,0.0,1.0,0.0,0.0,,,,,,,,,2020,,,,0.0,0.0,1.0,5.0,0.0,3.0,11.0,,,,,,,,,,,,,,,,,,,,
Jevon Holland,Safety,Oregon,Pac-12,73.0,207.0,4.48,19.0,35.5,126.0,,4.14,21.0,3,1,1,1,0,0,0,,,,,,,,,,,16.0,4.0,1.0,64.0,,,,,1.6,5.0,0.0,8.0,,,,,2021,1.0,0.0,0.0,4.0,1.0,0.0,40.0,1.0,4.5,66.0,4.0,0.0,0.0,22.0,0.0,0.0,30.0,1.0,1.0,0.0,,,,,,,,,,
Richie Grant,Safety,UCF,American Athletic,72.0,197.0,4.49,12.0,34.5,129.0,6.78,4.27,23.0,4,0,1,1,1,1,0,5.0,1.0,1.0,49.0,0.0,3.5,72.0,0.0,0.0,2.0,39.0,1.0,1.0,39.0,8.3,3.0,0.0,25.0,6.5,6.0,0.0,39.0,,,,,2021,,,,7.0,0.0,0.0,45.0,1.0,3.0,72.0,3.0,0.0,0.0,68.0,0.0,3.0,108.0,0.0,0.0,1.0,1.0,0.0,0.0,2.0,0.0,0.0,24.0,0.0,1.0,32.0
Trevon Moehrig,Safety,TCU,Big 12,73.0,202.0,4.5,,33.0,,,4.19,22.0,3,0,1,1,1,0,0,9.0,0.0,0.0,30.0,0.0,2.0,47.0,1.0,1.0,0.0,17.5,4.0,0.0,70.0,0.0,2.0,0.0,0.0,20.0,1.0,0.0,20.0,,,,,2021,1.0,0.0,1.0,11.0,0.0,0.0,43.0,0.0,1.5,62.0,1.0,0.0,0.0,11.0,0.0,1.0,14.0,,,,,,,,,,,,,
Andre Cisco,Safety,Syracuse,ACC,73.0,216.0,,17.0,,,,,21.0,3,1,1,1,0,0,0,0.0,0.0,0.0,7.0,0.0,0.5,11.0,,,,13.4,5.0,1.0,67.0,29.0,1.0,0.0,29.0,6.7,7.0,0.0,47.0,,,,,2021,,,,5.0,0.0,0.0,41.0,1.0,0.5,65.0,7.0,0.0,0.0,35.0,0.0,0.0,45.0,,,,,,,,,,,,,
Divine Deablo,Safety,Virginia Tech,ACC,75.0,226.0,4.42,19.0,34.0,126.0,7.12,4.4,23.0,4,0,1,1,1,1,0,4.0,1.0,0.0,32.0,0.0,2.0,55.0,,,,0.0,1.0,0.0,0.0,1.3,4.0,0.0,5.0,,,,,0.0,1.0,0.0,0.0,2021,0.0,0.0,1.0,2.0,1.0,0.0,42.0,1.0,4.5,84.0,2.0,0.0,0.0,35.0,0.0,4.5,54.0,0.0,0.0,1.0,,,,3.0,0.0,0.5,6.0,0.0,1.5,8.0
Tyree Gillespie,Safety,Missouri,SEC,72.0,207.0,4.38,15.0,,,7.06,,23.0,4,0,0,1,1,1,0,4.0,1.0,0.0,29.0,0.0,0.5,46.0,,,,,,,,,,,,,,,,,,,,2021,,,,7.0,1.0,1.0,34.0,0.0,4.0,50.0,1.0,2.0,1.0,37.0,0.0,1.5,48.0,,,,,,,0.0,0.0,0.0,0.0,0.0,0.0,2.0
Jamien Sherwood,Safety,Auburn,SEC,74.0,216.0,4.76,15.0,36.0,123.0,7.15,4.36,21.0,3,1,1,1,0,0,0,3.0,1.0,1.0,44.0,0.0,3.0,75.0,0.0,0.0,3.0,,,,,,,,,0.0,1.0,0.0,0.0,,,,,2021,0.0,0.0,1.0,5.0,1.0,0.0,21.0,0.0,4.0,43.0,3.0,1.0,1.5,12.0,0.0,1.5,23.0,,,,,,,,,,,,,
Caden Sterns,Safety,Texas,Big 12,72.0,202.0,4.41,14.0,42.0,128.0,6.96,4.13,21.0,3,1,1,1,0,0,0,3.0,0.0,0.0,30.0,0.0,1.5,52.0,,,,,,,,0.0,1.0,0.0,0.0,8.3,4.0,0.0,33.0,,,,,2021,,,,1.0,0.0,1.0,42.0,0.0,4.0,57.0,4.0,0.0,1.0,46.0,0.0,3.0,62.0,,,,,,,,,,,,,
Michael Carter II,Safety,Duke,ACC,70.0,184.0,,,,,,,22.0,4,1,1,1,1,0,0,8.0,0.0,0.0,28.0,0.0,3.0,41.0,,,,0.0,1.0,0.0,0.0,16.5,2.0,0.0,33.0,5.0,1.0,0.0,5.0,,,,,2021,,,,7.0,0.0,0.5,30.0,0.0,2.0,53.0,6.0,0.0,0.0,18.0,0.0,0.0,23.0,0.0,0.0,1.0,,,,2.0,1.0,1.0,12.0,0.0,2.5,18.0
Darrick Forrest,Safety,Cincinnati,American Athletic,72.0,206.0,4.42,21.0,39.0,132.0,6.91,4.23,22.0,4,1,1,1,1,0,0,1.0,1.0,0.0,31.0,0.0,1.0,40.0,,,,17.0,3.0,0.0,51.0,11.0,2.0,0.0,22.0,23.0,1.0,0.0,23.0,,,,,2021,,,,3.0,0.0,0.0,63.0,0.0,3.5,106.0,2.0,0.0,0.0,29.0,0.0,0.0,49.0,0.0,0.0,1.0,,,,0.0,0.0,0.0,3.0,0.0,0.0,5.0
Jamar Johnson,Safety,Indiana,Big Ten,72.0,205.0,4.58,17.0,35.0,122.0,7.22,4.41,21.0,3,1,1,1,0,0,0,4.0,0.0,1.0,32.0,0.0,3.5,42.0,1.0,1.0,0.0,36.0,2.0,1.0,72.0,23.5,4.0,0.0,94.0,0.0,1.0,0.0,0.0,,,,,2021,,,,0.0,1.0,3.0,18.0,1.0,4.5,25.0,1.0,0.0,0.0,2.0,0.0,0.0,2.0,,,,,,,,,,,,,
Shawn Davis,Safety,Florida,SEC,71.0,202.0,,17.0,39.5,128.0,,,23.0,4,0,1,1,1,1,0,1.0,0.0,0.0,25.0,0.0,2.0,42.0,,,,37.0,3.0,0.0,111.0,22.5,2.0,0.0,45.0,,,,,,,,,2021,,,,3.0,1.0,0.0,33.0,0.0,1.0,51.0,5.0,0.0,0.0,16.0,0.0,2.0,22.0,,,,0.0,0.0,1.0,1.0,0.0,0.0,3.0,0.0,0.5,11.0
Richard LeCounte,Safety,Georgia,SEC,71.0,196.0,4.79,,32.5,128.0,7.44,4.49,22.0,4,1,1,1,1,0,0,4.0,0.0,0.0,16.0,0.0,1.0,26.0,0.0,0.0,1.0,19.0,4.0,0.0,76.0,12.7,3.0,0.0,38.0,29.0,1.0,0.0,29.0,,,,,2021,0.0,0.0,3.0,3.0,0.0,0.0,35.0,0.0,4.5,61.0,3.0,0.0,0.0,45.0,0.0,1.0,74.0,0.0,0.0,2.0,,,,0.0,0.0,0.0,10.0,0.0,0.0,15.0
Talanoa Hufanga,Safety,USC,Pac-12,72.0,199.0,4.65,,,,,,22.0,3,0,1,1,1,0,0,1.0,0.0,3.0,40.0,0.0,5.5,62.0,,,,,,,,23.8,4.0,0.0,95.0,,,,,,,,,2021,,,,3.0,0.0,3.5,58.0,0.0,7.5,90.0,4.0,0.0,0.0,31.0,0.0,3.5,51.0,,,,,,,,,,,,,
Hamsah Nasirildeen,Safety,Florida State,ACC,75.0,215.0,,17.0,32.0,,7.05,4.31,22.0,4,1,1,1,1,0,0,1.0,0.0,0.0,5.0,0.0,1.5,13.0,,,,40.0,2.0,1.0,80.0,25.0,1.0,0.0,25.0,1.0,1.0,0.0,1.0,,,,,2021,0.0,0.0,1.0,3.0,1.0,1.0,61.0,1.0,2.0,101.0,2.0,1.0,0.0,51.0,0.0,0.5,91.0,,,,,,,3.0,0.0,0.0,23.0,0.0,0.0,29.0
Joshuah Bledsoe,Safety,Missouri,SEC,71.0,204.0,,,,,,,22.0,4,1,1,1,1,0,0,6.0,0.0,0.0,24.0,0.0,2.5,41.0,0.0,0.0,2.0,,,,,,,,,,,,,,,,,2021,0.0,0.0,1.0,10.0,0.0,0.0,35.0,0.0,4.0,49.0,2.0,0.0,0.0,17.0,0.0,0.0,25.0,,,,,,,0.0,0.0,1.0,9.0,0.0,1.0,13.0
Damar Hamlin,Safety,Pittsburgh,ACC,73.0,200.0,4.6,18.0,35.0,118.0,6.93,4.4,23.0,4,0,1,1,1,1,0,7.0,0.0,0.0,38.0,0.0,3.5,66.0,,,,14.0,1.0,0.0,14.0,2.0,2.0,0.0,4.0,39.5,2.0,0.0,79.0,5.0,1.0,0.0,5.0,2021,,,,10.0,0.0,0.0,60.0,0.0,2.5,84.0,4.0,0.0,0.0,58.0,0.0,3.0,85.0,0.0,0.0,1.0,,,,0.0,0.0,0.0,30.0,0.0,1.0,41.0
Brady Breeze,Safety,Oregon,Pac-12,72.0,197.0,4.55,20.0,38.0,120.0,7.05,4.22,23.0,4,0,1,1,1,1,0,,,,,,,,,,,16.0,2.0,1.0,32.0,,,,,,,,,0.0,1.0,0.0,0.0,2021,0.0,0.0,5.0,3.0,0.0,0.0,43.0,3.0,0.0,62.0,0.0,0.0,0.0,5.0,0.0,0.0,8.0,,,,,,,1.0,1.0,0.0,12.0,0.0,0.0,20.0
JaCoby Stevens,Safety,LSU,SEC,73.0,212.0,,,,,,,23.0,3,0,0,1,1,1,0,4.0,2.0,3.0,30.0,0.0,6.0,63.0,0.0,0.0,3.0,3.0,3.0,0.0,9.0,,,,,1.0,1.0,0.0,1.0,,,,,2021,,,,6.0,2.0,5.0,53.0,0.0,9.0,92.0,4.0,1.0,1.0,16.0,0.0,6.0,29.0,0.0,0.0,1.0,,,,,,,,,,
Mark Webb,Safety,Georgia,SEC,74.0,207.0,4.61,,36.5,136.0,7.3,4.52,22.0,4,0,1,1,1,0,0,2.0,0.0,0.0,10.0,0.0,0.0,21.0,,,,,,,,13.0,1.0,0.0,13.0,,,,,,,,,2021,,,,3.0,0.0,0.0,31.0,0.0,3.0,46.0,3.0,0.0,0.0,8.0,0.0,0.0,14.0,,,,,,,0.0,0.0,0.0,0.0,0.0,0.0,1.0
James Wiggins,Safety,Cincinnati,American Athletic,71.0,209.0,4.4,22.0,38.0,127.0,,,24.0,4,0,0,0,1,1,1,6.0,0.0,1.0,25.0,0.0,1.0,32.0,,,,,,,,0.0,1.0,0.0,0.0,-1.0,3.0,0.0,-3.0,,,,,2021,,,,,,,,,,,5.0,0.0,0.0,35.0,1.0,2.0,51.0,1.0,1.0,0.0,,,,0.0,0.0,0.0,1.0,0.0,0.0,1.0
Kyle Hamilton,Safety,Notre Dame,FBS Independents,76.0,220.0,4.59,,38.0,131.0,6.9,4.32,21.0,3,1,1,1,0,0,0,4.0,0.0,0.0,19.0,0.0,2.0,34.0,,,,14.0,1.0,0.0,14.0,0.0,3.0,0.0,0.0,16.5,4.0,1.0,66.0,,,,,2022,,,,7.0,2.0,0.0,51.0,0.0,4.5,63.0,6.0,0.0,0.0,27.0,1.0,1.0,41.0,,,,,,,,,,,,,
Daxton Hill,Safety,Michigan,Big Ten,72.0,191.0,4.38,,33.5,121.0,6.57,4.06,21.0,3,1,1,1,0,0,0,8.0,4.0,0.5,42.0,0.0,4.5,69.0,0.0,0.0,1.0,,,,,1.5,2.0,0.0,3.0,0.0,1.0,0.0,0.0,,,,,2022,,,,4.0,0.0,0.0,24.0,0.0,0.0,38.0,3.0,0.0,0.0,25.0,0.0,3.0,36.0,0.0,0.0,2.0,,,,,,,,,,
Lewis Cine,Safety,Georgia,SEC,74.0,199.0,4.37,,36.5,133.0,,,22.0,3,0,1,1,1,0,0,9.0,1.0,0.0,43.0,0.0,2.0,73.0,,,,,,,,8.0,1.0,0.0,8.0,15.0,1.0,0.0,15.0,,,,,2022,,,,3.0,0.0,0.0,38.0,0.0,1.0,52.0,2.0,0.0,0.0,14.0,0.0,0.5,19.0,,,,,,,,,,,,,
Jalen Pitre,Safety,Baylor,Big 12,71.0,198.0,,16.0,35.0,,6.74,4.18,23.0,4,0,1,1,1,1,0,7.0,3.0,3.5,56.0,0.0,18.5,75.0,0.0,0.0,2.0,28.0,2.0,2.0,56.0,10.0,2.0,0.0,20.0,,,,,,,,,2022,,,,2.0,1.0,2.5,41.0,2.0,13.0,60.0,0.0,0.0,1.0,9.0,0.0,1.5,12.0,,,,,,,0.0,0.0,0.0,5.0,0.0,2.0,10.0
Jaquan Brisker,Safety,Penn State,Big Ten,73.0,199.0,4.49,22.0,34.5,124.0,,,23.0,3,0,0,1,1,1,0,5.0,1.0,0.0,38.0,0.0,6.0,63.0,0.0,0.0,1.0,18.0,1.0,0.0,18.0,19.5,2.0,0.0,39.0,16.5,2.0,0.0,33.0,,,,,2022,1.0,1.0,0.0,4.0,2.0,0.0,33.0,0.0,3.0,57.0,4.0,1.0,0.0,14.0,0.0,1.0,31.0,,,,,,,,,,,,,
Cam Taylor-Britt,Safety,Nebraska,Big Ten,71.0,196.0,4.38,,,,,,22.0,4,1,1,1,1,0,0,11.0,0.0,1.0,35.0,0.0,3.0,51.0,1.0,1.0,0.0,27.5,2.0,0.0,55.0,0.0,1.0,0.0,0.0,31.7,3.0,1.0,95.0,,,,,2022,1.0,1.0,0.0,4.0,0.0,0.0,23.0,0.0,3.0,28.0,3.0,0.0,1.5,29.0,1.0,4.0,49.0,0.0,0.0,1.0,0.0,0.0,1.0,3.0,0.0,0.0,9.0,0.0,0.0,12.0
Bryan Cook,Safety,Cincinnati,American Athletic,73.0,206.0,,,,,,,23.0,3,0,0,0,1,1,0,9.0,0.0,1.0,57.0,0.0,5.0,96.0,,,,,,,,0.0,2.0,0.0,0.0,,,,,,,,,2022,,,,2.0,0.0,0.0,19.0,0.0,1.0,26.0,0.0,0.0,0.0,2.0,0.0,0.0,2.0,,,,,,,,,,,,,
JT Woods,Safety,Baylor,Big 12,74.0,195.0,4.36,,39.5,128.0,,,22.0,4,1,1,1,1,0,0,2.0,0.0,0.0,44.0,1.0,4.5,57.0,0.0,0.0,1.0,30.7,3.0,0.0,92.0,18.2,6.0,1.0,109.0,,,,,,,,,2022,,,,1.0,0.0,0.0,29.0,0.0,0.5,46.0,0.0,1.0,0.0,27.0,0.0,1.0,36.0,0.0,0.0,3.0,,,,2.0,0.0,1.0,12.0,0.0,1.0,17.0
Nick Cross,Safety,Maryland,Big Ten,72.0,212.0,4.34,,37.0,130.0,,,20.0,3,1,1,0,0,0,0,5.0,0.0,3.0,44.0,0.0,3.5,66.0,,,,,,,,18.3,3.0,0.0,55.0,0.0,2.0,0.0,0.0,,,,,2022,,,,3.0,1.0,1.0,14.0,0.0,1.0,23.0,5.0,0.0,0.0,30.0,0.0,1.0,45.0,,,,,,,,,,,,,
Kerby Joseph,Safety,Illinois,Big Ten,73.0,203.0,,18.0,38.5,123.0,,,21.0,4,1,1,1,0,0,0,2.0,0.0,1.0,41.0,0.0,1.0,57.0,0.0,0.0,3.0,,,,,2.4,5.0,0.0,12.0,,,,,,,,,2022,,,,0.0,0.0,0.0,12.0,0.0,0.0,19.0,3.0,0.0,0.0,13.0,0.0,1.0,30.0,,,,1.0,1.0,0.0,1.0,0.0,0.0,9.0,0.0,0.0,10.0
Percy Butler,Safety,Louisiana,Sun Belt,72.0,194.0,4.36,,31.5,123.0,,,22.0,4,1,1,1,1,0,0,4.0,0.0,0.0,36.0,0.0,6.0,60.0,0.0,0.0,4.0,0.0,2.0,0.0,0.0,0.0,1.0,0.0,0.0,,,,,,,,,2022,0.0,0.0,2.0,6.0,0.0,1.0,25.0,0.0,2.0,44.0,2.0,0.0,0.0,41.0,0.0,1.0,54.0,,,,,,,1.0,0.0,0.0,5.0,0.0,0.0,9.0
Dane Belton,Safety,Iowa,Big Ten,73.0,205.0,4.43,,36.5,123.0,7.01,4.24,21.0,3,1,1,1,0,0,0,7.0,3.0,0.0,30.0,0.0,3.0,46.0,,,,,,,,0.0,5.0,0.0,0.0,,,,,,,,,2022,,,,5.0,0.0,1.0,19.0,0.0,1.5,33.0,0.0,0.0,0.0,20.0,0.0,2.0,33.0,,,,,,,,,,,,,
Delarrin Turner-Yell,Safety,Oklahoma,Big 12,70.0,197.0,4.47,,,122.0,,,22.0,4,1,1,1,1,0,0,1.0,0.0,0.0,36.0,0.0,2.5,53.0,,,,42.0,1.0,0.0,42.0,0.0,3.0,0.0,0.0,,,,,,,,,2022,,,,1.0,0.0,0.5,33.0,0.0,2.0,50.0,3.0,1.0,0.0,60.0,0.0,5.5,75.0,,,,,,,1.0,0.0,0.0,7.0,0.0,0.0,12.0
Tycen Anderson,Safety,Toledo,Mid-American,74.0,209.0,4.36,,35.5,123.0,6.64,4.28,23.0,4,0,1,1,1,1,0,2.0,1.0,1.0,26.0,0.0,2.0,44.0,,,,,,,,,,,,,,,,0.0,1.0,0.0,0.0,2022,,,,2.0,0.0,1.0,16.0,0.0,1.0,34.0,5.0,0.0,0.0,41.0,0.0,3.5,84.0,,,,,,,4.0,0.0,0.0,32.0,0.0,1.0,45.0
Theo Jackson,Safety,Tennessee,SEC,74.0,203.0,,,,,,,23.0,4,0,1,1,1,1,0,11.0,4.0,1.5,37.0,1.0,9.0,78.0,,,,36.0,1.0,0.0,36.0,55.0,1.0,1.0,55.0,0.0,1.0,0.0,0.0,,,,,2022,0.0,0.0,1.0,2.0,0.0,0.0,19.0,0.0,1.0,31.0,2.0,0.0,0.0,29.0,0.0,1.0,53.0,,,,,,,2.0,0.0,0.0,16.0,0.0,1.0,20.0
Quentin Lake,Safety,UCLA,Pac-12,73.0,201.0,4.59,,,,,,23.0,4,0,1,1,1,1,0,6.0,1.0,0.0,39.0,0.0,2.0,53.0,,,,0.0,1.0,0.0,0.0,7.7,3.0,0.0,23.0,,,,,6.0,2.0,0.0,12.0,2022,,,,4.0,0.0,0.0,22.0,0.0,0.0,33.0,0.0,1.0,0.0,9.0,0.0,1.0,18.0,,,,,,,5.0,2.0,0.0,51.0,0.0,1.0,67.0
Russ Yeast,Safety,Kansas State,Big 12,70.0,195.0,,,,,,,23.0,4,0,1,1,1,1,0,10.0,0.0,0.0,37.0,0.0,1.5,47.0,,,,,,,,2.8,4.0,0.0,11.0,0.0,1.0,0.0,0.0,,,,,2022,0.0,0.0,3.0,3.0,2.0,0.0,31.0,0.0,0.5,45.0,4.0,1.0,0.0,38.0,0.0,1.0,61.0,,,,,,,0.0,0.0,1.0,4.0,0.0,2.0,7.0
Elijah Hicks,Safety,California,Pac-12,71.0,200.0,,,,,,,22.0,4,1,1,1,1,0,0,2.0,0.0,1.0,49.0,0.0,5.5,72.0,,,,30.0,1.0,0.0,30.0,0.7,3.0,0.0,2.0,,,,,34.0,1.0,1.0,34.0,2022,,,,2.0,0.0,0.0,18.0,0.0,0.0,28.0,5.0,0.0,2.0,27.0,0.0,2.0,42.0,,,,,,,2.0,0.0,0.0,20.0,0.0,5.0,26.0
Nazeeh Johnson,Safety,Marshall,Conference USA,74.0,189.0,,,,,,,24.0,4,0,0,1,1,1,1,5.0,1.0,0.0,43.0,0.0,2.5,67.0,,,,-3.5,2.0,0.0,-7.0,0.0,2.0,0.0,0.0,1.0,1.0,0.0,1.0,24.0,1.0,0.0,24.0,2022,0.0,0.0,2.0,2.0,0.0,0.0,29.0,0.0,0.0,59.0,6.0,0.0,0.0,50.0,0.0,0.5,88.0,,,,,,,5.0,1.0,0.0,37.0,0.0,1.0,55.0
