name,position,college,conference,height,weight,forty,bench,vertical,broad_jump,cone,shuttle,age,years_since_first_played,played_at_18,played_at_19,played_at_20,played_at_21,played_at_22,played_at_23,Y0_defensive_PD,Y0_defensive_QB HUR,Y0_defensive_SACKS,Y0_defensive_SOLO,Y0_defensive_TD,Y0_defensive_TFL,Y0_defensive_TOT,Y0_fumbles_FUM,Y0_fumbles_LOST,Y0_fumbles_REC,draft_year,Y1_fumbles_FUM,Y1_fumbles_LOST,Y1_fumbles_REC,Y1_defensive_PD,Y1_defensive_QB HUR,Y1_defensive_SACKS,Y1_defensive_SOLO,Y1_defensive_TD,Y1_defensive_TFL,Y1_defensive_TOT,Y2_defensive_PD,Y2_defensive_QB HUR,Y2_defensive_SACKS,Y2_defensive_SOLO,Y2_defensive_TD,Y2_defensive_TFL,Y2_defensive_TOT,Y2_fumbles_FUM,Y2_fumbles_LOST,Y2_fumbles_REC,Y3_fumbles_FUM,Y3_fumbles_LOST,Y3_fumbles_REC,Y3_defensive_PD,Y3_defensive_QB HUR,Y3_defensive_SACKS,Y3_defensive_SOLO,Y3_defensive_TD,Y3_defensive_TFL,Y3_defensive_TOT
Solomon Thomas,Defensive Tackle,Stanford,Pac-12,75.0,273.0,4.69,30.0,35.0,126.0,6.95,4.28,21.0,1,0,0,1,0,0,0,0.0,7.0,8.0,40.0,0.0,14.0,61.0,0.0,0.0,2.0,2017,,,,,,,,,,,,,,,,,,,,,,,,,,,,,,
Jonathan Allen,Defensive Tackle,Alabama,SEC,75.0,286.0,5.0,21.0,30.0,108.0,7.49,4.5,22.0,1,0,0,0,1,0,0,2.0,15.0,10.5,33.0,0.0,16.0,69.0,0.0,0.0,2.0,2017,,,,,,,,,,,,,,,,,,,,,,,,,,,,,,
Malik McDowell,Defensive Tackle,Michigan State,Big Ten,78.0,295.0,4.85,23.0,28.5,112.0,7.69,4.53,21.0,2,0,1,1,0,0,0,0.0,5.0,1.5,20.0,0.0,7.0,34.0,,,,2017,,,,,,,,,,,,,,,,,,,,,,,,,,,,,,
Dalvin Tomlinson,Defensive Tackle,Alabama,SEC,75.0,310.0,5.19,,27.0,110.0,7.68,4.59,23.0,1,0,0,0,0,1,0,4.0,7.0,3.0,17.0,0.0,5.5,62.0,,,,2017,,,,,,,,,,,,,,,,,,,,,,,,,,,,,,
Larry Ogunjobi,Defensive Tackle,Charlotte,Conference USA,75.0,305.0,4.97,26.0,32.0,116.0,7.55,4.75,23.0,1,0,0,0,0,1,0,2.0,10.0,3.0,31.0,0.0,13.5,65.0,,,,2017,,,,,,,,,,,,,,,,,,,,,,,,,,,,,,
Chris Wormley,Defensive Tackle,Michigan,Big Ten,77.0,298.0,,23.0,,,,,23.0,1,0,0,0,0,1,0,0.0,6.0,6.0,18.0,0.0,8.0,37.0,,,,2017,,,,,,,,,,,,,,,,,,,,,,,,,,,,,,
Eddie Vanderdoes,Defensive Tackle,UCLA,Pac-12,75.0,305.0,4.99,28.0,28.5,111.0,7.69,4.39,22.0,1,0,0,0,1,0,0,0.0,0.0,1.5,15.0,0.0,1.5,27.0,,,,2017,,,,,,,,,,,,,,,,,,,,,,,,,,,,,,
Montravius Adams,Defensive Tackle,Auburn,SEC,76.0,304.0,4.87,22.0,29.0,108.0,7.62,4.89,22.0,3,0,1,1,1,0,0,2.0,15.0,4.5,26.0,0.0,8.5,44.0,0.0,0.0,2.0,2017,,,,,,,,,,,,,,,,,,,,,,,,,,,,,,
Nazair Jones,Defensive Tackle,North Carolina,ACC,77.0,304.0,5.11,,24.5,101.0,7.93,4.63,22.0,3,0,1,1,1,0,0,3.0,1.0,2.5,32.0,0.0,9.5,70.0,0.0,0.0,1.0,2017,,,,,,,,,,,,,,,,,,,,,,,,,,,,,,
Jaleel Johnson,Defensive Tackle,Iowa,Big Ten,75.0,316.0,5.38,19.0,28.0,100.0,7.64,4.62,23.0,1,0,0,0,0,1,0,2.0,5.0,7.5,30.0,0.0,11.0,55.0,,,,2017,,,,,,,,,,,,,,,,,,,,,,,,,,,,,,
Ryan Glasgow,Defensive Tackle,Michigan,Big Ten,75.0,302.0,5.13,20.0,27.5,105.0,7.55,4.5,23.0,1,0,0,0,0,1,0,1.0,3.0,4.0,20.0,0.0,10.0,41.0,,,,2017,,,,,,,,,,,,,,,,,,,,,,,,,,,,,,
Carlos Watkins,Defensive Tackle,Clemson,ACC,75.0,309.0,,25.0,,,,,23.0,2,0,0,0,1,1,0,4.0,4.0,10.5,30.0,0.0,13.5,50.0,0.0,0.0,1.0,2017,,,,,,,,,,,,,,,,,,,,,,,,,,,,,,
Davon Godchaux,Defensive Tackle,LSU,SEC,75.0,310.0,,,,,,,22.0,1,0,0,0,1,0,0,1.0,3.0,6.5,24.0,0.0,8.5,62.0,0.0,0.0,2.0,2017,,,,,,,,,,,,,,,,,,,,,,,,,,,,,,
Caleb Brantley,Defensive Tackle,Florida,SEC,75.0,307.0,5.14,21.0,27.0,105.0,7.66,4.62,23.0,1,0,0,0,0,1,0,0.0,3.0,2.5,16.0,0.0,9.5,31.0,,,,2017,,,,,,,,,,,,,,,,,,,,,,,,,,,,,,
Tanzel Smart,Defensive Tackle,Tulane,American Athletic,73.0,296.0,5.24,22.0,27.0,105.0,7.53,4.57,22.0,1,0,0,0,1,0,0,0.0,2.0,5.5,34.0,0.0,19.0,68.0,0.0,0.0,1.0,2017,,,,,,,,,,,,,,,,,,,,,,,,,,,,,,
Vincent Taylor,Defensive Tackle,Oklahoma State,Big 12,75.0,304.0,5.07,26.0,28.5,108.0,7.58,4.72,23.0,1,0,0,0,0,1,0,1.0,2.0,7.0,29.0,0.0,12.5,51.0,0.0,0.0,2.0,2017,,,,,,,,,,,,,,,,,,,,,,,,,,,,,,
D.J. Jones,Defensive Tackle,Ole Miss,SEC,73.0,319.0,5.04,25.0,28.5,108.0,7.73,4.65,22.0,1,0,0,0,1,0,0,0.0,3.0,2.0,11.0,0.0,3.0,30.0,0.0,0.0,1.0,2017,,,,,,,,,,,,,,,,,,,,,,,,,,,,,,
Elijah Qualls,Defensive Tackle,Washington,Pac-12,73.0,313.0,5.13,33.0,31.5,105.0,7.65,4.66,22.0,1,0,0,0,1,0,0,0.0,3.0,3.0,18.0,0.0,5.0,38.0,,,,2017,,,,,,,,,,,,,,,,,,,,,,,,,,,,,,
Joey Ivie,Defensive Tackle,Florida,SEC,75.0,298.0,,,,,,,22.0,1,0,0,0,1,0,0,0.0,7.0,2.5,9.0,0.0,3.5,26.0,,,,2017,,,,,,,,,,,,,,,,,,,,,,,,,,,,,,
Treyvon Hester,Defensive Tackle,Toledo,Mid-American,74.0,300.0,,,,,,,24.0,1,0,0,0,0,0,1,1.0,7.0,5.0,22.0,0.0,8.5,39.0,0.0,0.0,1.0,2017,,,,,,,,,,,,,,,,,,,,,,,,,,,,,,
Jordan Carrell,Defensive Tackle,Colorado,Pac-12,74.0,290.0,,,,,,,23.0,1,0,0,0,0,1,0,0.0,1.0,5.0,25.0,0.0,6.0,47.0,0.0,0.0,1.0,2017,,,,,,,,,,,,,,,,,,,,,,,,,,,,,,
Vita Vea,Defensive Tackle,Washington,Pac-12,76.0,347.0,5.1,41.0,,,,,23.0,2,0,0,0,1,1,0,4.0,0.0,3.5,31.0,0.0,5.5,44.0,,,,2018,,,,1.0,2.0,5.0,22.0,0.0,6.5,39.0,,,,,,,,,,,,,,,,,,,,
Da'Ron Payne,Defensive Tackle,Alabama,SEC,75.0,311.0,,,,,,,21.0,2,0,1,1,0,0,0,3.0,8.0,1.0,21.0,0.0,1.0,53.0,,,,2018,0.0,0.0,1.0,1.0,3.0,1.5,12.0,0.0,3.5,36.0,,,,,,,,,,,,,,,,,,,,
Taven Bryan,Defensive Tackle,Florida,SEC,77.0,291.0,4.98,30.0,35.0,119.0,7.12,4.48,22.0,2,0,0,1,1,0,0,0.0,3.0,4.0,19.0,0.0,6.0,40.0,,,,2018,0.0,0.0,2.0,1.0,2.0,1.0,8.0,0.0,3.0,16.0,,,,,,,,,,,,,,,,,,,,
B.J. Hill,Defensive Tackle,NC State,ACC,75.0,311.0,4.99,35.0,26.5,101.0,7.28,4.53,23.0,2,0,0,0,1,1,0,3.0,2.0,2.0,18.0,0.0,3.5,55.0,,,,2018,0.0,0.0,2.0,2.0,4.0,1.0,16.0,0.0,2.0,38.0,,,,,,,,,,,,,,,,,,,,
Derrick Nnadi,Defensive Tackle,Florida State,ACC,73.0,317.0,5.38,25.0,27.0,96.0,8.15,5.02,22.0,2,0,0,1,1,0,0,1.0,2.0,3.5,22.0,0.0,10.0,53.0,,,,2018,0.0,0.0,1.0,1.0,2.0,6.0,26.0,0.0,10.5,49.0,,,,,,,,,,,,,,,,,,,,
Justin Jones,Defensive Tackle,NC State,ACC,75.0,309.0,5.09,24.0,29.0,104.0,7.82,4.74,22.0,2,0,0,1,1,0,0,0.0,3.0,3.5,15.0,0.0,9.5,34.0,0.0,0.0,1.0,2018,0.0,0.0,1.0,1.0,2.0,3.0,21.0,0.0,6.5,44.0,,,,,,,,,,,,,,,,,,,,
Deadrin Senat,Defensive Tackle,South Florida,American Athletic,72.0,314.0,5.16,35.0,26.0,100.0,7.77,4.79,24.0,2,0,0,0,0,1,1,0.0,1.0,6.0,35.0,0.0,10.5,66.0,,,,2018,,,,1.0,0.0,1.0,34.0,0.0,7.0,49.0,,,,,,,,,,,,,,,,,,,,
Harrison Phillips,Defensive Tackle,Stanford,Pac-12,75.0,307.0,5.21,42.0,32.0,103.0,7.28,4.5,22.0,2,0,0,1,1,0,0,0.0,5.0,7.0,39.0,0.0,15.0,93.0,0.0,0.0,2.0,2018,,,,1.0,3.0,6.5,20.0,0.0,9.5,46.0,,,,,,,,,,,,,,,,,,,,
RJ McIntosh,Defensive Tackle,Miami,ACC,77.0,286.0,,,,,,,22.0,2,0,0,1,1,0,0,7.0,3.0,2.5,23.0,0.0,12.0,46.0,0.0,0.0,1.0,2018,,,,2.0,0.0,2.5,24.0,0.0,9.5,47.0,,,,,,,,,,,,,,,,,,,,
Tim Settle,Defensive Tackle,Virginia Tech,ACC,75.0,329.0,5.37,,23.5,96.0,7.95,4.83,21.0,2,0,1,1,0,0,0,1.0,2.0,4.0,21.0,0.0,12.5,36.0,,,,2018,1.0,0.0,0.0,0.0,2.0,0.0,7.0,0.0,7.0,17.0,,,,,,,,,,,,,,,,,,,,
Folorunso Fatukasi,Defensive Tackle,UConn,American Athletic,76.0,318.0,,,,,,,23.0,2,0,0,0,1,1,0,0.0,0.0,4.0,30.0,0.0,7.5,45.0,,,,2018,,,,0.0,4.0,2.5,22.0,0.0,2.5,43.0,,,,,,,,,,,,,,,,,,,,
Sebastian Joseph,Defensive Tackle,Rutgers,Big Ten,75.0,299.0,,,,,,,23.0,2,0,0,0,1,1,0,1.0,1.0,1.5,17.0,0.0,4.5,35.0,,,,2018,,,,1.0,5.0,1.0,13.0,0.0,3.5,30.0,,,,,,,,,,,,,,,,,,,,
Jullian Taylor,Defensive Tackle,Temple,American Athletic,77.0,294.0,,,,,,,23.0,2,0,0,0,1,1,0,0.0,0.0,0.0,22.0,0.0,11.0,41.0,,,,2018,,,,0.0,0.0,0.0,5.0,0.0,0.0,8.0,,,,,,,,,,,,,,,,,,,,
James Looney,Defensive Tackle,California,Pac-12,75.0,287.0,4.89,28.0,35.5,113.0,7.32,4.37,23.0,2,0,0,0,1,1,0,0.0,3.0,3.5,19.0,0.0,9.5,41.0,0.0,0.0,2.0,2018,0.0,0.0,1.0,1.0,2.0,3.5,21.0,0.0,7.5,55.0,,,,,,,,,,,,,,,,,,,,
Kendrick Norton,Defensive Tackle,Miami,ACC,74.0,312.0,5.25,30.0,,,,,21.0,2,0,1,1,0,0,0,1.0,1.0,2.0,14.0,0.0,6.5,26.0,,,,2018,0.0,0.0,1.0,0.0,1.0,2.0,21.0,0.0,10.0,39.0,,,,,,,,,,,,,,,,,,,,
Joshua Frazier,Defensive Tackle,Alabama,SEC,75.0,321.0,,21.0,,,,,22.0,2,0,0,1,1,0,0,3.0,1.0,0.0,8.0,0.0,2.5,15.0,,,,2018,,,,0.0,0.0,1.0,1.0,0.0,1.0,8.0,,,,,,,,,,,,,,,,,,,,
Quinnen Williams,Defensive Tackle,Alabama,SEC,75.0,303.0,4.83,,30.5,112.0,,,21.0,2,0,1,1,0,0,0,1.0,12.0,8.0,45.0,0.0,19.5,71.0,,,,2019,,,,0.0,3.0,2.0,11.0,0.0,6.5,20.0,,,,,,,,,,,,,,,,,,,,
Ed Oliver,Defensive Tackle,Houston,American Athletic,74.0,287.0,,32.0,36.0,120.0,,,21.0,3,1,1,1,0,0,0,2.0,9.0,3.0,29.0,0.0,14.5,54.0,,,,2019,0.0,0.0,1.0,3.0,7.0,5.5,47.0,0.0,16.5,73.0,6.0,7.0,5.0,46.0,0.0,21.5,65.0,,,,,,,,,,,,,
Christian Wilkins,Defensive Tackle,Clemson,ACC,75.0,315.0,5.04,28.0,29.5,107.0,,4.55,23.0,3,0,0,1,1,1,0,2.0,6.0,5.0,24.0,0.0,13.0,47.0,1.0,0.0,2.0,2019,,,,4.0,4.0,4.5,26.0,0.0,8.5,60.0,9.0,5.0,3.5,24.0,0.0,13.0,48.0,0.0,0.0,2.0,,,,,,,,,,
Dexter Lawrence,Defensive Tackle,Clemson,ACC,77.0,342.0,5.05,36.0,,,,,21.0,3,1,1,1,0,0,0,3.0,6.0,1.0,14.0,0.0,6.5,32.0,0.0,0.0,1.0,2019,,,,0.0,1.0,2.5,13.0,0.0,3.0,34.0,1.0,6.0,7.0,22.0,0.0,9.0,63.0,0.0,0.0,2.0,,,,,,,,,,
Jeffery Simmons,Defensive Tackle,Mississippi State,SEC,76.0,305.0,,,,,,,22.0,3,0,1,1,1,0,0,4.0,6.0,2.0,24.0,0.0,16.0,62.0,,,,2019,0.0,0.0,2.0,1.0,5.0,5.0,21.0,1.0,12.0,60.0,2.0,4.0,0.0,11.0,0.0,2.0,39.0,,,,,,,,,,,,,
Jerry Tillery,Defensive Tackle,Notre Dame,FBS Independents,79.0,295.0,4.93,23.0,32.0,115.0,7.45,4.33,22.0,3,0,1,1,1,0,0,0.0,5.0,8.0,18.0,0.0,9.5,29.0,,,,2019,,,,0.0,11.0,4.5,23.0,0.0,9.0,53.0,0.0,3.0,0.0,19.0,0.0,3.5,37.0,,,,,,,,,,,,,
Trysten Hill,Defensive Tackle,UCF,American Athletic,75.0,308.0,5.04,28.0,35.0,115.0,7.7,4.38,21.0,3,1,1,1,0,0,0,0.0,4.0,3.0,20.0,0.0,10.5,36.0,,,,2019,,,,0.0,5.0,2.0,9.0,0.0,4.5,20.0,0.0,1.0,1.0,12.0,0.0,6.0,16.0,,,,,,,,,,,,,
Dre'Mont Jones,Defensive Tackle,Ohio State,Big Ten,75.0,281.0,5.12,,31.5,110.0,7.71,4.53,22.0,3,0,1,1,1,0,0,1.0,3.0,8.5,26.0,1.0,13.0,41.0,0.0,0.0,2.0,2019,,,,2.0,2.0,1.0,10.0,0.0,5.0,20.0,0.0,1.0,0.0,22.0,0.0,4.0,51.0,,,,,,,,,,,,,
Renell Wren,Defensive Tackle,Arizona State,Pac-12,77.0,318.0,5.01,30.0,32.0,118.0,7.65,4.53,23.0,3,0,0,1,1,1,0,2.0,0.0,1.0,20.0,0.0,4.5,36.0,,,,2019,1.0,1.0,0.0,0.0,0.0,0.5,12.0,0.0,3.0,21.0,3.0,0.0,1.5,11.0,0.0,6.0,16.0,,,,,,,,,,,,,
Greg Gaines,Defensive Tackle,Washington,Pac-12,73.0,312.0,5.16,30.0,31.0,109.0,,,23.0,3,0,0,1,1,1,0,0.0,2.0,3.5,24.0,0.0,6.5,52.0,,,,2019,0.0,0.0,1.0,3.0,0.0,1.5,16.0,0.0,5.0,30.0,0.0,0.0,3.5,21.0,0.0,8.0,35.0,,,,,,,,,,,,,
Kingsley Keke,Defensive Tackle,Texas A&M,SEC,75.0,288.0,4.95,,31.5,111.0,7.55,4.46,22.0,3,0,1,1,1,0,0,1.0,4.0,7.5,18.0,0.0,11.0,51.0,0.0,0.0,1.0,2019,0.0,0.0,2.0,2.0,0.0,1.0,21.0,0.0,2.5,54.0,4.0,2.0,4.0,16.0,0.0,7.0,37.0,,,,,,,,,,,,,
Byron Cowart,Defensive Tackle,Maryland,Big Ten,75.0,298.0,5.16,26.0,30.0,111.0,,,23.0,3,0,0,1,1,1,0,0.0,0.0,3.0,18.0,0.0,5.0,38.0,1.0,1.0,0.0,2019,,,,0.0,1.0,0.0,1.0,0.0,0.5,3.0,0.0,0.0,0.0,5.0,0.0,1.0,6.0,,,,,,,,,,,,,
Daylon Mack,Defensive Tackle,Texas A&M,SEC,73.0,336.0,5.1,30.0,27.0,102.0,8.02,4.95,22.0,3,0,1,1,1,0,0,1.0,3.0,5.5,17.0,0.0,10.0,32.0,,,,2019,,,,0.0,1.0,1.0,10.0,0.0,5.0,19.0,1.0,0.0,1.5,10.0,0.0,2.5,25.0,,,,,,,,,,,,,
Armon Watts,Defensive Tackle,Arkansas,SEC,77.0,300.0,5.23,,,,,,23.0,3,0,0,0,0,1,0,2.0,3.0,7.0,25.0,0.0,8.5,49.0,,,,2019,,,,0.0,0.0,0.0,2.0,0.0,0.0,4.0,0.0,0.0,0.0,0.0,0.0,0.0,1.0,,,,,,,,,,,,,
Isaiah Buggs,Defensive Tackle,Alabama,SEC,75.0,306.0,5.15,20.0,24.5,96.0,8.01,4.83,23.0,2,0,0,0,1,1,0,3.0,6.0,10.0,24.0,0.0,14.0,52.0,0.0,0.0,1.0,2019,,,,0.0,7.0,1.5,20.0,0.0,4.0,51.0,,,,,,,,,,,,,,,,,,,,
Demarcus Christmas,Defensive Tackle,Florida State,ACC,75.0,294.0,5.08,22.0,25.5,101.0,8.13,5.07,24.0,3,0,0,0,1,1,1,2.0,1.0,0.0,14.0,0.0,3.0,28.0,,,,2019,0.0,0.0,1.0,4.0,2.0,1.0,19.0,0.0,4.5,36.0,5.0,0.0,2.0,11.0,0.0,2.5,21.0,0.0,0.0,1.0,,,,,,,,,,
Terry Beckner Jr.,Defensive Tackle,Missouri,SEC,76.0,296.0,,,,,,,22.0,3,0,1,1,1,0,0,1.0,5.0,3.5,24.0,0.0,11.5,34.0,,,,2019,,,,2.0,5.0,7.0,20.0,0.0,11.0,38.0,0.0,3.0,0.0,16.0,0.0,2.0,24.0,0.0,0.0,1.0,,,,,,,,,,
PJ Johnson,Defensive Tackle,Arizona,Pac-12,76.0,334.0,,,,,,,23.0,1,0,0,0,0,1,0,1.0,0.0,3.0,19.0,0.0,6.5,27.0,0.0,0.0,2.0,2019,,,,,,,,,,,,,,,,,,,,,,,,,,,,,,
Dontavius Russell,Defensive Tackle,Auburn,SEC,75.0,319.0,5.15,24.0,,,7.81,4.77,23.0,3,0,0,1,1,1,0,0.0,2.0,1.5,13.0,0.0,6.0,36.0,,,,2019,,,,2.0,5.0,2.0,17.0,0.0,5.5,42.0,1.0,6.0,0.0,9.0,0.0,0.0,29.0,,,,,,,,,,,,,
Cortez Broughton,Defensive Tackle,Cincinnati,American Athletic,74.0,293.0,,,,,,,23.0,3,0,0,1,1,1,0,5.0,5.0,5.5,30.0,0.0,16.5,50.0,,,,2019,0.0,0.0,1.0,1.0,5.0,1.0,12.0,0.0,3.5,34.0,2.0,1.0,2.5,21.0,0.0,5.0,42.0,,,,,,,,,,,,,
Chris Slayton,Defensive Tackle,Syracuse,ACC,76.0,307.0,5.13,28.0,29.0,101.0,,4.73,23.0,3,0,0,1,1,1,0,0.0,6.0,3.5,16.0,0.0,8.0,24.0,,,,2019,,,,1.0,1.0,1.0,18.0,0.0,8.5,28.0,1.0,2.0,4.0,18.0,0.0,10.0,33.0,0.0,0.0,1.0,,,,,,,,,,
Derrick Brown,Defensive Tackle,Auburn,SEC,77.0,326.0,5.16,28.0,27.0,108.0,8.22,4.79,22.0,4,1,1,1,1,0,0,4.0,2.0,4.0,33.0,0.0,12.5,55.0,0.0,0.0,2.0,2020,0.0,0.0,1.0,2.0,6.0,4.5,25.0,0.0,10.0,48.0,1.0,3.0,2.0,26.0,0.0,8.5,52.0,,,,0.0,0.0,1.0,1.0,0.0,1.0,3.0,0.0,1.5,11.0
Javon Kinlaw,Defensive Tackle,South Carolina,SEC,77.0,324.0,,,,,,,22.0,3,0,1,1,1,0,0,2.0,4.0,6.0,15.0,0.0,6.0,35.0,0.0,0.0,1.0,2020,,,,5.0,3.0,3.5,19.0,0.0,8.5,33.0,3.0,0.0,0.0,12.0,0.0,2.0,20.0,,,,,,,,,,,,,
Ross Blacklock,Defensive Tackle,TCU,Big 12,75.0,290.0,4.9,,29.0,107.0,7.77,4.67,22.0,3,0,1,1,1,0,0,0.0,3.0,3.5,25.0,0.0,9.0,40.0,,,,2020,,,,,,,,,,,0.0,0.0,2.0,13.0,0.0,6.5,25.0,,,,,,,,,,,,,
Marlon Davidson,Defensive Tackle,Auburn,SEC,75.0,303.0,5.04,21.0,,,,,22.0,4,1,1,1,1,0,0,1.0,5.0,7.5,30.0,0.0,12.5,49.0,0.0,0.0,1.0,2020,,,,3.0,11.0,3.5,20.0,0.0,4.0,46.0,1.0,4.0,3.0,18.0,0.0,6.0,40.0,0.0,0.0,1.0,0.0,0.0,1.0,4.0,6.0,2.5,23.0,0.0,6.0,38.0
Raekwon Davis,Defensive Tackle,Alabama,SEC,78.0,311.0,5.12,24.0,28.0,111.0,7.95,4.86,23.0,4,0,1,1,1,1,0,0.0,5.0,0.5,18.0,0.0,3.0,47.0,,,,2020,,,,0.0,6.0,1.5,24.0,0.0,5.5,55.0,0.0,2.0,8.5,24.0,0.0,10.0,69.0,0.0,0.0,1.0,,,,0.0,0.0,1.0,1.0,0.0,1.0,4.0
Justin Madubuike,Defensive Tackle,Texas A&M,SEC,75.0,293.0,4.83,31.0,,,7.37,,22.0,3,0,1,1,1,0,0,2.0,7.0,5.5,18.0,0.0,11.5,45.0,,,,2020,,,,2.0,5.0,5.5,18.0,0.0,10.5,40.0,0.0,0.0,0.0,7.0,0.0,2.5,20.0,,,,,,,,,,,,,
Davon Hamilton,Defensive Tackle,Ohio State,Big Ten,76.0,320.0,,,,,,,23.0,4,0,1,1,1,1,0,0.0,1.0,6.0,18.0,0.0,10.5,28.0,0.0,0.0,1.0,2020,0.0,0.0,1.0,0.0,0.0,0.0,8.0,0.0,3.5,16.0,0.0,0.0,0.5,10.0,0.0,4.5,12.0,,,,0.0,0.0,1.0,0.0,0.0,0.5,5.0,0.0,2.5,10.0
Neville Gallimore,Defensive Tackle,Oklahoma,Big 12,74.0,304.0,4.79,23.0,,,7.97,5.01,23.0,4,0,1,1,1,1,0,1.0,7.0,4.0,18.0,0.0,7.5,30.0,,,,2020,,,,0.0,4.0,3.0,16.0,0.0,5.0,50.0,1.0,4.0,1.0,11.0,0.0,1.5,23.0,,,,,,,0.0,3.0,1.0,21.0,0.0,4.0,40.0
Jordan Elliott,Defensive Tackle,Missouri,SEC,76.0,302.0,5.02,24.0,27.5,,,4.73,22.0,4,1,1,1,1,0,0,3.0,6.0,2.5,31.0,0.0,8.5,44.0,,,,2020,,,,1.0,2.0,3.0,17.0,0.0,8.0,24.0,,,,,,,,,,,,,,0.0,0.0,0.0,4.0,0.0,1.5,8.0
McTelvin Agim,Defensive Tackle,Arkansas,SEC,75.0,309.0,4.98,27.0,,,,,22.0,4,1,1,1,1,0,0,0.0,3.0,5.0,20.0,0.0,8.5,39.0,0.0,0.0,1.0,2020,0.0,0.0,1.0,1.0,11.0,4.5,19.0,0.0,10.0,45.0,3.0,3.0,2.5,15.0,0.0,7.5,37.0,,,,,,,0.0,2.0,2.5,8.0,0.0,5.5,27.0
Leki Fotu,Defensive Tackle,Utah,Pac-12,77.0,330.0,5.15,21.0,,,,,22.0,4,0,1,1,1,0,0,2.0,2.0,1.5,9.0,0.0,8.0,28.0,,,,2020,,,,0.0,2.0,3.0,18.0,0.0,5.5,33.0,1.0,0.0,0.0,14.0,0.0,3.5,22.0,0.0,0.0,1.0,,,,0.0,0.0,0.0,1.0,0.0,0.0,1.0
James Lynch,Defensive Tackle,Baylor,Big 12,76.0,289.0,5.01,23.0,29.0,111.0,7.39,4.39,21.0,3,1,1,1,0,0,0,5.0,13.0,13.5,23.0,0.0,19.5,41.0,0.0,0.0,1.0,2020,,,,2.0,6.0,5.5,21.0,0.0,9.0,36.0,0.0,0.0,3.0,15.0,0.0,5.0,20.0,0.0,0.0,1.0,,,,,,,,,,
Rashard Lawrence,Defensive Tackle,LSU,SEC,74.0,308.0,,,,,,,22.0,4,1,1,1,1,0,0,3.0,1.0,2.5,11.0,0.0,6.0,28.0,,,,2020,,,,3.0,2.0,4.0,23.0,0.0,10.5,54.0,1.0,3.0,1.5,11.0,0.0,3.5,32.0,,,,,,,0.0,0.0,1.0,2.0,0.0,1.0,6.0
Broderick Washington Jr,Defensive Tackle,Texas Tech,Big 12,74.0,305.0,,,,,,,23.0,4,0,1,1,1,1,0,2.0,7.0,2.5,24.0,0.0,5.5,39.0,0.0,0.0,1.0,2020,,,,0.0,4.0,3.0,19.0,0.0,7.0,41.0,0.0,3.0,2.0,29.0,0.0,2.0,44.0,,,,,,,0.0,2.0,1.0,10.0,0.0,1.0,14.0
Larrell Murchison,Defensive Tackle,NC State,ACC,75.0,297.0,5.05,29.0,29.0,118.0,7.89,4.51,23.0,2,0,0,0,1,1,0,2.0,5.0,7.0,24.0,0.0,12.0,48.0,0.0,0.0,2.0,2020,0.0,0.0,1.0,2.0,0.0,4.0,16.0,0.0,8.0,34.0,,,,,,,,,,,,,,,,,,,,
Bravvion Roy,Defensive Tackle,Baylor,Big 12,73.0,330.0,,,,,,,23.0,4,0,1,1,1,1,0,0.0,7.0,5.5,35.0,0.0,13.0,61.0,,,,2020,,,,0.0,0.0,1.5,15.0,0.0,3.0,30.0,0.0,0.0,0.5,16.0,0.0,3.0,31.0,,,,,,,0.0,1.0,0.0,5.0,0.0,0.0,7.0
Robert Windsor,Defensive Tackle,Penn State,Big Ten,77.0,290.0,,,,,,,23.0,4,0,1,1,1,1,0,0.0,8.0,3.5,13.0,0.0,5.0,40.0,,,,2020,,,,0.0,3.0,7.5,21.0,0.0,10.0,38.0,0.0,1.0,2.0,6.0,0.0,2.5,19.0,0.0,0.0,3.0,,,,0.0,1.0,1.0,10.0,0.0,1.5,23.0
Khalil Davis,Defensive Tackle,Nebraska,Big Ten,73.0,308.0,4.75,32.0,,,,,24.0,4,0,0,1,1,1,1,1.0,0.0,8.0,28.0,0.0,12.0,44.0,,,,2020,0.0,0.0,1.0,0.0,4.0,3.0,24.0,0.0,8.0,41.0,1.0,2.0,2.0,7.0,0.0,4.0,15.0,,,,,,,0.0,0.0,0.0,4.0,0.0,2.0,5.0
John Penisini,Defensive Tackle,Utah,Pac-12,73.0,318.0,,23.0,25.5,,,4.93,23.0,3,0,0,1,1,1,0,1.0,0.0,2.0,9.0,0.0,7.0,38.0,,,,2020,,,,1.0,1.0,2.0,19.0,0.0,7.0,38.0,0.0,0.0,1.0,1.0,0.0,1.0,4.0,0.0,0.0,1.0,,,,,,,,,,
Carlos Davis,Defensive Tackle,Nebraska,Big Ten,74.0,313.0,4.82,27.0,,,,4.52,24.0,4,0,0,1,1,1,1,3.0,1.0,4.0,17.0,0.0,6.0,32.0,0.0,0.0,1.0,2020,0.0,0.0,1.0,5.0,1.0,1.0,13.0,0.0,3.0,27.0,0.0,6.0,2.5,18.0,0.0,3.5,42.0,,,,,,,0.0,3.0,2.0,11.0,0.0,5.0,24.0
Christian Barmore,Defensive Tackle,Alabama,SEC,76.0,310.0,4.93,,,,,,22.0,2,0,0,1,1,0,0,3.0,5.0,6.0,20.0,0.0,7.5,34.0,,,,2021,,,,2.0,5.0,2.0,12.0,0.0,6.0,26.0,,,,,,,,,,,,,,,,,,,,
Levi Onwuzurike,Defensive Tackle,Washington,Pac-12,75.0,290.0,4.89,29.0,30.0,109.0,,,23.0,4,0,1,1,1,1,0,,,,,,,,,,,2021,,,,0.0,0.0,2.0,20.0,0.0,6.0,45.0,0.0,2.0,3.0,16.0,0.0,6.0,31.0,,,,,,,0.0,0.0,2.0,11.0,0.0,3.5,16.0
Alim McNeill,Defensive Tackle,NC State,ACC,74.0,317.0,,,,,,,21.0,3,1,1,1,0,0,0,0.0,1.0,1.0,6.0,1.0,4.5,25.0,0.0,0.0,1.0,2021,,,,2.0,0.0,5.5,16.0,0.0,7.5,28.0,3.0,3.0,3.5,14.0,0.0,5.5,24.0,,,,,,,,,,,,,
Milton Williams,Defensive Tackle,Louisiana Tech,Conference USA,75.0,284.0,4.67,34.0,38.5,121.0,6.96,4.33,22.0,3,0,0,1,1,0,0,0.0,2.0,4.5,22.0,0.0,10.0,45.0,0.0,0.0,1.0,2021,0.0,0.0,2.0,1.0,6.0,5.5,27.0,0.0,9.0,59.0,0.0,0.0,0.0,1.0,0.0,0.0,1.0,,,,,,,,,,,,,
Osa Odighizuwa,Defensive Tackle,UCLA,Pac-12,74.0,282.0,,,,,,,23.0,4,0,1,1,1,1,0,1.0,2.0,4.0,12.0,0.0,6.0,30.0,,,,2021,,,,1.0,3.0,3.5,25.0,0.0,10.0,46.0,2.0,1.0,3.0,20.0,0.0,6.0,29.0,,,,0.0,0.0,1.0,0.0,1.0,1.0,10.0,0.0,5.5,15.0
Jay Tufele,Defensive Tackle,USC,Pac-12,74.0,305.0,5.0,30.0,30.0,105.0,7.8,4.88,22.0,3,0,1,1,1,0,0,,,,,,,,,,,2021,,,,1.0,1.0,3.5,21.0,0.0,5.5,41.0,0.0,2.0,1.0,9.0,1.0,2.5,16.0,0.0,0.0,1.0,,,,,,,,,,
Bobby Brown III,Defensive Tackle,Texas A&M,SEC,76.0,321.0,,,,,,,21.0,3,1,1,1,0,0,0,0.0,1.0,5.5,10.0,0.0,7.5,22.0,,,,2021,,,,1.0,3.0,0.5,8.0,0.0,2.0,21.0,0.0,1.0,0.0,5.0,0.0,1.0,14.0,,,,,,,,,,,,,
Tyler Shelvin,Defensive Tackle,LSU,SEC,74.0,350.0,5.4,,28.5,97.0,8.15,5.05,23.0,3,0,0,1,1,1,0,,,,,,,,,,,2021,,,,2.0,1.0,0.0,13.0,0.0,3.0,39.0,0.0,0.0,1.5,2.0,0.0,1.5,9.0,,,,,,,,,,,,,
Tommy Togiai,Defensive Tackle,Ohio State,Big Ten,74.0,296.0,4.97,40.0,32.0,105.0,7.2,4.49,21.0,3,1,1,1,0,0,0,2.0,0.0,3.0,12.0,0.0,4.5,23.0,,,,2021,,,,1.0,0.0,0.0,8.0,0.0,2.0,16.0,0.0,0.0,0.0,7.0,0.0,2.0,10.0,,,,,,,,,,,,,
Ta'Quon Graham,Defensive Tackle,Texas,Big 12,75.0,292.0,4.89,32.0,32.5,113.0,7.31,4.68,22.0,4,1,1,1,1,0,0,0.0,2.0,1.0,12.0,0.0,7.0,23.0,0.0,0.0,2.0,2021,,,,1.0,2.0,3.5,16.0,0.0,11.5,30.0,0.0,0.0,1.0,10.0,0.0,2.5,12.0,,,,,,,0.0,0.0,1.0,4.0,0.0,2.0,6.0
Isaiahh Loudermilk,Defensive Tackle,Wisconsin,Big Ten,79.0,293.0,5.08,21.0,28.5,112.0,7.52,4.55,23.0,4,0,1,1,1,1,0,0.0,3.0,2.0,9.0,0.0,2.5,13.0,,,,2021,,,,4.0,2.0,3.0,13.0,0.0,5.0,24.0,2.0,1.0,1.0,8.0,0.0,2.0,14.0,,,,,,,1.0,0.0,1.5,6.0,0.0,1.5,10.0
Daviyon Nixon,Defensive Tackle,Iowa,Big Ten,75.0,313.0,4.9,,28.5,106.0,7.68,4.7,22.0,2,0,0,1,1,0,0,0.0,1.0,5.5,22.0,1.0,13.5,45.0,,,,2021,,,,1.0,5.0,3.0,19.0,0.0,5.5,29.0,,,,,,,,,,,,,,,,,,,,
Tedarrell Slaton,Defensive Tackle,Florida,SEC,76.0,330.0,5.09,27.0,29.0,109.0,7.91,4.81,23.0,4,0,1,1,1,1,0,0.0,5.0,1.5,14.0,0.0,3.5,38.0,,,,2021,,,,1.0,3.0,2.0,12.0,0.0,4.0,29.0,0.0,0.0,0.0,4.0,0.0,1.0,21.0,0.0,0.0,1.0,,,,0.0,1.0,0.0,5.0,0.0,1.5,11.0
Marlon Tuipulotu,Defensive Tackle,USC,Pac-12,74.0,307.0,,,,,,,22.0,4,0,1,1,1,0,0,0.0,0.0,1.0,11.0,0.0,2.5,19.0,,,,2021,,,,3.0,0.0,2.0,23.0,0.0,6.0,46.0,0.0,0.0,3.0,9.0,0.0,3.5,25.0,,,,,,,0.0,0.0,0.0,1.0,0.0,0.0,2.0
Quinton Bohanna,Defensive Tackle,Kentucky,SEC,76.0,327.0,5.46,,29.0,99.0,8.21,5.15,22.0,4,1,1,1,1,0,0,2.0,3.0,0.0,3.0,0.0,2.0,10.0,,,,2021,,,,1.0,0.0,1.0,9.0,0.0,3.0,18.0,0.0,0.0,1.0,8.0,0.0,4.5,17.0,0.0,0.0,1.0,,,,1.0,0.0,0.0,5.0,0.0,0.0,13.0
Roy Lopez,Defensive Tackle,Arizona,Pac-12,74.0,304.0,5.19,36.0,31.0,105.0,7.39,4.51,24.0,4,0,0,1,1,1,1,0.0,0.0,1.0,10.0,0.0,4.0,18.0,,,,2021,,,,0.0,0.0,2.0,4.0,0.0,2.5,11.0,1.0,2.0,4.0,25.0,0.0,12.5,63.0,0.0,0.0,2.0,,,,3.0,5.0,2.0,11.0,0.0,4.5,39.0
Jaylen Twyman,Defensive Tackle,Pittsburgh,ACC,74.0,301.0,5.4,40.0,32.5,104.0,8.0,,22.0,3,0,1,1,1,0,0,,,,,,,,,,,2021,,,,2.0,2.0,10.5,23.0,0.0,12.0,41.0,0.0,1.0,0.5,6.0,0.0,1.5,15.0,,,,,,,,,,,,,
Jonathan Marshall,Defensive Tackle,Arkansas,SEC,75.0,310.0,4.88,36.0,32.0,114.0,,,23.0,4,0,1,1,1,1,0,1.0,4.0,1.0,20.0,0.0,6.5,35.0,,,,2021,,,,0.0,3.0,0.5,8.0,0.0,4.5,17.0,0.0,0.0,0.0,4.0,0.0,0.0,13.0,,,,,,,0.0,2.0,0.0,2.0,0.0,0.5,6.0
Phil Hoskins,Defensive Tackle,Kentucky,SEC,77.0,315.0,5.23,20.0,30.5,103.0,7.87,4.85,24.0,4,0,0,1,1,1,1,0.0,5.0,1.0,15.0,0.0,4.0,30.0,,,,2021,,,,,,,,,,,0.0,1.0,3.0,9.0,0.0,3.5,21.0,,,,0.0,0.0,1.0,0.0,1.0,0.0,1.0,0.0,0.0,2.0
Khyiris Tonga,Defensive Tackle,BYU,FBS Independents,74.0,325.0,,35.0,,,,,25.0,4,0,0,0,1,1,1,5.0,3.0,2.5,12.0,0.0,2.5,36.0,,,,2021,,,,2.0,1.0,1.0,28.0,0.0,4.0,45.0,2.0,1.0,2.0,19.0,0.0,4.5,29.0,,,,,,,3.0,0.0,2.0,9.0,0.0,4.0,19.0
Jordan Davis,Defensive Tackle,Georgia,SEC,78.0,341.0,4.78,,32.0,123.0,,,22.0,4,1,1,1,1,0,0,1.0,1.0,2.0,17.0,0.0,5.5,32.0,,,,2022,,,,0.0,0.0,1.0,7.0,0.0,1.0,16.0,0.0,1.0,2.5,7.0,0.0,4.0,17.0,,,,,,,0.0,0.0,1.5,6.0,0.0,1.5,25.0
Devonte Wyatt,Defensive Tackle,Georgia,SEC,75.0,304.0,4.77,,29.0,111.0,,,24.0,4,0,0,1,1,1,1,1.0,3.0,2.5,18.0,0.0,7.0,39.0,0.0,0.0,1.0,2022,,,,1.0,1.0,0.0,12.0,0.0,2.0,25.0,0.0,1.0,1.0,11.0,0.0,1.5,30.0,,,,,,,1.0,0.0,1.5,8.0,0.0,1.5,19.0
Phidarian Mathis,Defensive Tackle,Alabama,SEC,76.0,310.0,,,23.5,109.0,,4.91,24.0,4,0,0,1,1,1,1,2.0,6.0,9.0,20.0,0.0,11.5,53.0,0.0,0.0,2.0,2022,,,,3.0,3.0,1.0,15.0,0.0,4.5,29.0,0.0,2.0,0.0,13.0,0.0,0.5,27.0,,,,0.0,0.0,1.0,0.0,0.0,0.0,4.0,0.0,0.0,18.0
Travis Jones,Defensive Tackle,UConn,FBS Independents,76.0,325.0,4.92,,28.5,110.0,7.33,4.58,22.0,4,1,1,1,1,0,0,0.0,7.0,4.5,16.0,0.0,7.5,48.0,,,,2022,,,,,,,,,,,0.0,3.0,3.5,14.0,0.0,6.0,40.0,0.0,0.0,1.0,,,,0.0,0.0,0.5,17.0,0.0,5.5,46.0
Zachary Carter,Defensive Tackle,Florida,SEC,76.0,282.0,4.99,19.0,27.5,110.0,,,23.0,4,0,1,1,1,1,0,2.0,3.0,8.0,15.0,0.0,11.5,31.0,,,,2022,0.0,0.0,2.0,2.0,12.0,5.0,14.0,1.0,9.5,36.0,2.0,4.0,4.5,10.0,0.0,6.0,30.0,,,,,,,2.0,1.0,0.0,1.0,0.0,1.0,8.0
Perrion Winfrey,Defensive Tackle,Oklahoma,Big 12,76.0,290.0,4.89,,,,,,22.0,2,0,0,1,1,0,0,0.0,2.0,5.5,11.0,0.0,11.0,23.0,,,,2022,,,,3.0,1.0,0.5,9.0,0.0,5.5,17.0,,,,,,,,,,,,,,,,,,,,
Neil Farrell Jr.,Defensive Tackle,LSU,SEC,76.0,330.0,,,,,,,23.0,4,0,1,1,1,1,0,2.0,1.0,2.0,20.0,0.0,9.5,45.0,,,,2022,,,,1.0,0.0,1.0,8.0,0.0,1.5,24.0,1.0,4.0,3.0,15.0,0.0,7.0,46.0,,,,,,,1.0,2.0,1.5,10.0,0.0,4.0,23.0
D.J. Davidson,Defensive Tackle,Arizona State,Pac-12,75.0,327.0,,,,,,,22.0,4,1,1,1,1,0,0,4.0,1.0,0.5,21.0,0.0,6.0,57.0,0.0,0.0,1.0,2022,,,,0.0,0.0,1.0,9.0,0.0,1.5,19.0,1.0,2.0,1.5,26.0,0.0,4.5,51.0,,,,,,,1.0,0.0,2.0,6.0,0.0,3.5,10.0
Thomas Booker,Defensive Tackle,Stanford,Pac-12,75.0,301.0,4.94,,,110.0,7.33,4.41,22.0,4,1,1,1,1,0,0,1.0,6.0,1.5,28.0,0.0,5.0,59.0,,,,2022,,,,2.0,0.0,1.0,15.0,0.0,3.0,21.0,3.0,2.0,4.0,32.0,0.0,8.5,50.0,,,,0.0,0.0,1.0,2.0,1.0,3.5,14.0,0.0,4.0,29.0
Otito Ogbonnia,Defensive Tackle,UCLA,Pac-12,76.0,324.0,,29.0,,,,,22.0,4,1,1,1,1,0,0,2.0,2.0,2.0,15.0,0.0,5.0,27.0,0.0,0.0,1.0,2022,,,,2.0,1.0,1.5,7.0,0.0,1.5,16.0,1.0,0.0,1.0,9.0,0.0,2.0,12.0,,,,,,,1.0,1.0,0.0,9.0,0.0,0.0,21.0
Matthew Butler,Defensive Tackle,Tennessee,SEC,76.0,297.0,5.0,17.0,32.0,112.0,7.89,4.81,23.0,4,0,1,1,1,1,0,0.0,7.0,5.0,19.0,0.0,8.5,47.0,,,,2022,,,,1.0,4.0,2.0,22.0,0.0,3.0,43.0,2.0,1.0,2.5,23.0,0.0,3.0,45.0,,,,,,,0.0,0.0,0.0,2.0,0.0,1.0,13.0
John Ridgeway,Defensive Tackle,Arkansas,SEC,77.0,321.0,5.3,,,101.0,,4.73,23.0,1,0,0,0,0,1,0,0.0,1.0,2.0,11.0,0.0,4.0,39.0,,,,2022,,,,,,,,,,,,,,,,,,,,,,,,,,,,,,
Jordan Jackson,Defensive Tackle,Air Force,Mountain West,77.0,294.0,,,,,,,24.0,4,0,0,1,1,1,1,1.0,1.0,7.5,24.0,0.0,12.5,41.0,,,,2022,,,,,,,,,,,2.0,4.0,3.5,16.0,0.0,4.5,38.0,,,,,,,1.0,1.0,2.5,17.0,0.0,9.5,39.0
Matt Henningsen,Defensive Tackle,Wisconsin,Big Ten,75.0,289.0,,,,,,,23.0,4,0,1,1,1,1,0,1.0,0.0,3.5,14.0,0.0,6.0,34.0,,,,2022,,,,0.0,0.0,0.0,1.0,0.0,0.0,2.0,2.0,2.0,4.0,14.0,2.0,5.0,24.0,0.0,0.0,3.0,,,,1.0,3.0,1.0,8.0,0.0,2.0,28.0
Curtis Brooks,Defensive Tackle,Cincinnati,American Athletic,,,,,,,,,24.0,4,0,0,1,1,1,1,0.0,3.0,7.5,32.0,0.0,12.5,56.0,0.0,0.0,1.0,2022,,,,0.0,1.0,2.5,18.0,0.0,2.5,26.0,2.0,4.0,2.0,24.0,0.0,7.5,41.0,0.0,0.0,1.0,,,,0.0,0.0,0.0,8.0,0.0,0.0,23.0
Kalia Davis,Defensive Tackle,UCF,American Athletic,73.0,302.0,,,,,,,23.0,4,0,1,1,1,1,0,0.0,3.0,1.0,8.0,0.0,4.5,17.0,,,,2022,,,,,,,,,,,1.0,2.0,3.0,14.0,0.0,8.0,26.0,0.0,0.0,1.0,,,,1.0,1.0,0.0,10.0,0.0,2.5,17.0
Jonathan Ford,Defensive Tackle,Miami,ACC,77.0,333.0,,,29.0,102.0,,,22.0,4,1,1,1,1,0,0,0.0,1.0,0.0,4.0,0.0,1.0,14.0,,,,2022,,,,0.0,1.0,0.0,9.0,0.0,1.5,19.0,1.0,0.0,3.0,7.0,0.0,3.5,18.0,,,,,,,0.0,0.0,0.0,1.0,0.0,2.0,8.0
