name,position,college,conference,height,weight,Y0_defensive_PD,Y0_defensive_QB HUR,Y0_defensive_SACKS,Y0_defensive_SOLO,Y0_defensive_TD,Y0_defensive_TFL,Y0_defensive_TOT,Y0_fumbles_FUM,Y0_fumbles_LOST,Y0_fumbles_REC,Y1_interceptions_AVG,Y1_interceptions_INT,Y1_interceptions_TD,Y1_interceptions_YDS,Y1_puntReturns_AVG,Y1_puntReturns_LONG,Y1_puntReturns_NO,Y1_puntReturns_TD,Y1_puntReturns_YDS,Y0_passing_ATT,Y0_passing_COMPLETIONS,Y0_passing_INT,Y0_passing_PCT,Y0_passing_TD,Y0_passing_YDS,Y0_passing_YPA,Y0_receiving_LONG,Y0_receiving_REC,Y0_receiving_TD,Y0_receiving_YDS,Y0_receiving_YPR,Y0_rushing_CAR,Y0_rushing_LONG,Y0_rushing_TD,Y0_rushing_YDS,Y0_rushing_YPC,Y1_receiving_LONG,Y1_receiving_REC,Y1_receiving_TD,Y1_receiving_YDS,Y1_receiving_YPR,Y1_rushing_CAR,Y1_rushing_LONG,Y1_rushing_TD,Y1_rushing_YDS,Y1_rushing_YPC,Y2_kickReturns_AVG,Y2_kickReturns_LONG,Y2_kickReturns_NO,Y2_kickReturns_TD,Y2_kickReturns_YDS,Y2_receiving_LONG,Y2_receiving_REC,Y2_receiving_TD,Y2_receiving_YDS,Y2_receiving_YPR,Y2_rushing_CAR,Y2_rushing_LONG,Y2_rushing_TD,Y2_rushing_YDS,Y2_rushing_YPC,Y0_kickReturns_AVG,Y0_kickReturns_LONG,Y0_kickReturns_NO,Y0_kickReturns_TD,Y0_kickReturns_YDS,Y1_passing_ATT,Y1_passing_COMPLETIONS,Y1_passing_INT,Y1_passing_PCT,Y1_passing_TD,Y1_passing_YDS,Y1_passing_YPA,Y2_passing_ATT,Y2_passing_COMPLETIONS,Y2_passing_INT,Y2_passing_PCT,Y2_passing_TD,Y2_passing_YDS,Y2_passing_YPA,Y3_receiving_LONG,Y3_receiving_REC,Y3_receiving_TD,Y3_receiving_YDS,Y3_receiving_YPR,Y3_rushing_CAR,Y3_rushing_LONG,Y3_rushing_TD,Y3_rushing_YDS,Y3_rushing_YPC,Y0_interceptions_AVG,Y0_interceptions_INT,Y0_interceptions_TD,Y0_interceptions_YDS,Y0_puntReturns_AVG,Y0_puntReturns_LONG,Y0_puntReturns_NO,Y0_puntReturns_TD,Y0_puntReturns_YDS,Y1_kickReturns_AVG,Y1_kickReturns_LONG,Y1_kickReturns_NO,Y1_kickReturns_TD,Y1_kickReturns_YDS,Y2_puntReturns_AVG,Y2_puntReturns_LONG,Y2_puntReturns_NO,Y2_puntReturns_TD,Y2_puntReturns_YDS,Y2_interceptions_AVG,Y2_interceptions_INT,Y2_interceptions_TD,Y2_interceptions_YDS,Y3_kickReturns_AVG,Y3_kickReturns_LONG,Y3_kickReturns_NO,Y3_kickReturns_TD,Y3_kickReturns_YDS,Y3_puntReturns_AVG,Y3_puntReturns_LONG,Y3_puntReturns_NO,Y3_puntReturns_TD,Y3_puntReturns_YDS,Y0_punting_In 20,Y0_punting_LONG,Y0_punting_NO,Y0_punting_TB,Y0_punting_YDS,Y0_punting_YPP,Y1_punting_In 20,Y1_punting_LONG,Y1_punting_NO,Y1_punting_TB,Y1_punting_YDS,Y1_punting_YPP,Y3_interceptions_AVG,Y3_interceptions_INT,Y3_interceptions_TD,Y3_interceptions_YDS,Y3_passing_ATT,Y3_passing_COMPLETIONS,Y3_passing_INT,Y3_passing_PCT,Y3_passing_TD,Y3_passing_YDS,Y3_passing_YPA,Y0_kicking_FGA,Y0_kicking_FGM,Y0_kicking_LONG,Y0_kicking_PCT,Y0_kicking_PTS,Y0_kicking_XPA,Y0_kicking_XPM,Y1_kicking_FGA,Y1_kicking_FGM,Y1_kicking_LONG,Y1_kicking_PCT,Y1_kicking_PTS,Y1_kicking_XPA,Y1_kicking_XPM,Y2_kicking_FGA,Y2_kicking_FGM,Y2_kicking_LONG,Y2_kicking_PCT,Y2_kicking_PTS,Y2_kicking_XPA,Y2_kicking_XPM,Y3_kicking_FGA,Y3_kicking_FGM,Y3_kicking_LONG,Y3_kicking_PCT,Y3_kicking_PTS,Y3_kicking_XPA,Y3_kicking_XPM,Y1_fumbles_FUM,Y1_fumbles_LOST,Y1_fumbles_REC,Y1_defensive_PD,Y1_defensive_QB HUR,Y1_defensive_SACKS,Y1_defensive_SOLO,Y1_defensive_TD,Y1_defensive_TFL,Y1_defensive_TOT,Y2_punting_In 20,Y2_punting_LONG,Y2_punting_NO,Y2_punting_TB,Y2_punting_YDS,Y2_punting_YPP,Y3_punting_In 20,Y3_punting_LONG,Y3_punting_NO,Y3_punting_TB,Y3_punting_YDS,Y3_punting_YPP,Y2_defensive_PD,Y2_defensive_QB HUR,Y2_defensive_SACKS,Y2_defensive_SOLO,Y2_defensive_TD,Y2_defensive_TFL,Y2_defensive_TOT,Y2_fumbles_FUM,Y2_fumbles_LOST,Y2_fumbles_REC,Y3_fumbles_FUM,Y3_fumbles_LOST,Y3_fumbles_REC,Y3_defensive_PD,Y3_defensive_QB HUR,Y3_defensive_SACKS,Y3_defensive_SOLO,Y3_defensive_TD,Y3_defensive_TFL,Y3_defensive_TOT,forty,bench,vertical,broad_jump,cone,shuttle
Joe Burrow,Quarterback,LSU,SEC,76.0,221.0,,,,,,,,4.0,1.0,0.0,,,,,,,,,,527.0,402.0,6.0,0.763,60.0,5671.0,10.8,,,,,,115.0,29.0,5.0,369.0,3.2,,,,,,128.0,59.0,7.0,399.0,3.1,,,,,,,,,,,3.0,4.0,0.0,-5.0,-1.7,,,,,,379.0,219.0,5.0,0.578,16.0,2893.0,7.6,11.0,7.0,0.0,0.636,0.0,61.0,5.5,,,,,,12.0,12.0,1.0,58.0,4.8,,,,,,,,,,,,,,,,,,,,,,,,,,,,,,,,,,,,,,,,,,,,,,,,,,28.0,22.0,0.0,0.786,2.0,226.0,8.1,,,,,,,,,,,,,,,,,,,,,,,,,,,,,5.0,4.0,0.0,,,,,,,,,,,,,,,,,,,,,,,,,,,1.0,0.0,0.0,1.0,0.0,0.0,,,,,,,,,,,,,
Chase Young,Defensive End,Ohio State,Big Ten,77.0,264.0,3.0,7.0,16.5,32.0,0.0,21.0,46.0,,,,,,,,,,,,,,,,,,,,,,,,,,,,,,,,,,,,,,,,,,,,,,,,,,,,,,,,,,,,,,,,,,,,,,,,,,,,,,,,,,,,,,,,,,,,,,,,,,,,,,,,,,,,,,,,,,,,,,,,,,,,,,,,,,,,,,,,,,,,,,,,,,,,,,,,,,,,,,,,,,,,,,,,,,,5.0,9.0,9.5,24.0,0.0,14.5,33.0,,,,,,,,,,,,,0.0,0.0,3.5,11.0,0.0,5.0,18.0,,,,,,,,,,,,,,,,,,,
Jeff Okudah,Cornerback,Ohio State,Big Ten,73.0,205.0,9.0,0.0,0.0,28.0,0.0,1.0,34.0,,,,,,,,,,,,,,,,,,,,,,,,,,,,,,,,,,,,,,,,,,,,,,,,,,,,,,,,,,,,,,,,,,,,,,,,,,,,,,,,,,,,0.0,3.0,0.0,0.0,,,,,,,,,,,,,,,,,,,,,,,,,,,,,,,,,,,,,,,,,,,,,,,,,,,,,,,,,,,,,,,,,,,,,,,,,,,,,,,,,0.0,0.0,1.0,8.0,0.0,0.0,24.0,0.0,0.0,32.0,,,,,,,,,,,,,1.0,0.0,0.0,12.0,0.0,0.0,17.0,0.0,0.0,1.0,,,,,,,,,,,4.48,11.0,41.0,135.0,,
Tua Tagovailoa,Quarterback,Alabama,SEC,72.0,217.0,,,,,,,,1.0,1.0,0.0,,,,,,,,,,252.0,180.0,3.0,0.714,33.0,2840.0,11.3,,,,,,23.0,25.0,2.0,17.0,0.7,,,,,,57.0,44.0,5.0,190.0,3.3,,,,,,,,,,,27.0,23.0,2.0,133.0,4.9,,,,,,355.0,245.0,6.0,0.69,43.0,3966.0,11.2,77.0,49.0,2.0,0.636,11.0,636.0,8.3,,,,,,,,,,,,,,,,,,,,,,,,,,,,,,,,,,,,,,,,,,,,,,,,,,,,,,,,,,,,,,,,,,,,,,,,,,,,,,,,,,,,,,,,,,,,,,,3.0,2.0,0.0,,,,,,,,,,,,,,,,,,,,,,,,,,,1.0,0.0,0.0,,,,,,,,,,,,,,,,
Justin Herbert,Quarterback,Oregon,Pac-12,78.0,236.0,,,,,,,,4.0,1.0,0.0,,,,,,,,,,428.0,286.0,6.0,0.668,32.0,3471.0,8.1,,,,,,58.0,30.0,4.0,50.0,0.9,,,,,,71.0,37.0,2.0,166.0,2.3,,,,,,,,,,,44.0,40.0,5.0,183.0,4.2,,,,,,404.0,240.0,8.0,0.594,29.0,3151.0,7.8,206.0,139.0,5.0,0.675,15.0,1983.0,9.6,,,,,,58.0,26.0,2.0,161.0,2.8,,,,,,,,,,,,,,,,,,,,,,,,,,,,,,,,,,,,,,,,,,,,,,,,,,255.0,162.0,4.0,0.635,19.0,1936.0,7.6,,,,,,,,,,,,,,,,,,,,,,,,,,,,,2.0,0.0,0.0,,,,,,,,,,,,,,,,,,,,,,,,,,,4.0,2.0,0.0,1.0,0.0,0.0,,,,,,,,4.68,,35.5,123.0,7.06,4.46
Derrick Brown,Defensive Tackle,Auburn,SEC,77.0,326.0,4.0,2.0,4.0,33.0,0.0,12.5,55.0,0.0,0.0,2.0,,,,,,,,,,,,,,,,,,,,,,,,,,,,,,,,,,,,,,,,,,,,,,,,,,,,,,,,,,,,,,,,,,,,,,,,,,,,,,,,,,,,,,,,,,,,,,,,,,,,,,,,,,,,,,,,,,,,,,,,,,,,,,,,,,,,,,,,,,,,,,,,,,,,,,,,,,,,,,,,,,,,,0.0,0.0,1.0,2.0,6.0,4.5,25.0,0.0,10.0,48.0,,,,,,,,,,,,,1.0,3.0,2.0,26.0,0.0,8.5,52.0,,,,0.0,0.0,1.0,1.0,0.0,1.0,3.0,0.0,1.5,11.0,5.16,28.0,27.0,108.0,8.22,4.79
Isaiah Simmons,Outside Linebacker,Clemson,ACC,76.0,238.0,8.0,5.0,8.0,67.0,0.0,16.5,104.0,0.0,0.0,1.0,27.0,1.0,1.0,27.0,,,,,,,,,,,,,,,,,,,,,,,,,,,,,,,,,,,,,,,,,,,,,,,,,,,,,,,,,,,,,,,,,,,,,,,,,,,,,14.0,3.0,0.0,42.0,,,,,,,,,,,,,,,,,,,,,,,,,,,,,,,,,,,,,,,,,,,,,,,,,,,,,,,,,,,,,,,,,,,,,,,,,,,,,,,,,,,,6.0,1.0,1.0,46.0,1.0,8.0,79.0,,,,,,,,,,,,,6.0,1.0,1.0,27.0,0.0,3.0,45.0,,,,,,,0.0,0.0,0.0,1.0,0.0,0.0,1.0,4.39,,39.0,132.0,,
CJ Henderson,Cornerback,Florida,SEC,73.0,204.0,11.0,1.0,1.0,26.0,0.0,3.0,33.0,,,,0.0,2.0,0.0,0.0,,,,,,,,,,,,,,,,,,,,,,,,,,,,,,,,,,,,,,,,,,,,,,,,,,,,,,,,,,,,,,,,,,,,,,,,,,,,,,,,,,,,,,,,,,,,,,,,20.5,4.0,2.0,82.0,,,,,,,,,,,,,,,,,,,,,,,,,,,,,,,,,,,,,,,,,,,,,,,,,,,,,,,,,,,,,,,,,5.0,2.0,3.0,26.0,0.0,5.5,38.0,,,,,,,,,,,,,4.0,0.0,0.0,14.0,2.0,0.0,22.0,1.0,1.0,0.0,,,,,,,,,,,,,,,,
Mekhi Becton,Offensive Tackle,Louisville,ACC,79.0,364.0,,,,,,,,,,,,,,,,,,,,,,,,,,,,,,,,,,,,,,,,,,,,,,,,,,,,,,,,,,,,,,,,,,,,,,,,,,,,,,,,,,,,,,,,,,,,,,,,,,,,,,,,,,,,,,,,,,,,,,,,,,,,,,,,,,,,,,,,,,,,,,,,,,,,,,,,,,,,,,,,,,,,,,,,,,,,,,,,,,,,,,,,,,,,,,,,,,,,,,,,,,,,,,,,,,,,,,,,,5.1,23.0,,,,
Henry Ruggs III,Wide Receiver,Alabama,SEC,71.0,188.0,,,,,,,,,,,,,,,,,,,,,,,,,,,81.0,40.0,7.0,746.0,18.7,2.0,75.0,1.0,75.0,37.5,57.0,46.0,11.0,741.0,16.1,,,,,,18.4,23.0,13.0,0.0,239.0,60.0,12.0,6.0,229.0,19.1,,,,,,23.8,40.0,12.0,0.0,286.0,,,,,,,,,,,,,,,,,,,,,,,,,,,,,,,,,,,,,,,5.8,16.0,8.0,0.0,46.0,,,,,,,,,,,,,,,,,,,,,,,,,,,,,,,,,,,,,,,,,,,,,,,,,,,,,,,,,,,,,,,,,,1.0,1.0,0.0,,,,,,,,,,,,,,,,,,,,,,,,,,,3.0,2.0,0.0,,,,,,,,,,,4.27,,42.0,131.0,,
Tristan Wirfs,Offensive Tackle,Iowa,Big Ten,77.0,320.0,,,,,,,,,,,,,,,,,,,,,,,,,,,,,,,,,,,,,,,,,,,,,,,,,,,,,,,,,,,,,,,,,,,,,,,,,,,,,,,,,,,,,,,,,,,,,,,,,,,,,,,,,,,,,,,,,,,,,,,,,,,,,,,,,,,,,,,,,,,,,,,,,,,,,,,,,,,,,,,,,,,,,,,,,,,,,,,,,,,,,,,,,,,,,,,,,,,,,,,,,,,,,,,,,,,,,,,,,4.85,24.0,36.5,121.0,7.65,4.68
Javon Kinlaw,Defensive Tackle,South Carolina,SEC,77.0,324.0,2.0,4.0,6.0,15.0,0.0,6.0,35.0,0.0,0.0,1.0,,,,,,,,,,,,,,,,,,,,,,,,,,,,,,,,,,,,,,,,,,,,,,,,,,,,,,,,,,,,,,,,,,,,,,,,,,,,,,,,,,,,,,,,,,,,,,,,,,,,,,,,,,,,,,,,,,,,,,,,,,,,,,,,,,,,,,,,,,,,,,,,,,,,,,,,,,,,,,,,,,,,,,,,5.0,3.0,3.5,19.0,0.0,8.5,33.0,,,,,,,,,,,,,3.0,0.0,0.0,12.0,0.0,2.0,20.0,,,,,,,,,,,,,,,,,,,
Jerry Jeudy,Wide Receiver,Alabama,SEC,73.0,193.0,,,,,,,,,,,,,,,,,,,,,,,,,,,85.0,77.0,10.0,1163.0,15.1,1.0,1.0,0.0,1.0,1.0,81.0,68.0,14.0,1315.0,19.3,,,,,,,,,,,36.0,14.0,2.0,264.0,18.9,,,,,,,,,,,,,,,,,,,,,,,,,,,,,,,,,,,,,,,,,,,,,,,,,,,,,,,,,,,,,,,,,,,,,,,,,,,,,,,,,,,,,,,,,,,,,,,,,,,,,,,,,,,,,,,,,,,,,,,2.0,1.0,0.0,,,,,,,,,,,,,,,,,,,,,,,,,,,,,,,,,,,,,,,,4.45,,35.0,120.0,,4.53
A.J. Terrell,Cornerback,Clemson,ACC,73.0,195.0,3.0,2.0,0.5,24.0,0.0,0.5,34.0,,,,31.7,3.0,1.0,95.0,,,,,,,,,,,,,,,,,,,,,,,,,,,,,,,,,,,,,,,,,,,,,,,,,,,,,,,,,,,,,,,,,,,,,,,,,,,,,32.5,2.0,0.0,65.0,,,,,,,,,,,,,,,,0.0,1.0,0.0,0.0,,,,,,,,,,,,,,,,,,,,,,,,,,,,,,,,,,,,,,,,,,,,,,,,,,,,,,,,,,,,,,,,,3.0,0.0,0.0,34.0,0.0,2.0,45.0,,,,,,,,,,,,,7.0,0.0,0.0,9.0,0.0,1.0,15.0,,,,,,,,,,,,,,4.42,15.0,34.5,129.0,,
CeeDee Lamb,Wide Receiver,Oklahoma,Big 12,74.0,198.0,,,,,,,,2.0,1.0,0.0,,,,,12.8,66.0,17.0,0.0,218.0,,,,,,,,71.0,62.0,14.0,1327.0,21.4,9.0,21.0,1.0,20.0,2.2,86.0,64.0,11.0,1155.0,18.0,,,,,,,,,,,82.0,46.0,7.0,807.0,17.5,,,,,,,,,,,,,,,,,,,,,,,,,,,,,,,,,,,,,,,7.2,46.0,25.0,0.0,179.0,,,,,,5.6,21.0,14.0,0.0,78.0,,,,,,,,,,,,,,,,,,,,,,,,,,,,,,,,,,,,,,,,,,,,,,,,,,,,,,,,,,,,,,,,,,1.0,1.0,0.0,,,,,,,,,,,,,,,,,,,,,,,,,,,,,,,,,,,,,,,,4.5,11.0,34.5,124.0,,
Austin Jackson,Offensive Tackle,USC,Pac-12,77.0,322.0,,,,,,,,,,,,,,,,,,,,,,,,,,,,,,,,,,,,,,,,,,,,,,,,,,,,,,,,,,,,,,,,,,,,,,,,,,,,,,,,,,,,,,,,,,,,,,,,,,,,,,,,,,,,,,,,,,,,,,,,,,,,,,,,,,,,,,,,,,,,,,,,,,,,,,,,,,,,,,,,,,,,,,,,,,,,,,,,,,,,,,,,,,,,,,,,,,,,,,,,,,,,,,,,,,,,,,,,,5.07,27.0,31.0,115.0,7.95,
Damon Arnette,Cornerback,Ohio State,Big Ten,72.0,195.0,8.0,0.0,0.0,27.0,1.0,1.0,35.0,1.0,0.0,0.0,1.0,1.0,0.0,1.0,,,,,,,,,,,,,,,,,,,,,,,,,,,,,,,,,,,,,,,,,,,,,,,,,,,,,,,,,,,,,,,,,,,,,,,,,,,,,96.0,1.0,1.0,96.0,,,,,,,,,,,,,,,,17.5,2.0,0.0,35.0,,,,,,,,,,,,,,,,,,,,,,,0.0,1.0,0.0,0.0,,,,,,,,,,,,,,,,,,,,,,,,,,,,,,,,,,,,,,,6.0,0.0,0.0,31.0,0.0,0.0,40.0,,,,,,,,,,,,,8.0,0.0,0.0,35.0,0.0,3.0,44.0,0.0,0.0,1.0,,,,0.0,0.0,0.0,11.0,0.0,0.0,21.0,4.56,,,,,
K'Lavon Chaisson,Outside Linebacker,LSU,SEC,75.0,254.0,2.0,6.0,6.5,34.0,0.0,13.5,60.0,,,,,,,,,,,,,,,,,,,,,,,,,,,,,,,,,,,,,,,,,,,,,,,,,,,,,,,,,,,,,,,,,,,,,,,,,,,,,,,,,,,,,,,,,,,,,,,,,,,,,,,,,,,,,,,,,,,,,,,,,,,,,,,,,,,,,,,,,,,,,,,,,,,,,,,,,,,,,,,,,,,,,,,,,,,0.0,1.0,1.0,3.0,0.0,1.0,5.0,,,,,,,,,,,,,2.0,2.0,2.0,9.0,0.0,4.5,27.0,,,,,,,,,,,,,,,,,,,
Jalen Reagor,Wide Receiver,TCU,Big 12,71.0,206.0,,,,,,,,6.0,3.0,0.0,,,,,12.1,58.0,8.0,0.0,97.0,,,,,,,,55.0,43.0,5.0,611.0,14.2,14.0,29.0,0.0,89.0,6.4,67.0,71.0,9.0,1052.0,14.8,14.0,83.0,2.0,178.0,12.7,30.5,33.0,4.0,0.0,122.0,93.0,33.0,8.0,576.0,17.5,8.0,18.0,0.0,65.0,8.1,12.0,24.0,6.0,0.0,72.0,,,,,,,,,,,,,,,,,,,,,,,,,,,,,19.5,73.0,16.0,2.0,312.0,30.3,37.0,4.0,0.0,121.0,,,,,,,,,,,,,,,,,,,,,,,,,,,,,,,,,,,,,,,,,,,,,,,,,,,,,,,,,,,,,,,,,,,,,,,2.0,1.0,0.0,,,,,,,,,,,,,,,,,,,,,,,,,,,1.0,0.0,0.0,,,,,,,,,,,4.47,17.0,42.0,138.0,7.31,4.46
Justin Jefferson,Wide Receiver,LSU,SEC,73.0,202.0,,,,,,,,,,,,,,,0.5,2.0,2.0,0.0,1.0,,,,,,,,71.0,111.0,18.0,1540.0,13.9,,,,,,65.0,54.0,6.0,874.0,16.2,5.0,19.0,0.0,26.0,5.2,,,,,,,,,,,1.0,4.0,0.0,4.0,4.0,,,,,,,,,,,,,,,,,,,,,,,,,,,,,,,,,,,,,,,,,,,,,,,,,,,,,,,,,,,,,,,,,,,,,,,,,,,,,,,,,,,,,,,,,,,,,,,,,,,,,,,,,,,,,,,,,,,,,,,,,,,,,,,,,,,,,,,,,,,,,,,,,,,,,,,,,,,,4.43,,37.5,126.0,,
Kenneth Murray,Inside Linebacker,Oklahoma,Big 12,75.0,241.0,4.0,5.0,4.0,69.0,0.0,17.0,102.0,,,,,,,,,,,,,,,,,,,,,,,,,,,,,,,,,,,,,,,,,,,,,,,,,,,,,,,,,,,,,,,,,,,,,,,,,,,,,,,,,,,,,,,,,,,,,,,,,,,,,,,,,,,,,,,,,,,,,,,,,,,,,,,,,,,,,,,,,,,,,,,,,,,,,,,,,,,,,,,,,,,,,,,,0.0,0.0,1.0,2.0,4.0,4.5,71.0,0.0,12.5,155.0,,,,,,,,,,,,,0.0,3.0,1.0,39.0,0.0,7.5,72.0,0.0,0.0,1.0,,,,,,,,,,,4.52,21.0,38.0,129.0,,
Cesar Ruiz,Center,Michigan,Big Ten,75.0,307.0,,,,,,,,,,,,,,,,,,,,,,,,,,,,,,,,,,,,,,,,,,,,,,,,,,,,,,,,,,,,,,,,,,,,,,,,,,,,,,,,,,,,,,,,,,,,,,,,,,,,,,,,,,,,,,,,,,,,,,,,,,,,,,,,,,,,,,,,,,,,,,,,,,,,,,,,,,,,,,,,,,,,,,,,,,,,,,,,,,,,,,,,,,,,,,,,,,,,,,,,,,,,,,,,,,,,,,,,,5.08,28.0,33.0,113.0,7.91,4.64
Brandon Aiyuk,Wide Receiver,Arizona State,Pac-12,72.0,205.0,,,,,,,,1.0,0.0,0.0,,,,,6.1,17.0,11.0,0.0,67.0,,,,,,,,86.0,65.0,8.0,1192.0,18.3,1.0,6.0,0.0,6.0,6.0,58.0,33.0,3.0,474.0,14.4,,,,,,,,,,,,,,,,,,,,,31.9,97.0,14.0,0.0,446.0,,,,,,,,,,,,,,,,,,,,,,,,,,,,,16.1,63.0,14.0,1.0,226.0,22.4,37.0,14.0,0.0,314.0,,,,,,,,,,,,,,,,,,,,,,,,,,,,,,,,,,,,,,,,,,,,,,,,,,,,,,,,,,,,,,,,,,,,,,,4.0,0.0,0.0,,,,,,,,,,,,,,,,,,,,,,,,,,,,,,,,,,,,,,,,4.5,11.0,40.0,128.0,,
Jordan Love,Quarterback,Utah State,Mountain West,76.0,224.0,,,,,,,,6.0,2.0,0.0,,,,,,,,,,473.0,293.0,17.0,0.619,20.0,3402.0,7.2,,,,,,81.0,22.0,0.0,175.0,2.2,,,,,,43.0,21.0,7.0,63.0,1.5,,,,,,,,,,,46.0,20.0,2.0,165.0,3.6,,,,,,416.0,266.0,6.0,0.639,32.0,3552.0,8.5,235.0,129.0,6.0,0.549,8.0,1631.0,6.9,,,,,,,,,,,,,,,,,,,,,,,,,,,,,,,,,,,,,,,,,,,,,,,,,,,,,,,,,,,,,,,,,,,,,,,,,,,,,,,,,,,,,,,,,,,,,,,3.0,1.0,0.0,,,,,,,,,,,,,,,,,,,,,,,,,,,3.0,3.0,0.0,,,,,,,,,,,4.74,,35.5,118.0,7.21,4.52
Jordyn Brooks,Outside Linebacker,Texas Tech,Big 12,72.0,240.0,0.0,12.0,3.0,66.0,0.0,20.0,108.0,0.0,0.0,2.0,3.0,1.0,0.0,3.0,,,,,,,,,,,,,,,,,,,,,,,,,,,,,,,,,,,,,,,,,,,,,,,,,,,,,,,,,,,,,,,,,,,,,,,,,,,,,,,,,,,,,,,,,,,,,,,,2.0,1.0,0.0,2.0,,,,,,,,,,,,,,,,,,,,,,,,,,,,,,,,,,,,,,,,,,,,,,,,,,,,,,,,,,,,,,,,,1.0,6.0,3.0,49.0,0.0,7.0,84.0,,,,,,,,,,,,,2.0,7.0,0.0,50.0,0.0,0.5,89.0,0.0,0.0,1.0,,,,3.0,1.0,1.0,61.0,0.0,5.0,85.0,4.54,,,,,
Patrick Queen,Inside Linebacker,LSU,SEC,72.0,229.0,2.0,1.0,3.0,37.0,0.0,12.0,85.0,,,,,,,,,,,,,,,,,,,,,,,,,,,,,,,,,,,,,,,,,,,,,,,,,,,,,,,,,,,,,,,,,,,,,,,,,,,,,,,,,,,,16.0,1.0,0.0,16.0,,,,,,,,,,,,,,,,,,,,,,,,,,,,,,,,,,,,,,,,,,,,,,,,,,,,,,,,,,,,,,,,,,,,,,,,,,,,,,,,,,,,0.0,1.0,1.0,20.0,0.0,5.0,40.0,,,,,,,,,,,,,0.0,0.0,0.0,2.0,0.0,0.5,6.0,,,,,,,,,,,,,,4.5,18.0,35.0,125.0,,
Noah Igbinoghene,Cornerback,Auburn,SEC,70.0,198.0,7.0,0.0,0.0,28.0,1.0,1.0,42.0,,,,0.0,1.0,0.0,0.0,,,,,,,,,,,,,,,,,,,,,,,,,,,,,,,,,23.8,72.0,24.0,0.0,571.0,,,,,,,,,,,35.2,96.0,9.0,1.0,317.0,,,,,,,,,,,,,,,,,,,,,,,,,,,,,,,,,,28.3,96.0,11.0,1.0,311.0,,,,,,,,,,,,,,,,,,,,,,,,,,,,,,,,,,,,,,,,,,,,,,,,,,,,,,,,,,,,,,,,,,,,,,,2.0,0.0,0.0,11.0,0.0,0.0,29.0,1.0,1.0,38.0,,,,,,,,,,,,,,,,,,,,,,,,,,,,,,,,,4.48,15.0,37.0,128.0,,
Jeff Gladney,Cornerback,TCU,Big 12,70.0,191.0,14.0,0.0,0.5,24.0,0.0,1.5,31.0,,,,17.0,2.0,0.0,34.0,,,,,,,,,,,,,,,,,,,,,,,,,,,,,,,,,,,,,,,,,,,,,,,,,,,,,,,,,,,,,,,,,,,,,,,,,,,,,0.0,1.0,0.0,0.0,,,,,,,,,,,,,,,,47.0,2.0,0.0,94.0,,,,,,,,,,,,,,,,,,,,,,,,,,,,,,,,,,,,,,,,,,,,,,,,,,,,,,,,,,,,,,,,,13.0,0.0,0.0,21.0,0.0,1.0,28.0,,,,,,,,,,,,,5.0,0.0,0.0,20.0,0.0,0.0,24.0,1.0,0.0,0.0,,,,6.0,0.0,0.0,30.0,0.0,0.5,46.0,4.48,17.0,37.5,124.0,7.26,
Clyde Edwards-Helaire,Running Back,LSU,SEC,67.0,207.0,,,,,,,,2.0,1.0,0.0,,,,,,,,,,,,,,,,,26.0,55.0,1.0,453.0,8.2,215.0,89.0,16.0,1414.0,6.6,30.0,10.0,0.0,97.0,9.7,133.0,47.0,7.0,603.0,4.5,19.0,26.0,13.0,0.0,247.0,27.0,3.0,0.0,46.0,15.3,9.0,10.0,0.0,31.0,3.4,13.4,38.0,16.0,0.0,214.0,,,,,,,,,,,,,,,,,,,,,,,,,,,,,,,,,,25.4,77.0,16.0,0.0,406.0,,,,,,,,,,,,,,,,,,,,,,,,,,,,,,,,,,,,,,,,,,,,,,,,,,,,,,,,,,,,,,,,,,,,,,,,,,,,,,,,,,,,,,,,,,,,,,,,,,,,,,,,,,,,,,,,,4.6,15.0,39.5,123.0,,
Tee Higgins,Wide Receiver,Clemson,ACC,76.0,216.0,,,,,,,,,,,,,,,,,,,,,,,,,,,65.0,59.0,13.0,1167.0,19.8,1.0,36.0,1.0,36.0,36.0,64.0,59.0,12.0,936.0,15.9,,,,,,3.0,3.0,1.0,0.0,3.0,78.0,17.0,2.0,345.0,20.3,,,,,,,,,,,,,,,,,,,,,,,,,,,,,,,,,,,,,,,,,,,,,,,,,,,,,,,,,,,,,,,,,,,,,,,,,,,,,,,,,,,,,,,,,,,,,,,,,,,,,,,,,,,,,,,,,,,,,,,,,,,,,,,,,,,,,,,,,,,,,,,,,,,,,,,,,,,,,,,,,,,,,,
Michael Pittman Jr.,Wide Receiver,USC,Pac-12,76.0,223.0,,,,,,,,1.0,1.0,0.0,,,,,4.0,0.0,1.0,0.0,4.0,,,,,,,,77.0,101.0,11.0,1275.0,12.6,,,,,,65.0,40.0,6.0,743.0,18.6,2.0,11.0,0.0,20.0,10.0,,,,,,54.0,23.0,2.0,404.0,17.6,,,,,,,,,,,,,,,,,,,,,,,,,21.0,6.0,0.0,82.0,13.7,,,,,,,,,,0.0,0.0,1.0,0.0,0.0,,,,,,44.5,72.0,2.0,1.0,89.0,,,,,7.8,13.0,4.0,0.0,31.0,31.5,35.0,2.0,0.0,63.0,,,,,,,,,,,,,,,,,,,,,,,,,,,,,,,,,,,,,,,,,,,,,,,,,,,,1.0,1.0,0.0,,,,,,,,,,,,,,,,,,,,,,,,,,,,,,,,,,,,,,,,,,,,,
D'Andre Swift,Running Back,Georgia,SEC,68.0,212.0,,,,,,,,3.0,2.0,0.0,,,,,,,,,,,,,,,,,48.0,24.0,1.0,216.0,9.0,196.0,47.0,7.0,1218.0,6.2,35.0,32.0,3.0,297.0,9.3,163.0,83.0,10.0,1049.0,6.4,,,,,,39.0,17.0,1.0,153.0,9.0,81.0,71.0,3.0,618.0,7.6,8.0,12.0,2.0,0.0,16.0,,,,,,,,,,,,,,,,,,,,,,,,,,,,,,,,,,,,,,,,,,,,,,,,,,,,,,,,,,,,,,,,,,,,,,,,,,,,,,,,,,,,,,,,,,,,,,,,,,,,,,,,,,,,,,,,,,,,,,,,,,,,,,,,,,,,,,,,,,2.0,1.0,0.0,,,,,,,,,,,4.48,,35.5,121.0,,
Xavier McKinney,Safety,Alabama,SEC,72.0,201.0,5.0,5.0,3.0,59.0,1.0,5.5,95.0,0.0,0.0,1.0,11.5,2.0,1.0,23.0,,,,,,,,,,,,,,,,,,,,,,,,,,,,,,,,,,,,,,,,,,,,,,,,,,,,,,,,,,,,,,,,,,,,,,,,,,,,,26.0,3.0,1.0,78.0,,,,,,,,,,,,,,,,,,,,,,,,,,,,,,,,,,,,,,,,,,,,,,,,,,,,,,,,,,,,,,,,,,,,,,,,,,,,,,,,,,,,10.0,2.0,3.0,45.0,1.0,6.0,74.0,,,,,,,,,,,,,0.0,0.0,0.0,5.0,0.0,1.5,8.0,,,,,,,,,,,,,,4.63,19.0,36.0,122.0,,
Yetur Gross-Matos,Defensive End,Penn State,Big Ten,77.0,266.0,0.0,7.0,9.5,24.0,0.0,15.0,40.0,,,,,,,,,,,,,,,,,,,,,,,,,,,,,,,,,,,,,,,,,,,,,,,,,,,,,,,,,,,,,,,,,,,,,,,,,,,,,,,,,,,,,,,,,,,,,,,,,,,,,,,,,,,,,,,,,,,,,,,,,,,,,,,,,,,,,,,,,,,,,,,,,,,,,,,,,,,,,,,,,,,,,,,,0.0,0.0,1.0,0.0,6.0,8.0,36.0,0.0,20.0,54.0,,,,,,,,,,,,,0.0,3.0,1.5,5.0,0.0,2.0,17.0,0.0,0.0,1.0,,,,,,,,,,,,20.0,34.0,120.0,,
Robert Hunt,Offensive Guard,Louisiana,Sun Belt,77.0,323.0,,,,,,,,,,,,,,,,,,,,,,,,,,,,,,,,,,,,,,,,,,,,,,,,,,,,,,,,,,,,,,,,,,,,,,,,,,,,,,,,,,,,,,,,,,,,,,,,,,,,,,,,,,,,,,,,,,,,,,,,,,,,,,,,,,,,,,,,,,,,,,,,,,,,,,,,,,,,,,,,,,,,,,,,,,,,,,,,,,,,,,,,,,,,,,,,,,,,,,,,,,,,,,,,,,,,,,,,,,,,,,
Ross Blacklock,Defensive Tackle,TCU,Big 12,75.0,290.0,0.0,3.0,3.5,25.0,0.0,9.0,40.0,,,,,,,,,,,,,,,,,,,,,,,,,,,,,,,,,,,,,,,,,,,,,,,,,,,,,,,,,,,,,,,,,,,,,,,,,,,,,,,,,,,,,,,,,,,,,,,,,,,,,,,,,,,,,,,,,,,,,,,,,,,,,,,,,,,,,,,,,,,,,,,,,,,,,,,,,,,,,,,,,,,,,,,,,,,,,,,,,,,,,,,,,,,,,,0.0,0.0,2.0,13.0,0.0,6.5,25.0,,,,,,,,,,,,,,4.9,,29.0,107.0,7.77,4.67
Jonathan Taylor,Running Back,Wisconsin,Big Ten,70.0,226.0,,,,,,,,6.0,5.0,0.0,,,,,,,,,,,,,,,,,36.0,26.0,5.0,252.0,9.7,320.0,72.0,21.0,2003.0,6.3,30.0,8.0,0.0,60.0,7.5,307.0,88.0,16.0,2194.0,7.1,,,,,,24.0,8.0,0.0,95.0,11.9,270.0,75.0,12.0,1794.0,6.6,,,,,,,,,,,,,,,,,,,,,,,,,,,,,,,,,,,,,,,,,,,,,,,,,,,,,,,,,,,,,,,,,,,,,,,,,,,,,,,,,,,,,,,,,,,,,,,,,,,,,,,,,,,,,,,,,,4.0,4.0,0.0,,,,,,,,,,,,,,,,,,,,,,,,,,,7.0,6.0,0.0,,,,,,,,,,,4.39,17.0,36.0,123.0,7.01,4.24
Laviska Shenault Jr.,Wide Receiver,Colorado,Pac-12,73.0,227.0,,,,,,,,1.0,1.0,0.0,,,,,,,,,,,,,,,,,71.0,56.0,4.0,764.0,13.6,23.0,23.0,2.0,161.0,7.0,89.0,86.0,6.0,1011.0,11.8,17.0,49.0,5.0,115.0,6.8,,,,,,58.0,7.0,0.0,168.0,24.0,2.0,3.0,0.0,4.0,2.0,54.0,54.0,1.0,0.0,54.0,,,,,,,,,,,,,,,,,,,,,,,,,,,,,,,,,,,,,,,55.0,55.0,1.0,1.0,55.0,,,,,,,,,,,,,,,,,,,,,,,,,,,,,,,,,,,,,,,,,,,,,,,,,,,,,,,,,,,,,,,,,,1.0,1.0,0.0,,,,,,,,,,,,,,,,,,,,,,,,,,,,,,,,,,,,,,,,4.58,17.0,,,,
Cole Kmet,Tight End,Notre Dame,FBS Independents,78.0,262.0,,,,,,,,1.0,0.0,0.0,,,,,,,,,,,,,,,,,37.0,43.0,6.0,515.0,12.0,,,,,,24.0,15.0,0.0,162.0,10.8,,,,,,11.0,11.0,1.0,0.0,11.0,11.0,2.0,0.0,14.0,7.0,,,,,,,,,,,,,,,,,,,,,,,,,,,,,,,,,,,,,,,,,,,,,,,,,,,,,,,,,,,,,,,,,,,,,,,,,,,,,,,,,,,,,,,,,,,,,,,,,,,,,,,,,,,,,,,,,,,,,,,,,,,,,,,,,,,,,,,,,,,,,,,,,,,,,,,,,,,,,,,,,4.7,,37.0,123.0,7.44,4.41
Grant Delpit,Safety,LSU,SEC,75.0,213.0,7.0,1.0,2.0,38.0,0.0,4.5,65.0,,,,0.0,5.0,0.0,0.0,,,,,,,,,,,,,,,,,,,,,,,,,,,,,,,,,,,,,,,,,,,,,,,,,,,,,,,,,,,,,,,,,,,,,,,,,,,,,0.0,2.0,0.0,0.0,,,,,,,,,,,,,,,,0.0,1.0,0.0,0.0,,,,,,,,,,,,,,,,,,,,,,,,,,,,,,,,,,,,,,,,,,,,,,,,,,,,,,,,,,,,,,0.0,0.0,1.0,9.0,4.0,5.0,46.0,0.0,9.5,74.0,,,,,,,,,,,,,8.0,1.0,0.0,36.0,0.0,3.5,60.0,,,,,,,,,,,,,,,,,,,
Antoine Winfield Jr.,Safety,Minnesota,Big Ten,69.0,203.0,1.0,0.0,2.0,45.0,1.0,2.5,65.0,,,,0.0,1.0,0.0,0.0,36.7,76.0,3.0,1.0,110.0,,,,,,,,,,,,,,,,,,,,,,,,,,,,,,,,,,,,,,,,,,,,,,,,,,,,,,,,,,,,,,,,,,,,,,,,15.9,7.0,1.0,111.0,,,,,,,,,,,,,,,,,,,,,,,,,,,,,,,,,,,,,,,,,,82.0,1.0,1.0,82.0,,,,,,,,,,,,,,,,,,,,,,,,,,,,,,,,,,,,1.0,0.0,1.0,0.0,0.0,0.0,10.0,1.0,0.0,17.0,,,,,,,,,,,,,2.0,0.0,1.0,17.0,0.0,1.0,20.0,,,,0.0,0.0,2.0,3.0,0.0,0.0,37.0,1.0,2.5,52.0,4.45,,36.0,124.0,,
KJ Hamler,Wide Receiver,Penn State,Big Ten,69.0,176.0,,,,,,,,3.0,0.0,0.0,,,,,6.9,33.0,14.0,0.0,96.0,,,,,,,,58.0,56.0,8.0,904.0,16.1,13.0,16.0,0.0,43.0,3.3,93.0,43.0,5.0,755.0,17.6,4.0,32.0,1.0,44.0,11.0,,,,,,,,,,,,,,,,20.5,40.0,25.0,0.0,513.0,,,,,,,,,,,,,,,,,,,,,,,,,,,,,5.0,26.0,25.0,0.0,126.0,26.6,67.0,19.0,0.0,506.0,,,,,,,,,,,,,,,,,,,,,,,,,,,,,,,,,,,,,,,,,,,,,,,,,,,,,,,,,,,,,,,,,,,,,,,2.0,0.0,0.0,,,,,,,,,,,,,,,,,,,,,,,,,,,,,,,,,,,,,,,,,15.0,,,,
Marlon Davidson,Defensive Tackle,Auburn,SEC,75.0,303.0,1.0,5.0,7.5,30.0,0.0,12.5,49.0,0.0,0.0,1.0,,,,,,,,,,,,,,,,,,,,,,,,,,,,,,,,,,,,,,,,,,,,,,,,,,,,,,,,,,,,,,,,,,,,,,,,,,,,,,,,,,,,,,,,,,,,,,,,,,,,,,,,,,,,,,,,,,,,,,,,,,,,,,,,,,,,,,,,,,,,,,,,,,,,,,,,,,,,,,,,,,,,,,,,3.0,11.0,3.5,20.0,0.0,4.0,46.0,,,,,,,,,,,,,1.0,4.0,3.0,18.0,0.0,6.0,40.0,0.0,0.0,1.0,0.0,0.0,1.0,4.0,6.0,2.5,23.0,0.0,6.0,38.0,5.04,21.0,,,,
Darrell Taylor,Defensive End,Tennessee,SEC,76.0,267.0,4.0,6.0,8.5,28.0,0.0,10.0,46.0,0.0,0.0,1.0,,,,,,,,,,,,,,,,,,,,,,,,,,,,,,,,,,,,,,,,,,,,,,,,,,,,,,,,,,,,,,,,,,,,,,,,,,,,,,,,,,,,,,,,,,,,,,,,,,,,,,,,,,,,,,,,,,,,,,,,,,,,,,,,,,,,,,,,,,,,,,,,,,,,,,,,,,,,,,,,,,,,,0.0,0.0,2.0,0.0,3.0,8.0,27.0,0.0,11.0,36.0,,,,,,,,,,,,,2.0,5.0,3.0,14.0,0.0,4.5,27.0,0.0,0.0,1.0,,,,1.0,3.0,0.0,6.0,0.0,1.0,9.0,,,,,,
Chase Claypool,Wide Receiver,Notre Dame,FBS Independents,76.0,238.0,,,,,,,,0.0,0.0,2.0,,,,,,,,,,,,,,,,,47.0,66.0,13.0,1037.0,15.7,,,,,,35.0,50.0,4.0,639.0,12.8,,,,,,,,,,,44.0,29.0,2.0,402.0,13.9,2.0,0.0,0.0,-3.0,-1.5,,,,,,,,,,,,,,,,,,,,33.0,5.0,0.0,81.0,16.2,1.0,9.0,0.0,9.0,9.0,,,,,,,,,,,,,,,,,,,,,,,,,,,,,,,,,,,,,,,,,,,,,,,,,,,,,,,,,,,,,,,,,,,,,,,,,,,,,,,,,,,,,,,,,,,,,,,,,,,,,,,,,,,,,,,,,,,,,,,,,,,,,,,4.42,19.0,40.5,126.0,,
Jaylon Johnson,Cornerback,Utah,Pac-12,72.0,193.0,11.0,0.0,0.0,34.0,1.0,1.0,36.0,,,,31.5,4.0,1.0,126.0,,,,,,,,,,,,,,,,,,,,,,,,,,,,,,,,,,,,,,,,,,,,,,,,,,,,,,,,,,,,,,,,,,,,,,,,,,,,,19.5,2.0,1.0,39.0,,,,,,,,,,,,,,,,0.0,1.0,0.0,0.0,,,,,,,,,,,,,,,,,,,,,,,,,,,,,,,,,,,,,,,,,,,,,,,,,,,,,,,,,,,,,,,,,4.0,0.0,1.0,31.0,1.0,2.0,41.0,,,,,,,,,,,,,6.0,0.0,0.0,17.0,0.0,0.0,19.0,,,,,,,,,,,,,,4.5,15.0,36.5,124.0,7.01,4.13
Trevon Diggs,Cornerback,Alabama,SEC,73.0,205.0,8.0,0.0,0.0,20.0,2.0,0.5,37.0,0.0,0.0,2.0,0.0,1.0,0.0,0.0,,,,,,,,,,,,,,,,,,,,,,,,,,,,,,,,,37.0,55.0,2.0,0.0,74.0,,,,,,,,,,,19.5,36.0,6.0,0.0,117.0,,,,,,,,,,,,,,,,,,,,,,,,,26.3,3.0,1.0,79.0,,,,,,,,,,,8.6,23.0,18.0,0.0,154.0,,,,,23.7,41.0,7.0,0.0,166.0,9.3,47.0,14.0,0.0,130.0,,,,,,,,,,,,,,,,,,,,,,,,,,,,,,,,,,,,,,,,,,,,,,,,,,,,,,,6.0,0.0,0.0,18.0,0.0,0.0,20.0,,,,,,,,,,,,,3.0,0.0,0.0,3.0,0.0,0.0,6.0,3.0,0.0,0.0,1.0,0.0,0.0,0.0,0.0,0.0,2.0,0.0,0.0,5.0,,,,,,
Cam Akers,Running Back,Florida State,ACC,70.0,217.0,,,,,,,,3.0,3.0,0.0,,,,,,,,,,,,,,,,,44.0,30.0,4.0,225.0,7.5,231.0,50.0,14.0,1144.0,5.0,25.0,23.0,2.0,145.0,6.3,161.0,85.0,6.0,706.0,4.4,,,,,,19.0,16.0,1.0,116.0,7.3,194.0,63.0,7.0,1024.0,5.3,,,,,,,,,,,,,,,,,,,,,,,,,,,,,,,,,,,,,,,15.0,15.0,1.0,0.0,15.0,,,,,,,,,,,,,,,,,,,,,,,,,,,,,,,,,,,,,,,,,,,,,,,,,,,,,,,,,,,,,,,,,,,,,,,5.0,3.0,0.0,,,,,,,,,,,,,,,,,,,,,,,,,,,2.0,1.0,0.0,,,,,,,,,,,4.47,20.0,35.5,122.0,,4.42
Jalen Hurts,Quarterback,Oklahoma,Big 12,73.0,222.0,,,,,,,,8.0,6.0,0.0,,,,,,,,,,341.0,237.0,8.0,0.695,32.0,3851.0,11.3,,,,,,233.0,52.0,20.0,1298.0,5.6,,,,,,36.0,27.0,2.0,167.0,4.6,,,,,,,,,,,154.0,55.0,8.0,855.0,5.6,,,,,,70.0,51.0,2.0,0.729,8.0,765.0,10.9,254.0,154.0,1.0,0.606,17.0,2081.0,8.2,,,,,,191.0,60.0,13.0,954.0,5.0,,,,,,,,,,,,,,,,,,,,,,,,,,,,,,,,,,,,,,,,,,,,,,,,,,382.0,240.0,9.0,0.628,23.0,2780.0,7.3,,,,,,,,,,,,,,,,,,,,,,,,,,,,,2.0,1.0,0.0,,,,,,,,,,,,,,,,,,,,,,,,,,,4.0,2.0,0.0,11.0,5.0,0.0,,,,,,,,4.59,,35.0,125.0,,
AJ Epenesa,Defensive End,Iowa,Big Ten,77.0,275.0,3.0,9.0,11.5,32.0,0.0,15.0,49.0,,,,,,,,,,,,,,,,,,,,,,,,,,,,,,,,,,,,,,,,,,,,,,,,,,,,,,,,,,,,,,,,,,,,,,,,,,,,,,,,,,,,,,,,,,,,,,,,,,,,,,,,,,,,,,,,,,,,,,,,,,,,,,,,,,,,,,,,,,,,,,,,,,,,,,,,,,,,,,,,,,,,,,,,0.0,0.0,1.0,4.0,8.0,10.5,21.0,1.0,16.5,37.0,,,,,,,,,,,,,1.0,8.0,4.5,8.0,0.0,5.5,15.0,,,,,,,,,,,,,,,,,,,
J.K. Dobbins,Running Back,Ohio State,Big Ten,70.0,209.0,,,,,,,,3.0,2.0,0.0,,,,,,,,,,,,,,,,,28.0,23.0,2.0,247.0,10.7,301.0,68.0,21.0,2003.0,6.7,35.0,26.0,2.0,263.0,10.1,229.0,42.0,10.0,1053.0,4.6,,,,,,18.0,22.0,1.0,135.0,6.1,194.0,77.0,7.0,1403.0,7.2,,,,,,,,,,,,,,,,,,,,,,,,,,,,,,,,,,,,,,,,,,,,,,,,,,,,,,,,,,,,,,,,,,,,,,,,,,,,,,,,,,,,,,,,,,,,,,,,,,,,,,,,,,,,,,,,,,1.0,1.0,0.0,,,,,,,,,,,,,,,,,,,,,,,,,,,1.0,1.0,0.0,,,,,,,,,,,,23.0,,,,
Raekwon Davis,Defensive Tackle,Alabama,SEC,78.0,311.0,0.0,5.0,0.5,18.0,0.0,3.0,47.0,,,,,,,,,,,,,,,,,,,,,,,,,,,,,,,,,,,,,,,,,,,,,,,,,,,,,,,,,,,,,,,,,,,,,,,,,,,,,,,,,,,,,,,,,,,,,,,,,,,,,,,19.0,1.0,0.0,19.0,,,,,,,,,,,,,,,,,,,,,,,,,,,,,,,,,,,,,,,,,,,,,,,,,,,,,,,,,,,,,,,,,0.0,6.0,1.5,24.0,0.0,5.5,55.0,,,,,,,,,,,,,0.0,2.0,8.5,24.0,0.0,10.0,69.0,0.0,0.0,1.0,,,,0.0,0.0,1.0,1.0,0.0,1.0,4.0,5.12,24.0,28.0,111.0,7.95,4.86
Van Jefferson,Wide Receiver,Florida,SEC,74.0,200.0,,,,,,,,0.0,0.0,1.0,,,,,5.7,9.0,3.0,0.0,17.0,,,,,,,,69.0,49.0,6.0,657.0,13.4,1.0,7.0,0.0,7.0,7.0,41.0,35.0,6.0,503.0,14.4,,,,,,,,,,,40.0,42.0,1.0,456.0,10.9,,,,,,,,,,,,,,,,,,,,,,,,,44.0,49.0,3.0,543.0,11.1,5.0,23.0,0.0,40.0,8.0,,,,,,,,,,,,,,,,,,,,,,,,,,,,,2.8,6.0,4.0,0.0,11.0,,,,,,,,,,,,,,,,,,,,,,,,,,,,,,,,,,,,,,,,,,,,,,,,,,,,,,,,,,,,,,,,,,,,,,,,,,,,,,,,,,,,1.0,0.0,0.0,,,,,,,,,,,,,
Ezra Cleveland,Offensive Tackle,Boise State,Mountain West,78.0,311.0,,,,,,,,,,,,,,,,,,,,,,,,,,,,,,,,,,,,,,,,,,,,,,,,,,,,,,,,,,,,,,,,,,,,,,,,,,,,,,,,,,,,,,,,,,,,,,,,,,,,,,,,,,,,,,,,,,,,,,,,,,,,,,,,,,,,,,,,,,,,,,,,,,,,,,,,,,,,,,,,,,,,,,,,,,,,,,,,,,,,,,,,,,,,,,,,,,,,,,,,,,,,,,,,,,,,,,,,,4.93,30.0,30.0,111.0,7.26,4.46
Denzel Mims,Wide Receiver,Baylor,Big 12,75.0,207.0,,,,,,,,2.0,1.0,0.0,,,,,,,,,,,,,,,,,46.0,66.0,12.0,1020.0,15.5,,,,,,55.0,55.0,8.0,794.0,14.4,,,,,,,,,,,71.0,61.0,8.0,1087.0,17.8,1.0,0.0,0.0,-6.0,-6.0,,,,,,,,,,,,,,,,,,,,10.0,4.0,0.0,24.0,6.0,,,,,,,,,,,,,,,,,,,,,,,,,,,,,18.0,18.0,1.0,0.0,18.0,,,,,,,,,,,,,,,,,,,,,,,,,,,,,,,,,,,,,,,,,,,,,,,,,,,,,,,,,,,,,,,,,,,,,,,,,,,,,,,,,,,,,,,,,,,,,,,,,,,4.38,16.0,38.5,131.0,6.66,4.43
Josh Uche,Defensive End,Michigan,Big Ten,73.0,245.0,2.0,8.0,8.5,23.0,0.0,11.5,35.0,0.0,0.0,1.0,,,,,,,,,,,,,,,,,,,,,,,,,,,,,,,,,,,,,,,,,,,,,,,,,,,,,,,,,,,,,,,,,,,,,,,,,,,,,,,,,,,,,,,,,,,,,,,,,,,,,,,,,,,,,,,,,,,,,,,,,,,,,,,,,,,,,,,,,,,,,,,,,,,,,,,,,,,,,,,,,,,,,,,,1.0,1.0,7.0,12.0,0.0,8.0,13.0,,,,,,,,,,,,,0.0,0.0,1.0,3.0,0.0,1.0,3.0,,,,,,,0.0,1.0,0.0,2.0,0.0,0.0,3.0,,18.0,,,,
Kristian Fulton,Cornerback,LSU,SEC,72.0,197.0,14.0,0.0,0.0,28.0,0.0,1.0,38.0,,,,0.0,1.0,0.0,0.0,,,,,,,,,,,,,,,,,,,,,,,,,,,,,,,,,,,,,,,,,,,,,,,,,,,,,,,,,,,,,,,,,,,,,,,,,,,,,0.0,1.0,0.0,0.0,,,,,,,,,,,,,,,,,,,,,,,,,,,,,,,,,,,,,,,,,,,,,,,,,,,,,,,,,,,,,,,,,,,,,,,,,,,,,,,,,,,,9.0,0.0,0.0,19.0,0.0,1.0,24.0,,,,,,,,,,,,,,,,,,,,,,,,,,0.0,0.0,0.0,1.0,0.0,0.0,2.0,4.46,,35.5,123.0,6.94,4.36
AJ Dillon,Running Back,Boston College,ACC,72.0,247.0,,,,,,,,3.0,1.0,0.0,,,,,,,,,,,,,,,,,42.0,13.0,1.0,195.0,15.0,318.0,61.0,14.0,1685.0,5.3,15.0,8.0,1.0,41.0,5.1,227.0,74.0,10.0,1108.0,4.9,,,,,,,,,,,300.0,75.0,14.0,1589.0,5.3,,,,,,,,,,,,,,,,,,,,,,,,,,,,,,,,,,,,,,,,,,,,,,,,,,,,,,,,,,,,,,,,,,,,,,,,,,,,,,,,,,,,,,,,,,,,,,,,,,,,,,,,,,,,,,,,,,1.0,0.0,0.0,,,,,,,,,,,,,,,,,,,,,,,,,,,4.0,1.0,0.0,,,,,,,,,,,4.53,23.0,41.0,131.0,7.19,
Willie Gay Jr.,Inside Linebacker,Mississippi State,SEC,73.0,243.0,1.0,1.0,0.0,7.0,1.0,2.5,17.0,1.0,0.0,2.0,24.5,2.0,0.0,49.0,,,,,,,,,,,,,,,,,,,,,,,,,,,,,,,,,,,,,,,,,,,,,,,,,,,,,,,,,,,,,,,,,,,,,,,,,,,,,52.0,1.0,1.0,52.0,,,,,,,,,,,,,,,,,,,,,,,,,,,,,,,,,,,,,,,,,,,,,,,,,,,,,,,,,,,,,,,,,,,,,,,,,,,,,,,,,0.0,0.0,1.0,1.0,4.0,4.5,18.0,0.0,5.0,44.0,,,,,,,,,,,,,2.0,1.0,1.0,8.0,0.0,2.0,23.0,,,,,,,,,,,,,,4.46,21.0,39.5,136.0,7.08,4.3
Logan Wilson,Inside Linebacker,Wyoming,Mountain West,74.0,241.0,7.0,2.0,1.0,62.0,1.0,8.5,105.0,,,,10.5,2.0,0.0,21.0,,,,,,,,,,,,,,,,,,,,,,,,,,,,,,,,,,,,,,,,,,,,,,,,,,,,,,,,,,,,,,,,,,,,,,,,,,,,,11.8,4.0,1.0,47.0,,,,,,,,,,,,,,,,3.0,1.0,0.0,3.0,,,,,,,,,,,,,,,,,,,,,,,27.7,3.0,1.0,83.0,,,,,,,,,,,,,,,,,,,,,,,,,,,,,,,,,,,,,,,2.0,1.0,2.0,56.0,0.0,10.5,99.0,,,,,,,,,,,,,1.0,0.0,1.0,74.0,0.0,8.0,108.0,,,,0.0,0.0,3.0,4.0,0.0,3.0,55.0,1.0,7.5,94.0,4.63,21.0,32.0,121.0,7.07,4.27
Antonio Gibson,Wide Receiver,Memphis,American Athletic,72.0,228.0,,,,,,,,1.0,0.0,0.0,,,,,,,,,,,,,,,,,73.0,38.0,8.0,735.0,19.3,33.0,78.0,4.0,369.0,11.2,45.0,6.0,2.0,99.0,16.5,,,,,,,,,,,,,,,,,,,,,28.0,97.0,23.0,1.0,645.0,,,,,,,,,,,,,,,,,,,,,,,,,,,,,,,,,,2.0,0.0,1.0,0.0,2.0,,,,,,,,,,,,,,,,,,,,,,,,,,,,,,,,,,,,,,,,,,,,,,,,,,,,,,,,,,,,,,,,,,,,,,,1.0,0.0,0.0,,,,,,,,,,,,,,,,,,,,,,,,,,,,,,,,,,,,,,,,4.39,16.0,35.0,118.0,,
Julian Okwara,Outside Linebacker,Notre Dame,FBS Independents,76.0,252.0,0.0,7.0,4.0,8.0,0.0,6.0,18.0,0.0,0.0,1.0,0.0,1.0,0.0,0.0,,,,,,,,,,,,,,,,,,,,,,,,,,,,,,,,,,,,,,,,,,,,,,,,,,,,,,,,,,,,,,,,,,,,,,,,,,,,,,,,,,,,,,,,,,,,,,,,5.0,1.0,0.0,5.0,,,,,,,,,,,,,,,,,,,,,,,,,,,,,,,,,,,,,,,,,,,,,,,,,,,,,,,,,,,,,,,,,1.0,21.0,5.5,23.0,0.0,10.0,34.0,,,,,,,,,,,,,0.0,7.0,2.5,8.0,0.0,3.5,14.0,,,,,,,0.0,0.0,0.0,2.0,0.0,0.0,4.0,,27.0,,,,
Ashtyn Davis,Safety,California,Pac-12,73.0,202.0,4.0,0.0,0.0,32.0,0.0,1.0,55.0,1.0,1.0,2.0,14.8,4.0,1.0,59.0,,,,,,,,,,,,,,,,,,,,,,,,,,,,,,,,,20.7,44.0,40.0,0.0,826.0,,,,,,,,,,,12.4,28.0,12.0,0.0,149.0,,,,,,,,,,,,,,,,,,,,,,,,,15.5,2.0,0.0,31.0,16.5,19.0,2.0,0.0,33.0,26.2,89.0,24.0,1.0,629.0,,,,,,31.0,1.0,0.0,31.0,,,,,,,,,,,,,,,,,,,,,,,,,,,,,,,,,,,,,,,,,,,,,,,,,,,,,,,,,,,,,,1.0,0.0,1.0,4.0,0.0,0.0,31.0,1.0,1.0,45.0,,,,,,,,,,,,,0.0,0.0,0.0,20.0,0.0,0.0,33.0,1.0,0.0,0.0,,,,3.0,0.0,0.0,14.0,0.0,0.0,25.0,,14.0,,,,
Damien Lewis,Offensive Guard,LSU,SEC,74.0,327.0,,,,,,,,,,,,,,,,,,,,,,,,,,,,,,,,,,,,,,,,,,,,,,,,,,,,,,,,,,,,,,,,,,,,,,,,,,,,,,,,,,,,,,,,,,,,,,,,,,,,,,,,,,,,,,,,,,,,,,,,,,,,,,,,,,,,,,,,,,,,,,,,,,,,,,,,,,,,,,,,,,,,,,,,,,,,,,,,,,,,,,,,,,,,,,,,,,,,,,,,,,,,,,,,,,,,,,,,,5.24,27.0,30.0,108.0,,
Brandon Jones,Safety,Texas,Big 12,71.0,198.0,4.0,0.0,1.0,64.0,0.0,4.5,86.0,1.0,1.0,1.0,13.0,2.0,0.0,26.0,10.8,33.0,6.0,0.0,65.0,,,,,,,,,,,,,,,,,,,,,,,,,,,,11.0,11.0,1.0,0.0,11.0,,,,,,,,,,,,,,,,,,,,,,,,,,,,,,,,,,,,,,,,3.5,2.0,0.0,7.0,10.5,53.0,6.0,0.0,63.0,,,,,,,,,,,,,,,22.0,23.0,2.0,0.0,44.0,16.5,19.0,2.0,0.0,33.0,,,,,,,,,,,,,,,,,,,,,,,,,,,,,,,,,,,,,,,,,,,,,,,,,,,,1.0,0.0,1.0,1.0,1.0,0.0,48.0,0.0,5.5,70.0,,,,,,,,,,,,,2.0,2.0,0.0,51.0,0.0,4.0,61.0,,,,,,,0.0,0.0,0.0,11.0,0.0,0.0,15.0,,,,,,
Justin Madubuike,Defensive Tackle,Texas A&M,SEC,75.0,293.0,2.0,7.0,5.5,18.0,0.0,11.5,45.0,,,,,,,,,,,,,,,,,,,,,,,,,,,,,,,,,,,,,,,,,,,,,,,,,,,,,,,,,,,,,,,,,,,,,,,,,,,,,,,,,,,,18.0,1.0,0.0,18.0,,,,,,,,,,,,,,,,,,,,,,,,,,,,,,,,,,,,,,,,,,,,,,,,,,,,,,,,,,,,,,,,,,,,,,,,,,,,,,,,,,,,2.0,5.0,5.5,18.0,0.0,10.5,40.0,,,,,,,,,,,,,0.0,0.0,0.0,7.0,0.0,2.5,20.0,,,,,,,,,,,,,,4.83,31.0,,,7.37,
Davon Hamilton,Defensive Tackle,Ohio State,Big Ten,76.0,320.0,0.0,1.0,6.0,18.0,0.0,10.5,28.0,0.0,0.0,1.0,,,,,,,,,,,,,,,,,,,,,,,,,,,,,,,,,,,,,,,,,,,,,,,,,,,,,,,,,,,,,,,,,,,,,,,,,,,,,,,,,,,,,,,,,,,,,,,,,,,,,,,,,,,,,,,,,,,,,,,,,,,,,,,,,,,,,,,,,,,,,,,,,,,,,,,,,,,,,,,,,,,,,0.0,0.0,1.0,0.0,0.0,0.0,8.0,0.0,3.5,16.0,,,,,,,,,,,,,0.0,0.0,0.5,10.0,0.0,4.5,12.0,,,,0.0,0.0,1.0,0.0,0.0,0.5,5.0,0.0,2.5,10.0,,,,,,
Zack Baun,Outside Linebacker,Wisconsin,Big Ten,74.0,238.0,2.0,10.0,12.5,53.0,1.0,19.5,76.0,,,,7.0,1.0,0.0,7.0,,,,,,,,,,,,,,,,,,,,,,,,,,,,,,,,,,,,,,,,,,,,,,,,,,,,,,,,,,,,,,,,,,,,,,,,,,,,,34.0,1.0,1.0,34.0,,,,,,,,,,,,,,,,,,,,,,,,,,,,,,,,,,,,,,,,,,,,,,,,,,,,,,,,,,,,,,,,,,,,,,,,,,,,,,,,,0.0,0.0,1.0,2.0,7.0,2.5,36.0,0.0,7.5,59.0,,,,,,,,,,,,,,,,,,,,,,,,,,0.0,0.0,0.0,9.0,0.0,3.5,15.0,4.65,24.0,32.5,115.0,7.0,4.31
Jonah Jackson,Offensive Guard,Ohio State,Big Ten,76.0,306.0,,,,,,,,,,,,,,,,,,,,,,,,,,,,,,,,,,,,,,,,,,,,,,,,,,,,,,,,,,,,,,,,,,,,,,,,,,,,,,,,,,,,,,,,,,,,,,,,,,,,,,,,,,,,,,,,,,,,,,,,,,,,,,,,,,,,,,,,,,,,,,,,,,,,,,,,,,,,,,,,,,,,,,,,,,,,,,,,,,,,,,,,,,,,,,,,,,,,,,,,,,,,,,,,,,,,,,,,,5.23,28.0,26.0,98.0,7.83,5.02
Ke'Shawn Vaughn,Running Back,Vanderbilt,SEC,70.0,214.0,,,,,,,,2.0,0.0,0.0,,,,,,,,,,,,,,,,,61.0,28.0,1.0,270.0,9.6,198.0,75.0,9.0,1028.0,5.2,75.0,13.0,2.0,170.0,13.1,157.0,78.0,12.0,1244.0,7.9,,,,,,,,,,,,,,,,,,,,,,,,,,,,,,,,,,,61.0,9.0,0.0,89.0,9.9,60.0,65.0,3.0,301.0,5.0,,,,,,,,,,,,,,,,,,,,,,,,13.0,13.0,1.0,0.0,13.0,,,,,,,,,,,,,,,,,,,,,,,,,,,,,,,,,,,,,,,,,,,,,,,,,,,,,,,,,,,,,,,,,,,,,,,,,,,,,,,,,,,,,,,,,3.0,0.0,0.0,,,,,,,,4.51,,32.0,117.0,,
Michael Ojemudia,Cornerback,Iowa,Big Ten,73.0,200.0,9.0,0.0,0.0,41.0,0.0,1.0,52.0,0.0,0.0,1.0,12.7,3.0,0.0,38.0,,,,,,,,,,,,,,,,,,,,,,,,,,,,,,,,,,,,,,,,,,,,,,,,,,,,,,,,,,,,,,,,,,,,,,,,,,,,,4.0,3.0,0.0,12.0,,,,,,,,,,,,,,,,,,,,,,,,,,,,,,,,,,,,,,,,,,,,,,,,,,,,,,,,,,,,,,,,,,,,,,,,,,,,,,,,,,,,6.0,0.0,0.0,23.0,0.0,0.5,39.0,,,,,,,,,,,,,1.0,0.0,0.0,20.0,0.0,0.0,29.0,,,,,,,1.0,0.0,0.0,3.0,0.0,0.0,5.0,4.45,,36.0,122.0,6.87,4.21
Matt Hennessy,Center,Temple,American Athletic,76.0,307.0,,,,,,,,,,,,,,,,,,,,,,,,,,,,,,,,,,,,,,,,,,,,,,,,,,,,,,,,,,,,,,,,,,,,,,,,,,,,,,,,,,,,,,,,,,,,,,,,,,,,,,,,,,,,,,,,,,,,,,,,,,,,,,,,,,,,,,,,,,,,,,,,,,,,,,,,,,,,,,,,,,,,,,,,,,,,,,,,,,,,,,,,,,,,,,,,,,,,,,,,,,,,1.0,1.0,0.0,,,,,,,,,,,5.18,23.0,30.0,110.0,7.45,4.6
Jabari Zuniga,Defensive End,Florida,SEC,75.0,264.0,0.0,1.0,3.0,7.0,0.0,7.0,14.0,,,,,,,,,,,,,,,,,,,,,,,,,,,,,,,,,,,,,,,,,,,,,,,,,,,,,,,,,,,,,,,,,,,,,,,,,,,,,,,,,,,,,,,,,,,,,,,,,,,,,,,,,,,,,,,,,,,,,,,,,,,,,,,,,,,,,,,,,,,,,,,,,,,,,,,,,,,,,,,,,,,,,,,,,,,0.0,4.0,6.5,17.0,0.0,11.0,45.0,,,,,,,,,,,,,0.0,6.0,4.0,12.0,0.0,8.0,34.0,0.0,0.0,1.0,,,,0.0,11.0,5.0,18.0,0.0,8.5,25.0,4.64,29.0,33.0,127.0,,
Lynn Bowden Jr.,Wide Receiver,Kentucky,SEC,71.0,204.0,,,,,,,,9.0,5.0,0.0,,,,,29.2,67.0,5.0,2.0,146.0,,,,,,,,39.0,30.0,1.0,348.0,11.6,185.0,61.0,13.0,1468.0,7.9,54.0,67.0,5.0,745.0,11.1,9.0,12.0,0.0,25.0,2.8,23.5,93.0,37.0,0.0,869.0,35.0,17.0,0.0,210.0,12.4,12.0,9.0,0.0,37.0,3.1,24.4,37.0,9.0,0.0,220.0,,,,,,,,,,,,,,,,,,,,,,,,,,,,,13.3,29.0,4.0,0.0,53.0,22.1,56.0,25.0,0.0,553.0,,,,,,,,,,,,,,,,,,,,,,,,,,,,,,,,,,,,,,,,,,,,,,,,,,,,,,,,,,,,,,,,,,,,,,,4.0,2.0,0.0,,,,,,,,,,,,,,,,,,,,,,,,,,,1.0,0.0,0.0,,,,,,,,,,,,,,,,
Bryan Edwards,Wide Receiver,South Carolina,SEC,75.0,212.0,,,,,,,,,,,,,,,7.9,32.0,12.0,0.0,95.0,,,,,,,,75.0,71.0,6.0,816.0,11.5,2.0,15.0,0.0,22.0,11.0,75.0,55.0,7.0,846.0,15.4,,,,,,,,,,,41.0,64.0,5.0,793.0,12.4,4.0,11.0,0.0,19.0,4.8,,,,,,,,,,,,,,,,,,,,42.0,44.0,4.0,590.0,13.4,,,,,,,,,,17.9,38.0,7.0,0.0,125.0,,,,,,,,,,,,,,,,,,,,,,,,,,,,,,,,,,,,,,,,,,,,,,,,,,,,,,,,,,,,,,,,,,,,,,,,,,,,2.0,1.0,0.0,,,,,,,,,,,,,,,,,,,,,,,,,,,,,,,,,,,,,,,,,,,,,
Neville Gallimore,Defensive Tackle,Oklahoma,Big 12,74.0,304.0,1.0,7.0,4.0,18.0,0.0,7.5,30.0,,,,,,,,,,,,,,,,,,,,,,,,,,,,,,,,,,,,,,,,,,,,,,,,,,,,,,,,,,,,,,,,,,,,,,,,,,,,,,,,,,,,,,,,,,,,,,,,,,,,,,,,,,,,,,,,,,,,,,,,,,,,,,,,,,,,,,,,,,,,,,,,,,,,,,,,,,,,,,,,,,,,,,,,,,,0.0,4.0,3.0,16.0,0.0,5.0,50.0,,,,,,,,,,,,,1.0,4.0,1.0,11.0,0.0,1.5,23.0,,,,,,,0.0,3.0,1.0,21.0,0.0,4.0,40.0,4.79,23.0,,,7.97,5.01
Terrell Lewis,Outside Linebacker,Alabama,SEC,77.0,262.0,2.0,15.0,6.0,21.0,0.0,11.5,31.0,0.0,0.0,1.0,,,,,,,,,,,,,,,,,,,,,,,,,,,,,,,,,,,,,,,,,,,,,,,,,,,,,,,,,,,,,,,,,,,,,,,,,,,,,,,,,,,,,,,,,,,,,,,,,,,,,,,,,,,,,,,,,,,,,,,,,,,,,,,,,,,,,,,,,,,,,,,,,,,,,,,,,,,,,,,,,,,,,,,,,,,,,,,,,,,,,,,,,,,1.0,0.0,1.0,10.0,0.0,2.0,16.0,,,,,,,0.0,0.0,1.0,7.0,0.0,1.0,11.0,,,37.0,124.0,,
Julian Blackmon,Safety,Utah,Pac-12,72.0,187.0,4.0,0.0,1.5,39.0,1.0,4.0,55.0,,,,27.0,1.0,1.0,27.0,,,,,,,,,,,,,,,,,,,,,,,,,,,,,,,,,16.0,16.0,1.0,0.0,16.0,,,,,,,,,,,,,,,,,,,,,,,,,,,,,,,,,,,,,,,,9.8,4.0,1.0,39.0,35.0,35.0,1.0,0.0,35.0,24.0,24.0,1.0,0.0,24.0,,,,,,10.3,4.0,0.0,41.0,13.0,14.0,2.0,0.0,26.0,,,,,,,,,,,,,,,,,,,,,,,,,,,,,,,,,,,,,,,,,,,,,,,,,,,,,,,,,,,,10.0,0.0,0.0,38.0,1.0,4.0,48.0,,,,,,,,,,,,,5.0,0.0,0.0,35.0,0.0,0.5,44.0,,,,,,,0.0,0.0,0.0,1.0,0.0,0.0,2.0,,,,,,
Zack Moss,Running Back,Utah,Pac-12,69.0,223.0,,,,,,,,1.0,1.0,0.0,,,,,,,,,,,,,,,,,69.0,28.0,2.0,388.0,13.9,235.0,91.0,15.0,1416.0,6.0,15.0,8.0,1.0,50.0,6.3,179.0,86.0,11.0,1092.0,6.1,,,,,,25.0,29.0,0.0,243.0,8.4,214.0,58.0,10.0,1173.0,5.5,,,,,,,,,,,,,,,,,,,,4.0,1.0,0.0,4.0,4.0,84.0,51.0,2.0,382.0,4.5,,,,,,,,,,,,,,,,,,,,,,,,,,,,,,,,,,,,,,,,,,,,,,,,,,,,,,,,,,,,,,,,,,,,,,,,,,,,,,,,,,,,,3.0,1.0,0.0,,,,,,,,,,,,,,,,,,,,,,,,,,,1.0,1.0,0.0,2.0,2.0,0.0,,,,,,,,4.65,19.0,33.0,,,4.37
Anfernee Jennings,Outside Linebacker,Alabama,SEC,74.0,256.0,5.0,8.0,8.0,45.0,0.0,12.5,83.0,,,,8.0,1.0,0.0,8.0,,,,,,,,,,,,,,,,,,,,,,,,,,,,,,,,,,,,,,,,,,,,,,,,,,,,,,,,,,,,,,,,,,,,,,,,,,,,,0.0,1.0,0.0,0.0,,,,,,,,,,,,,,,,,,,,,,,,,,,,,,,,,,,,,,,,,,,,,,,,,,,,,,,,,,,,,,,,,,,,,,,,,,,,,,,,,0.0,0.0,2.0,10.0,5.0,4.5,22.0,1.0,12.0,42.0,,,,,,,,,,,,,2.0,4.0,1.0,20.0,0.0,6.0,41.0,,,,,,,0.0,3.0,0.0,7.0,0.0,2.0,19.0,,,,,,
Jordan Elliott,Defensive Tackle,Missouri,SEC,76.0,302.0,3.0,6.0,2.5,31.0,0.0,8.5,44.0,,,,,,,,,,,,,,,,,,,,,,,,,,,,,,,,,,,,,,,,,,,,,,,,,,,,,,,,,,,,,,,,,,,,,,,,,,,,,,,,,,,,,,,,,,,,,,,,,,,,,,,,,,,,,,,,,,,,,,,,,,,,,,,,,,,,,,,,,,,,,,,,,,,,,,,,,,,,,,,,,,,,,,,,,,,1.0,2.0,3.0,17.0,0.0,8.0,24.0,,,,,,,,,,,,,,,,,,,,,,,,,,0.0,0.0,0.0,4.0,0.0,1.5,8.0,5.02,24.0,27.5,,,4.73
Cameron Dantzler,Cornerback,Mississippi State,SEC,74.0,188.0,8.0,0.0,0.5,31.0,0.0,2.0,40.0,,,,4.0,2.0,0.0,8.0,,,,,,,,,,,,,,,,,,,,,,,,,,,,,,,,,,,,,,,,,,,,,,,,,,,,,,,,,,,,,,,,,,,,,,,,,,,,,0.0,2.0,0.0,0.0,,,,,,,,,,,,,,,,15.0,1.0,0.0,15.0,,,,,,,,,,,,,,,,,,,,,,,,,,,,,,,,,,,,,,,,,,,,,,,,,,,,,,,,,,,,,,,,,9.0,1.0,1.0,32.0,0.0,2.0,43.0,,,,,,,,,,,,,3.0,1.0,0.0,15.0,0.0,2.0,25.0,,,,,,,,,,,,,,4.64,,34.5,,,
Jonathan Greenard,Outside Linebacker,Florida,SEC,75.0,263.0,4.0,8.0,10.0,26.0,1.0,15.0,52.0,0.0,0.0,1.0,,,,,,,,,,,,,,,,,,,,,,,,,,,,,,,,,,,,,,,,,,,,,,,,,,,,,,,,,,,,,,,,,,,,,,,,,,,,,,,,,16.0,1.0,0.0,16.0,,,,,,,,,,,,,,,,,,,,,,,,,,,,,,,,,,,,,,,,,,42.0,1.0,0.0,42.0,,,,,,,,,,,,,,,,,,,,,,,,,,,,,,,,,,,,,,,,,,,,,,,,,,,,,,,,,,1.0,8.0,7.0,29.0,0.0,15.5,48.0,,,,,,,2.0,3.0,2.5,8.0,0.0,7.0,22.0,4.87,22.0,30.5,113.0,7.13,4.34
Devin Asiasi,Tight End,UCLA,Pac-12,75.0,257.0,,,,,,,,,,,,,,,,,,,,,,,,,,,53.0,44.0,4.0,641.0,14.6,,,,,,30.0,6.0,1.0,130.0,21.7,,,,,,,,,,,,,,,,,,,,,,,,,,,,,,,,,,,,,,,,15.0,2.0,1.0,18.0,9.0,,,,,,,,,,,,,,,,,,,,,,,,,,,,,,,,,,,,,,,,,,,,,,,,,,,,,,,,,,,,,,,,,,,,,,,,,,,,,,,,,,,,,,,,,,,,,,,,,,,,,,,,,,,,,,,,,,,,,,,,,,,,,,,,,,,,4.73,16.0,30.5,115.0,,
Devin Duvernay,Wide Receiver,Texas,Big 12,71.0,200.0,,,,,,,,,,,,,,,,,,,,,,,,,,,75.0,106.0,9.0,1386.0,13.1,10.0,13.0,1.0,24.0,2.4,48.0,41.0,4.0,546.0,13.3,1.0,10.0,0.0,10.0,10.0,22.0,34.0,4.0,0.0,88.0,42.0,9.0,0.0,124.0,13.8,,,,,,18.6,36.0,11.0,0.0,205.0,,,,,,,,,,,,,,,80.0,20.0,3.0,412.0,20.6,,,,,,,,,,,,,,,,,,,,,,,,,,,,,21.4,28.0,12.0,0.0,257.0,,,,,,,,,,,,,,,,,,,,,,,,,,,,,,,,,,,,,,,,,,,,,,,,,,,,,,,,,,,,,,,,,,,,,,,,,,,,,,,,,,,,,,,,,,,,,,,,,,,4.39,,35.5,123.0,7.13,4.2
Darrynton Evans,Running Back,App State,Sun Belt,70.0,203.0,,,,,,,,1.0,0.0,0.0,,,,,,,,,,,,,,,,,58.0,21.0,5.0,198.0,9.4,255.0,87.0,18.0,1479.0,5.8,25.0,12.0,1.0,87.0,7.3,179.0,79.0,7.0,1187.0,6.6,,,,,,,,,,,,,,,,22.7,45.0,17.0,1.0,386.0,,,,,,,,,,,,,,,23.0,6.0,0.0,34.0,5.7,48.0,25.0,0.0,217.0,4.5,,,,,,,,,,32.7,100.0,15.0,1.0,490.0,,,,,,,,,,22.5,94.0,25.0,1.0,563.0,,,,,,,,,,,,,,,,,,,,,,,,,,,,,,,,,,,,,,,,,,,,,,,,,,,,,,,,,,,,,,,,,,,,,,,,,,,,,,,,,,,,,,,,,1.0,1.0,0.0,,,,,,,,4.41,20.0,37.0,125.0,,
Josiah Deguara,Tight End,Cincinnati,American Athletic,74.0,242.0,,,,,,,,1.0,0.0,0.0,,,,,,,,,,,,,,,,,73.0,39.0,7.0,504.0,12.9,0.0,2.0,1.0,2.0,0.0,38.0,38.0,5.0,468.0,12.3,,,,,,,,,,,28.0,11.0,0.0,98.0,8.9,,,,,,,,,,,,,,,,,,,,,,,,,28.0,4.0,0.0,47.0,11.8,1.0,0.0,0.0,-2.0,-2.0,,,,,,,,,,,,,,,,,,,,,,,,,,,,,,,,,,,,,,,,,,,,,,,,,,,,,,,,,,,,,,,,,,,,,,,,,,,,,,,,,,,,,,,,,,,,,,,,,,,,,,,,,,,,,,,,,,,,,,,,,,,,,,,4.72,25.0,35.5,115.0,7.15,4.35
McTelvin Agim,Defensive Tackle,Arkansas,SEC,75.0,309.0,0.0,3.0,5.0,20.0,0.0,8.5,39.0,0.0,0.0,1.0,,,,,,,,,,,,,,,,,,,,,,,,,,,,,,,,,,,,,,,,,,,,,,,,,,,,,,,,,,,,,,,,,,,,,,,,,,,,,,,,,,,,,,,,,,,,,,,,,,,,,,,,,,,,,,,,,,,,,,,,,,,,,,,,,,,,,,,,,,,,,,,,,,,,,,,,,,,,,,,,,,,,,0.0,0.0,1.0,1.0,11.0,4.5,19.0,0.0,10.0,45.0,,,,,,,,,,,,,3.0,3.0,2.5,15.0,0.0,7.5,37.0,,,,,,,0.0,2.0,2.5,8.0,0.0,5.5,27.0,4.98,27.0,,,,
Lucas Niang,Offensive Tackle,TCU,Big 12,78.0,315.0,,,,,,,,,,,,,,,,,,,,,,,,,,,,,,,,,,,,,,,,,,,,,,,,,,,,,,,,,,,,,,,,,,,,,,,,,,,,,,,,,,,,,,,,,,,,,,,,,,,,,,,,,,,,,,,,,,,,,,,,,,,,,,,,,,,,,,,,,,,,,,,,,,,,,,,,,,,,,,,,,,,,,,,,,,,,,,,,,,,,,,,,,,,,,,,,,,,,,,,,,,,,,,,,,,,,,,,,,,,,,,
Jacob Phillips,Inside Linebacker,LSU,SEC,75.0,229.0,1.0,3.0,1.0,56.0,0.0,7.5,113.0,,,,45.0,1.0,1.0,45.0,,,,,,,,,,,,,,,,,,,,,,,,,,,,,,,,,,,,,,,,,,,,,,,,,,,,,,,,,,,,,,,,,,,,,,,,,,,,,,,,,,,,,,,,,,,,,,,,,,,,,,,,,,,,,,,,,,,,,,,,,,,,,,,,,,,,,,,,,,,,,,,,,,,,,,,,,,,,,,,,,,,,3.0,5.0,1.0,29.0,1.0,5.5,83.0,,,,,,,,,,,,,1.0,1.0,0.0,8.0,0.0,0.5,18.0,,,,,,,,,,,,,,4.66,,39.0,126.0,7.38,4.33
Malik Harrison,Inside Linebacker,Ohio State,Big Ten,75.0,247.0,4.0,1.0,4.5,49.0,0.0,16.5,75.0,0.0,0.0,2.0,13.0,1.0,0.0,13.0,,,,,,,,,,,,,,,,,,,,,,,,,,,,,,,,,,,,,,,,,,,,,,,,,,,,,,,,,,,,,,,,,,,,,,,,,,,,,,,,,,,,,,,,,,,,,,,,,,,,,,,,,,,,,,,,,,,,,,,,,,,,,,,,,,,,,,,,,,,,,,,,,,,,,,,,,,,,,,,,,,,,4.0,3.0,2.5,55.0,0.0,8.5,81.0,,,,,,,,,,,,,1.0,0.0,2.0,22.0,0.0,3.0,37.0,,,,,,,0.0,0.0,1.0,10.0,0.0,1.0,13.0,4.66,,36.0,122.0,6.83,4.32
Matt Peart,Offensive Tackle,UConn,American Athletic,79.0,318.0,,,,,,,,,,,,,,,,,,,,,,,,,,,,,,,,,,,,,,,,,,,,,,,,,,,,,,,,,,,,,,,,,,,,,,,,,,,,,,,,,,,,,,,,,,,,,,,,,,,,,,,,,,,,,,,,,,,,,,,,,,,,,,,,,,,,,,,,,,,,,,,,,,,,,,,,,,,,,,,,,,,,,,,,,,,,,,,,,,,,,,,,,,,,,,,,,,,,,,,,,,,,,,,,,,,,,,,,,5.06,26.0,30.0,113.0,8.01,4.92
Tanner Muse,Safety,Clemson,ACC,74.0,227.0,3.0,1.0,2.0,37.0,0.0,6.0,55.0,,,,12.5,2.0,0.0,25.0,,,,,,,,,,,,,,,,,,,,,,,,,,,,,,,,,,,,,,,,,,,,,,,,,,,,,,,,,,,,,,,,,,,,,,,,,,,,,3.3,4.0,0.0,13.0,,,,,,,,,,,,,,,,,,,,,,,,,,,,,,,,,,,,,,,,,,64.0,1.0,1.0,64.0,,,,,,,,,,,,,,,,,,,,,,,,,,,,,,,,,,,,,,,4.0,0.0,2.0,29.0,0.0,2.5,58.0,,,,,,,,,,,,,5.0,1.0,0.0,28.0,0.0,2.0,57.0,0.0,0.0,1.0,,,,1.0,0.0,0.0,9.0,1.0,0.0,19.0,4.41,20.0,34.5,124.0,,
Dalton Keene,Tight End,Virginia Tech,ACC,76.0,253.0,,,,,,,,1.0,1.0,0.0,,,,,,,,,,,,,,,,,27.0,20.0,5.0,236.0,11.8,11.0,7.0,0.0,33.0,3.0,67.0,28.0,3.0,341.0,12.2,,,,,,,,,,,40.0,10.0,0.0,167.0,16.7,,,,,,,,,,,,,,,,,,,,,,,,,,,,,,,,,,,,,,,,,,,,,,,,,,,,,,,,,,,,,,,,,,,,,,,,,,,,,,,,,,,,,,,,,,,,,,,,,,,,,,,,,,,,,,,,,,,,,,,,,,,,,,,,,,,,,,,,,,,,,,,,,,,,,,,,,,,,,,,,,4.71,21.0,34.0,125.0,7.07,4.19
Alex Highsmith,Outside Linebacker,Charlotte,Conference USA,75.0,248.0,2.0,7.0,10.5,37.0,0.0,16.5,63.0,,,,,,,,,,,,,,,,,,,,,,,,,,,,,,,,,,,,,,,,,,,,,,,,,,,,,,,,,,,,,,,,,,,,,,,,,,,,,,,,,,,,,,,,,,,,,,,,,,,,,,,,,,,,,,,,,,,,,,,,,,,,,,,,,,,,,,,,,,,,,,,,,,,,,,,,,,,,,,,,,,,,,,,,,,,1.0,4.0,3.0,37.0,0.0,17.5,54.0,,,,,,,,,,,,,0.0,7.0,2.0,23.0,0.0,5.0,33.0,0.0,0.0,1.0,,,,1.0,1.0,1.0,11.0,0.0,2.0,17.0,4.7,,33.0,125.0,7.32,4.31
Davion Taylor,Outside Linebacker,Colorado,Pac-12,73.0,228.0,4.0,1.0,1.0,55.0,0.0,8.0,64.0,0.0,0.0,1.0,,,,,,,,,,,,,,,,,,,,,,,,,,,,,,,,,,,,,,,,,,,,,,,,,,,,,,,,,,,,,,,,,,,,,,,,,,,,,,,,,,,,,,,,,,,,,,,,,,,,,,,,,,,,,,,,,,,,,,,,,,,,,,,,,,,,,,,,,,,,,,,,,,,,,,,,,,,,,,,,,,,,,0.0,0.0,2.0,2.0,4.0,1.0,43.0,1.0,10.0,57.0,,,,,,,,,,,,,,,,,,,,,,,,,,,,,,,,,4.49,21.0,35.0,127.0,6.96,4.26
Terrell Burgess,Safety,Utah,Pac-12,71.0,202.0,5.0,1.0,0.5,50.0,0.0,7.5,81.0,0.0,0.0,2.0,,,,,,,,,,,,,,,,,,,,,,,,,,,,,,,,,,,,,,,,,,,,,,,,,,,,,,,,,,,,,,,,,,,,,,,,,,,,,,,,,29.0,1.0,0.0,29.0,,,,,,,,,,,,,,,,,,,,13.5,15.0,2.0,0.0,27.0,,,,,,,,,,,,,,,,,,,,,,,,,,,,,,,,,,,,,,,,,,,,,,,,,,,,,,,,,,,,3.0,0.0,0.0,11.0,0.0,0.5,16.0,,,,,,,,,,,,,0.0,0.0,0.0,8.0,0.0,0.0,15.0,,,,1.0,0.0,0.0,1.0,0.0,0.0,1.0,0.0,0.0,1.0,4.46,20.0,33.5,122.0,,
Akeem Davis-Gaither,Outside Linebacker,App State,Sun Belt,74.0,224.0,8.0,6.0,5.0,49.0,0.0,14.5,101.0,,,,,,,,,,,,,,,,,,,,,,,,,,,,,,,,,,,,,,,,,,,,,,,,,,,,,,,,,,,,,,,,,,,,,,,,,,,,,,,,,,,,0.0,1.0,0.0,0.0,,,,,,,,,,,,,,,,,,,,,,,,,,,,,,,,,,,,,,,,,,,,,,,,,,,,,,,,,,,,,,,,,,,,,,,,,,,,,,,,,,,,7.0,3.0,1.5,46.0,0.0,10.0,103.0,,,,,,,,,,,,,1.0,0.0,0.0,24.0,0.0,1.0,33.0,,,,,,,1.0,0.0,1.5,12.0,0.0,2.5,16.0,,21.0,,,,
John Simpson,Offensive Guard,Clemson,ACC,76.0,321.0,,,,,,,,,,,,,,,,,,,,,,,,,,,,,,,,,,,,,,,,,,,,,,,,,,,,,,,,,,,,,,,,,,,,,,,,,,,,,,,,,,,,,,,,,,,,,,,,,,,,,,,,,,,,,,,,,,,,,,,,,,,,,,,,,,,,,,,,,,,,,,,,,,,,,,,,,,,,,,,,,,,,,,,,,,,,,,,,,,,,,,,,,,,,,,,,,,,,,,,,,,,,,,,,,,,,,,,,,5.24,34.0,30.0,107.0,8.03,4.87
Darnay Holmes,Cornerback,UCLA,Pac-12,70.0,195.0,6.0,0.0,0.0,23.0,0.0,1.0,33.0,0.0,0.0,1.0,10.3,3.0,1.0,31.0,4.5,9.0,4.0,0.0,18.0,,,,,,,,,,,,,,,,,,,,,,,,,,,,21.7,54.0,33.0,0.0,715.0,,,,,,,,,,,20.0,20.0,1.0,0.0,20.0,,,,,,,,,,,,,,,,,,,,,,,,,0.0,2.0,0.0,0.0,,,,,,35.8,93.0,4.0,1.0,143.0,,,,,,10.0,3.0,1.0,30.0,,,,,,,,,,,,,,,,,,,,,,,,,,,,,,,,,,,,,,,,,,,,,,,,,,,,,,,,,,,,,,0.0,0.0,1.0,7.0,1.0,0.0,36.0,2.0,1.0,47.0,,,,,,,,,,,,,3.0,0.0,0.0,29.0,1.0,1.0,39.0,,,,,,,,,,,,,,4.48,12.0,,,,
Joshua Kelley,Running Back,UCLA,Pac-12,71.0,212.0,,,,,,,,1.0,0.0,0.0,,,,,,,,,,,,,,,,,14.0,11.0,1.0,71.0,6.5,229.0,54.0,12.0,1060.0,4.6,22.0,27.0,0.0,193.0,7.1,225.0,61.0,12.0,1243.0,5.5,,,,,,,,,,,,,,,,,,,,,,,,,,,,,,,,,,,,,,,,,,,,,,,,,,,,,,,,,,,,,,,,,,,,,,,,,,,,,,,,,,,,,,,,,,,,,,,,,,,,,,,,,,,,,,,,,,,,,,,,,,,,,,,,,2.0,0.0,0.0,,,,,,,,,,,,,,,,,,,,,,,,,,,,,,,,,,,,,,,,4.49,23.0,31.0,121.0,6.95,4.28
Troy Pride Jr.,Cornerback,Notre Dame,FBS Independents,72.0,193.0,6.0,0.0,0.0,27.0,0.0,0.0,40.0,,,,0.5,2.0,0.0,1.0,,,,,,,,,,,,,,,,,,,,,,,,,,,,,,,,,,,,,,,,,,,,,,,,,,,,,,,,,,,,,,,,,,,,,,,,,,,,,39.0,1.0,0.0,39.0,,,,,,,,,,,,,,,,-5.0,1.0,0.0,-5.0,,,,,,-2.0,-2.0,1.0,0.0,-2.0,,,,,,,,,,,,,,,,,,,,,,,,,,,,,,,,,,,,,,,,,,,,,,,,,,,,0.0,0.0,1.0,10.0,0.0,0.0,36.0,0.0,1.5,46.0,,,,,,,,,,,,,2.0,0.0,0.0,13.0,0.0,1.0,20.0,,,,1.0,1.0,1.0,0.0,0.0,0.0,10.0,0.0,0.0,12.0,,,,,,
Leki Fotu,Defensive Tackle,Utah,Pac-12,77.0,330.0,2.0,2.0,1.5,9.0,0.0,8.0,28.0,,,,,,,,,,,,,,,,,,,,,,,,,,,,,,,,,,,,,,,,,,,,,,,,,,,,,,,,,,,,,,,,,,,,,,,,,,,,,,,,,,,,,,,,,,,,,,,,,,,,,,,,,,,,,,,,,,,,,,,,,,,,,,,,,,,,,,,,,,,,,,,,,,,,,,,,,,,,,,,,,,,,,,,,,,,0.0,2.0,3.0,18.0,0.0,5.5,33.0,,,,,,,,,,,,,1.0,0.0,0.0,14.0,0.0,3.5,22.0,0.0,0.0,1.0,,,,0.0,0.0,0.0,1.0,0.0,0.0,1.0,5.15,21.0,,,,
Harrison Bryant,Tight End,Florida Atlantic,Conference USA,77.0,243.0,,,,,,,,1.0,0.0,0.0,,,,,,,,,,,,,,,,,57.0,65.0,7.0,1004.0,15.4,,,,,,56.0,45.0,4.0,662.0,14.7,1.0,2.0,0.0,2.0,2.0,,,,,,40.0,32.0,5.0,408.0,12.8,,,,,,,,,,,,,,,,,,,,,,,,,20.0,6.0,0.0,63.0,10.5,,,,,,,,,,,,,,,,,,,,,,,,,,,,,5.0,5.0,1.0,0.0,5.0,,,,,,,,,,,,,,,,,,,,,,,,,,,,,,,,,,,,,,,,,,,,,,,,,,,,,,,,,,,,,,,,,,,,,,,,,,,,,,,,,,,,,,,,,1.0,1.0,0.0,,,,,,,,4.73,13.0,32.5,110.0,7.41,4.37
D.J. Wonnum,Defensive End,South Carolina,SEC,77.0,258.0,0.0,3.0,4.5,24.0,0.0,9.5,37.0,,,,,,,,,,,,,,,,,,,,,,,,,,,,,,,,,,,,,,,,,,,,,,,,,,,,,,,,,,,,,,,,,,,,,,,,,,,,,,,,,,,,21.0,1.0,0.0,21.0,,,,,,,,,,,,,,,,,,,,,,,,,,,,,,,,,,,,,,,,,,,,,,,,,,,,,,,,,,,,,,,,,,,,,,,,,,,,,,,,,,,,0.0,0.0,2.0,6.0,0.0,3.0,10.0,,,,,,,,,,,,,5.0,2.0,6.0,32.0,0.0,13.0,57.0,,,,,,,0.0,2.0,1.5,15.0,0.0,3.5,32.0,4.73,20.0,34.5,123.0,7.25,4.44
Albert Okwuegbunam,Tight End,Missouri,SEC,78.0,258.0,,,,,,,,,,,,,,,,,,,,,,,,,,,36.0,26.0,6.0,306.0,11.8,,,,,,58.0,43.0,6.0,466.0,10.8,,,,,,,,,,,57.0,29.0,11.0,415.0,14.3,,,,,,,,,,,,,,,,,,,,,,,,,,,,,,,,,,,,,,,,,,,,,,,,,,,,,,,,,,,,,,,,,,,,,,,,,,,,,,,,,,,,,,,,,,,,,,,,,,,,,,,,,,,,,,,,,,,,,,,2.0,2.0,0.0,,,,,,,,,,,,,,,,,,,,,,,,,,,1.0,1.0,0.0,,,,,,,,,,,4.49,,,,,
Mykal Walker,Inside Linebacker,Fresno State,Mountain West,75.0,230.0,4.0,3.0,2.5,56.0,0.0,9.0,96.0,0.0,0.0,1.0,38.0,1.0,1.0,38.0,,,,,,,,,,,,,,,,,,,,,,,,,,,,,,,,,,,,,,,,,,,,,,,,,,,,,,,,,,,,,,,,,,,,,,,,,,,,,,,,,,,,,,,,,,,,,,,,,,,,,,,,,,,,,,,,,,,,,,,,,,,,,,,,,,,,,,,,,,,,,,,,,,,,,,,,,,,,,,,,,0.0,0.0,1.0,6.0,5.0,4.0,38.0,1.0,13.5,86.0,,,,,,,,,,,,,,,,,,,,,,,,,,,,,,,,,4.65,20.0,33.0,122.0,7.09,4.25
La'Mical Perine,Running Back,Florida,SEC,71.0,216.0,,,,,,,,,,,,,,,,,,,,,,,,,,,30.0,40.0,5.0,262.0,6.6,132.0,88.0,6.0,676.0,5.1,63.0,13.0,1.0,170.0,13.1,134.0,74.0,7.0,826.0,6.2,,,,,,18.0,10.0,1.0,81.0,8.1,136.0,29.0,8.0,562.0,4.1,,,,,,,,,,,,,,,,,,,,32.0,9.0,1.0,161.0,17.9,91.0,59.0,1.0,421.0,4.6,,,,,,,,,,,,,,,,,,,,,,,,21.5,41.0,4.0,0.0,86.0,,,,,,,,,,,,,,,,,,,,,,,,,,,,,,,,,,,,,,,,,,,,,,,,,,,,,,,,,1.0,1.0,0.0,,,,,,,,,,,,,,,,,,,,,,,,,,,2.0,1.0,0.0,1.0,0.0,0.0,,,,,,,,4.62,22.0,35.0,118.0,7.13,4.31
Logan Stenberg,Offensive Guard,Kentucky,SEC,78.0,317.0,,,,,,,,,,,,,,,,,,,,,,,,,,,,,,,,,,,,,,,,,,,,,,,,,,,,,,,,,,,,,,,,,,,,,,,,,,,,,,,,,,,,,,,,,,,,,,,,,,,,,,,,,,,,,,,,,,,,,,,,,,,,,,,,,,,,,,,,,,,,,,,,,,,,,,,,,,,,,,,,,,,,,,,,,,,,,,,,,,,,,,,,,,,,,,,,,,,,,,,,,,,,,,,,,,,,,,,,,5.3,,26.0,104.0,8.0,4.83
Jacob Eason,Quarterback,Washington,Pac-12,78.0,231.0,,,,,,,,3.0,2.0,0.0,,,,,,,,,,405.0,260.0,8.0,0.642,23.0,3132.0,7.7,,,,,,46.0,19.0,1.0,-69.0,-1.5,,,,,,,,,,,,,,,,,,,,,3.0,0.0,0.0,-12.0,-4.0,,,,,,,,,,,,,7.0,4.0,0.0,0.571,0.0,28.0,4.0,,,,,,33.0,15.0,1.0,-45.0,-1.4,,,,,,,,,,,,,,,,,,,,,,,,,,,,,,,,,,,,,,,,,,,,,,,,,,370.0,204.0,8.0,0.551,16.0,2430.0,6.6,,,,,,,,,,,,,,,,,,,,,,,,,,,,,,,,,,,,,,,,,,,,,,,,,,,,,,,,,,1.0,1.0,0.0,3.0,3.0,0.0,,,,,,,,4.89,,27.5,110.0,7.5,4.75
Reggie Robinson II,Cornerback,Tulsa,American Athletic,73.0,205.0,13.0,0.0,0.0,26.0,0.0,1.0,38.0,0.0,0.0,1.0,,,,,,,,,,,,,,,,,,,,,,,,,,,,,,,,,,,,,,,,,,,,,,,,,,,,,,,,,,,,,,,,,,,,,,,,,,,,,,,,,9.3,3.0,0.0,28.0,,,,,,,,,,,,,,,,,,,,,,,,,,,,,,,,,,,,,,,,,,,,,,,,,,,,,,,,,,,,,,,,,,,,,,,,,,,,,,,,,,,,5.0,0.0,0.0,13.0,0.0,0.0,19.0,,,,,,,,,,,,,9.0,0.0,0.0,32.0,0.0,2.5,38.0,,,,0.0,0.0,1.0,7.0,0.0,0.0,30.0,0.0,0.5,37.0,4.44,22.0,36.0,132.0,7.09,4.18
Anthony McFarland Jr.,Running Back,Maryland,Big Ten,68.0,208.0,,,,,,,,1.0,0.0,0.0,,,,,,,,,,,,,,,,,39.0,17.0,1.0,126.0,7.4,114.0,80.0,8.0,614.0,5.4,46.0,7.0,0.0,73.0,10.4,131.0,81.0,4.0,1034.0,7.9,,,,,,,,,,,,,,,,40.0,40.0,1.0,0.0,40.0,,,,,,,,,,,,,,,,,,,,,,,,,,,,,,,,,,,,,,,,,,,,,,,,,,,,,,,,,,,,,,,,,,,,,,,,,,,,,,,,,,,,,,,,,,,,,,,,,,,,,,,,,,,,,3.0,1.0,0.0,,,,,,,,,,,,,,,,,,,,,,,,,,,,,,,,,,,,,,,,,,,,,
James Morgan,Quarterback,Florida International,Conference USA,76.0,229.0,,,,,,,,7.0,3.0,0.0,,,,,,,,,,357.0,207.0,5.0,0.58,14.0,2560.0,7.2,,,,,,31.0,15.0,2.0,-34.0,-1.1,,,,,,29.0,11.0,1.0,-40.0,-1.4,,,,,,,,,,,26.0,9.0,0.0,-37.0,-1.4,,,,,,326.0,213.0,7.0,0.653,26.0,2727.0,8.4,212.0,96.0,7.0,0.453,9.0,1260.0,5.9,,,,,,45.0,12.0,0.0,-72.0,-1.6,,,,,,,,,,,,,,,,,,,,,,,,,,,,,,,,,,,,,,,,,,,,,,,,,,326.0,183.0,15.0,0.561,16.0,2082.0,6.4,,,,,,,,,,,,,,,,,,,,,,,,,,,,,4.0,0.0,0.0,,,,,,,,,,,,,,,,,,,,,,,,,,,3.0,1.0,0.0,7.0,1.0,0.0,,,,,,,,4.89,,29.0,112.0,7.51,4.64
K'Von Wallace,Safety,Clemson,ACC,71.0,206.0,10.0,1.0,2.0,47.0,1.0,3.0,72.0,,,,46.0,1.0,0.0,46.0,,,,,,,,,,,,,,,,,,,,,,,,,,,,,,,,,,,,,,,,,,,,,,,,,,,,,,,,,,,,,,,,,,,,,,,,,,,,,33.0,2.0,1.0,66.0,,,,,,,,,,,,,,,,55.0,1.0,0.0,55.0,,,,,,,,,,,,,,,,,,,,,,,13.0,1.0,0.0,13.0,,,,,,,,,,,,,,,,,,,,,,,,,,,,,,,,,,,,,,,3.0,0.0,0.0,31.0,0.0,1.5,47.0,,,,,,,,,,,,,3.0,0.0,0.0,22.0,0.0,0.0,26.0,,,,,,,0.0,1.0,0.0,3.0,0.0,1.0,6.0,4.53,18.0,38.0,133.0,6.76,4.15
Gabriel Davis,Wide Receiver,UCF,American Athletic,74.0,216.0,,,,,,,,,,,,,,,,,,,,,,,,,,,73.0,72.0,12.0,1241.0,17.2,,,,,,75.0,53.0,7.0,815.0,15.4,,,,,,,,,,,80.0,27.0,4.0,391.0,14.5,,,,,,,,,,,,,,,,,,,,,,,,,,,,,,,,,,,,,,,,,,,,,,,,,,,,,,,,,,,,,,,,,,,,,,,,,,,,,,,,,,,,,,,,,,,,,,,,,,,,,,,,,,,,,,,,,,,,,,,1.0,0.0,0.0,,,,,,,,,,,,,,,,,,,,,,,,,,,,,,,,,,,,,,,,4.54,14.0,35.0,124.0,7.08,4.59
Cameron Clark,Offensive Tackle,Charlotte,Conference USA,77.0,308.0,,,,,,,,,,,,,,,,,,,,,,,,,,,,,,,,,,,,,,,,,,,,,,,,,,,,,,,,,,,,,,,,,,,,,,,,,,,,,,,,,,,,,,,,,,,,,,,,,,,,,,,,,,,,,,,,,,,,,,,,,,,,,,,,,,,,,,,,,,,,,,,,,,,,,,,,,,,,,,,,,,,,,,,,,,,,,,,,,,,,,,,,,,,,,,,,,,,,,,,,,,,,,,,,,,,,,,,,,5.29,26.0,25.0,101.0,,
James Lynch,Defensive Tackle,Baylor,Big 12,76.0,289.0,5.0,13.0,13.5,23.0,0.0,19.5,41.0,0.0,0.0,1.0,,,,,,,,,,,,,,,,,,,,,,,,,,,,,,,,,,,,,,,,,,,,,,,,,,,,,,,,,,,,,,,,,,,,,,,,,,,,,,,,,,,,,,,,,,,,,,,,,,,,,,,,,,,,,,,,,,,,,,,,,,,,,,,,,,,,,,,,,,,,,,,,,,,,,,,,,,,,,,,,,,,,,,,,2.0,6.0,5.5,21.0,0.0,9.0,36.0,,,,,,,,,,,,,0.0,0.0,3.0,15.0,0.0,5.0,20.0,0.0,0.0,1.0,,,,,,,,,,,5.01,23.0,29.0,111.0,7.39,4.39
Rashard Lawrence,Defensive Tackle,LSU,SEC,74.0,308.0,3.0,1.0,2.5,11.0,0.0,6.0,28.0,,,,,,,,,,,,,,,,,,,,,,,,,,,,,,,,,,,,,,,,,,,,,,,,,,,,,,,,,,,,,,,,,,,,,,,,,,,,,,,,,,,,,,,,,,,,,,,,,,,,,,,,,,,,,,,,,,,,,,,,,,,,,,,,,,,,,,,,,,,,,,,,,,,,,,,,,,,,,,,,,,,,,,,,,,,3.0,2.0,4.0,23.0,0.0,10.5,54.0,,,,,,,,,,,,,1.0,3.0,1.5,11.0,0.0,3.5,32.0,,,,,,,0.0,0.0,1.0,2.0,0.0,1.0,6.0,,,,,,
Troy Dye,Inside Linebacker,Oregon,Pac-12,75.0,231.0,4.0,4.0,2.5,52.0,0.0,9.5,84.0,,,,0.0,1.0,0.0,0.0,,,,,,,,,,,,,,,,,,,,,,,,,,,,,,,,,,,,,,,,,,,,,,,,,,,,,,,,,,,,,,,,,,,,,,,,,,,,,2.0,2.0,0.0,4.0,,,,,,,,,,,,,,,,5.0,1.0,0.0,5.0,,,,,,,,,,,,,,,,,,,,,,,4.0,1.0,0.0,4.0,,,,,,,,,,,,,,,,,,,,,,,,,,,,,,,,,,,,,,,5.0,4.0,1.0,57.0,0.0,5.0,101.0,,,,,,,,,,,,,4.0,1.0,4.0,62.0,0.0,14.0,107.0,,,,,,,1.0,1.0,7.5,57.0,0.0,13.0,91.0,,,,,,
Colby Parkinson,Tight End,Stanford,Pac-12,79.0,252.0,,,,,,,,,,,,,,,,,,,,,,,,,,,36.0,48.0,1.0,589.0,12.3,,,,,,75.0,29.0,7.0,485.0,16.7,,,,,,,,,,,24.0,10.0,4.0,97.0,9.7,,,,,,,,,,,,,,,,,,,,,,,,,,,,,,,,,,,,,,,,,,,,,,,,,,,,,,,,,,,,,,,,,,,,,,,,,,,,,,,,,,,,,,,,,,,,,,,,,,,,,,,,,,,,,,,,,,,,,,,,,,,,,,,,,,,,,,,,,,,,,,,,,,,,,,,,,,,,,,,,,4.77,18.0,32.5,109.0,7.15,4.46
Jaylinn Hawkins,Safety,California,Pac-12,73.0,208.0,2.0,0.0,1.0,37.0,0.0,3.5,49.0,,,,6.5,6.0,0.0,39.0,,,,,,,,,,,,,,,,,,,,,,,,,,,,,,,,,14.7,22.0,3.0,0.0,44.0,,,,,,,,,,,15.7,27.0,3.0,0.0,47.0,,,,,,,,,,,,,,,,,,,,,,,,,9.7,3.0,0.0,29.0,,,,,,10.0,29.0,5.0,0.0,50.0,,,,,,22.0,1.0,0.0,22.0,,,,,,,,,,,,,,,,,,,,,,,,,,,,,,,,,,,,,,,,,,,,,,,,,,,,,,,,,,,,,,,,,4.0,0.0,0.0,13.0,0.0,2.0,20.0,,,,,,,,,,,,,1.0,0.0,0.0,24.0,0.0,1.5,41.0,,,,,,,0.0,0.0,0.0,16.0,0.0,0.0,30.0,,,35.5,117.0,,
Kevin Dotson,Offensive Guard,Louisiana,Sun Belt,76.0,313.0,,,,,,,,,,,,,,,,,,,,,,,,,,,,,,,,,,,,,,,,,,,,,,,,,,,,,,,,,,,,,,,,,,,,,,,,,,,,,,,,,,,,,,,,,,,,,,,,,,,,,,,,,,,,,,,,,,,,,,,,,,,,,,,,,,,,,,,,,,,,,,,,,,,,,,,,,,,,,,,,,,,,,,,,,,,,,,,,,,,,,,,,,,,,,,,,,,,,,,,,,,,,,,,,,,,,,,,,,,,,,,
Brycen Hopkins,Tight End,Purdue,Big Ten,76.0,245.0,,,,,,,,,,,,,,,,,,,,,,,,,,,72.0,61.0,7.0,830.0,13.6,,,,,,74.0,34.0,2.0,583.0,17.1,,,,,,,,,,,38.0,25.0,3.0,349.0,14.0,,,,,,0.0,0.0,1.0,0.0,0.0,,,,,,,,,,,,,,,51.0,10.0,4.0,183.0,18.3,,,,,,,,,,,,,,,,,,,,,,,,,,,,,,,,,,,,,,,,,,,,,,,,,,,,,,,,,,,,,,,,,,,,,,,,,,,,,,,,,,,,,,,,,,,,,,,,,,,,,,,,,,,,,,,,,,,,,,,,,,,,,,,,,,,,4.66,21.0,33.5,116.0,7.25,4.28
Josiah Scott,Cornerback,Michigan State,Big Ten,69.0,185.0,7.0,0.0,0.0,38.0,0.0,0.0,55.0,0.0,0.0,1.0,6.0,2.0,0.0,12.0,,,,,,,,,,,,,,,,,,,,,,,,,,,,,,,,,,,,,,,,,,,,,,,,,,,,,,,,,,,,,,,,,,,,,,,,,,,,,11.3,3.0,0.0,34.0,,,,,,,,,,,,,,,,0.0,2.0,0.0,0.0,,,,,,,,,,,,,,,,,,,,,,,,,,,,,,,,,,,,,,,,,,,,,,,,,,,,,,,,,,,,,,,,,7.0,0.0,0.0,5.0,0.0,1.0,10.0,,,,,,,,,,,,,10.0,0.0,0.0,21.0,0.0,1.0,30.0,,,,,,,,,,,,,,4.42,17.0,,,,
L'Jarius Sneed,Safety,Louisiana Tech,Conference USA,73.0,192.0,6.0,0.0,0.0,43.0,1.0,3.5,73.0,,,,14.3,3.0,1.0,43.0,,,,,,,,,,,,,,,,,,,,,,,,,,,,,,,,,,,,,,,,,,,,,,,,,,,,,,,,,,,,,,,,,,,,,,,,,,,,,22.7,3.0,1.0,68.0,,,,,,,,,,,,,,,,-5.0,1.0,0.0,-5.0,,,,,,,,,,,,,,,,,,,,,,,48.0,1.0,1.0,48.0,,,,,,,,,,,,,,,,,,,,,,,,,,,,,,,,,,,,,,,6.0,0.0,1.5,39.0,1.0,1.0,53.0,,,,,,,,,,,,,6.0,0.0,1.0,29.0,0.0,1.0,30.0,,,,,,,0.0,0.0,0.0,12.0,1.0,0.0,17.0,4.37,12.0,41.0,131.0,,
Amik Robertson,Cornerback,Louisiana Tech,Conference USA,68.0,187.0,16.0,1.0,1.0,44.0,3.0,8.0,60.0,1.0,1.0,1.0,6.8,4.0,0.0,27.0,,,,,,,,,,,,,,,,,,,,,,,,,,,,,,,,,,,,,,,,,,,,,,,,30.0,30.0,1.0,1.0,30.0,,,,,,,,,,,,,,,,,,,,,,,,,19.4,5.0,2.0,97.0,-3.0,0.0,2.0,0.0,-6.0,,,,,,,,,,,28.2,5.0,1.0,141.0,,,,,,,,,,,,,,,,,,,,,,,,,,,,,,,,,,,,,,,,,,,,,,,,,,,,,,,,,,,,,,0.0,0.0,1.0,11.0,3.0,1.0,38.0,0.0,7.5,54.0,,,,,,,,,,,,,6.0,0.0,2.0,51.0,1.0,7.5,62.0,,,,,,,,,,,,,,,,,,,
Shaquille Quarterman,Inside Linebacker,Miami,ACC,73.0,234.0,5.0,7.0,1.0,51.0,0.0,15.5,107.0,0.0,0.0,2.0,20.0,1.0,0.0,20.0,,,,,,,,,,,,,,,,,,,,,,,,,,,,,,,,,,,,,,,,,,,,,,,,,,,,,,,,,,,,,,,,,,,,,,,,,,,,,,,,,,,,,,,,,,,,,,,,,,,,,,,,,,,,,,,,,,,,,,,,,,,,,,,,,,,,,,,,,,,,,,,,,,,,,,,,,,,,,,,,,0.0,0.0,1.0,2.0,6.0,6.0,45.0,0.0,14.0,82.0,,,,,,,,,,,,,3.0,4.0,2.5,41.0,0.0,7.0,78.0,0.0,0.0,1.0,0.0,0.0,1.0,1.0,8.0,3.0,43.0,0.0,10.0,84.0,4.74,23.0,31.0,120.0,,
John Reid,Cornerback,Penn State,Big Ten,70.0,187.0,8.0,1.0,1.0,26.0,1.0,2.5,37.0,,,,22.0,2.0,0.0,44.0,,,,,,,,,,,,,,,,,,,,,,,,,,,,,,,,,,,,,,,,,,,,,,,,,,,,,,,,,,,,,,,,,,,,,,,,,,,,,30.5,2.0,1.0,61.0,,,,,,,,,,,,,,,,,,,,,,,,,7.5,59.0,22.0,0.0,166.0,,,,,,,,,,,,,14.0,1.0,0.0,14.0,,,,,,,,,,,,,,,,,,,,,,,,,,,,,,,,,,,,,,,8.0,2.0,0.0,17.0,0.0,1.0,24.0,,,,,,,,,,,,,,,,,,,,,,,1.0,1.0,1.0,7.0,0.0,0.5,22.0,0.0,5.0,35.0,4.49,20.0,36.5,129.0,6.95,3.97
Antonio Gandy-Golden,Wide Receiver,Liberty,FBS Independents,76.0,223.0,,,,,,,,,,,,,,,,,,,,,,,,,,,73.0,79.0,10.0,1396.0,17.7,,,,,,50.0,71.0,10.0,1037.0,14.6,,,,,,,,,,,40.0,13.0,2.0,192.0,14.8,,,,,,,,,,,,,,,,,,,,,,,,,47.0,1.0,0.0,47.0,47.0,,,,,,,,,,,,,,,,,,,,,,,,,,,,,,,,,,,,,,,,,,,,,,,,,,,,,,,,,,,,,,,,,,,,,,,,,,,,,,,,,,,,,,,,,,,,,,,,,,,,,,,,,,,,,,,,,,,,,,,,,,,,,,,,,,,,4.6,22.0,36.0,127.0,7.33,4.55
DeeJay Dallas,Running Back,Miami,ACC,70.0,217.0,,,,,,,,,,,,,,,17.4,65.0,11.0,1.0,191.0,,,,,,,,42.0,14.0,2.0,140.0,10.0,114.0,62.0,8.0,693.0,6.1,26.0,10.0,0.0,85.0,8.5,109.0,83.0,6.0,617.0,5.7,20.0,22.0,2.0,0.0,40.0,49.0,4.0,0.0,92.0,23.0,41.0,39.0,3.0,217.0,5.3,13.0,13.0,1.0,0.0,13.0,,,,,,,,,,,,,,,,,,,,,,,,,,,,,,,,,,21.6,53.0,17.0,0.0,367.0,,,,,,,,,,,,,,,,,,,,,,,,,,,,,,,,,,,,,,,,,,,,,,,,,,,,,,,,,,,,,,,,,,,,,,,2.0,1.0,0.0,,,,,,,,,,,,,,,,,,,,,,,,,,,,,,,,,,,,,,,,4.58,,33.5,119.0,7.18,4.32
Jack Driscoll,Offensive Guard,Auburn,SEC,77.0,306.0,,,,,,,,,,,,,,,,,,,,,,,,,,,,,,,,,,,,,,,,,,,,,,,,,,,,,,,,,,,,,,,,,,,,,,,,,,,,,,,,,,,,,,,,,,,,,,,,,,,,,,,,,,,,,,,,,,,,,,,,,,,,,,,,,,,,,,,,,,,,,,,,,,,,,,,,,,,,,,,,,,,,,,,,,,,,,,,,,,,,,,,,,,,,,,,,,,,,,,,,,,,,,,,,,,,,,,,,,5.02,23.0,29.5,114.0,,
Tyler Biadasz,Center,Wisconsin,Big Ten,76.0,314.0,,,,,,,,,,,,,,,,,,,,,,,,,,,,,,,,,,,,,,,,,,,,,,,,,,,,,,,,,,,,,,,,,,,,,,,,,,,,,,,,,,,,,,,,,,,,,,,,,,,,,,,,,,,,,,,,,,,,,,,,,,,,,,,,,,,,,,,,,,,,,,,,,,,,,,,,,,,,,,,,,,,,,,,,,,,,,,,,,,,,,,,,,,,,,,,,,,,,,,,,,,,,,,,,,,,,,,,,,,,,,,
Khalid Kareem,Defensive End,Notre Dame,FBS Independents,76.0,268.0,1.0,11.0,5.5,23.0,0.0,10.0,46.0,0.0,0.0,1.0,,,,,,,,,,,,,,,,,,,,,,,,,,,,,,,,,,,,,,,,,,,,,,,,,,,,,,,,,,,,,,,,,,,,,,,,,,,,,,,,,,,,,,,,,,,,,,,,,,,,,,,,,,,,,,,,,,,,,,,,,,,,,,,,,,,,,,,,,,,,,,,,,,,,,,,,,,,,,,,,,,,,,,,,3.0,7.0,4.5,23.0,0.0,10.5,37.0,,,,,,,,,,,,,2.0,6.0,3.0,10.0,0.0,5.5,20.0,0.0,0.0,1.0,,,,,,,,,,,,,,,,
Alton Robinson,Defensive End,Syracuse,ACC,75.0,264.0,3.0,10.0,4.5,23.0,0.0,9.5,46.0,,,,,,,,,,,,,,,,,,,,,,,,,,,,,,,,,,,,,,,,,,,,,,,,,,,,,,,,,,,,,,,,,,,,,,,,,,,,,,,,,,,,,,,,,,,,,,,,,,,,,,,,,,,,,,,,,,,,,,,,,,,,,,,,,,,,,,,,,,,,,,,,,,,,,,,,,,,,,,,,,,,,,,,,0.0,0.0,2.0,2.0,9.0,10.0,28.0,0.0,16.0,35.0,,,,,,,,,,,,,0.0,5.0,5.0,18.0,0.0,6.0,30.0,,,,,,,,,,,,,,4.69,25.0,35.5,119.0,7.32,4.32
Danny Pinter,Offensive Guard,Ball State,Mid-American,76.0,306.0,,,,,,,,,,,,,,,,,,,,,,,,,,,,,,,,,,,,,,,,,,,,,,,,,,,,,,,,,,,,,,,,,,,,,,,,,,,,,,,,,,,,,,,,,,,,,,,,,,,,,,,,,,,,,,,,,,,,,,,,,,,,,,,,,,,,,,,,,,,,,,,,,,,,,,,,,,,,,,,,,,,,,,,,,,,,,,,,,,,,,,,,,,,,,,,,,,,,,,,,,,,,,,,,,,,,,,,,,4.91,24.0,29.5,110.0,7.76,4.62
Joe Reed,Wide Receiver,Virginia,ACC,73.0,224.0,,,,,,,,1.0,1.0,0.0,,,,,,,,,,,,,,,,,43.0,77.0,7.0,679.0,8.8,8.0,22.0,0.0,42.0,5.3,75.0,25.0,7.0,465.0,18.6,3.0,9.0,0.0,15.0,5.0,29.7,98.0,29.0,2.0,861.0,75.0,23.0,2.0,244.0,10.6,21.0,29.0,1.0,112.0,5.3,33.2,100.0,24.0,2.0,796.0,,,,,,,,,,,,,,,28.0,4.0,0.0,77.0,19.3,2.0,3.0,0.0,3.0,1.5,,,,,,,,,,27.2,90.0,26.0,1.0,707.0,,,,,,,,,,24.2,50.0,28.0,0.0,678.0,,,,,,,,,,,,,,,,,,,,,,,,,,,,,,,,,,,,,,,,,,,,,,,,,,,,,,,,,2.0,1.0,0.0,,,,,,,,,,,,,,,,,,,,,,,,,,,,,,1.0,0.0,0.0,,,,,,,,4.47,21.0,38.0,123.0,,
Kenny Robinson,Safety,West Virginia,Big 12,74.0,198.0,,,,,,,,,,,14.5,4.0,0.0,58.0,,,,,,,,,,,,,,,,,,,,,,,,,,,,,,,,,,,,,,,,,,,,,,,,,,,,,,,,,,,,,,,,,,,,,,,,,,,,,,,,,,,,,,,,,,,,,,,,56.7,3.0,2.0,170.0,,,,,,,,,,,,,,,,,,,,,,,,,,,,,,,,,,,,,,,,,,,,,,,,,,,,,,,,,,,,,,0.0,0.0,1.0,4.0,0.0,0.0,52.0,0.0,2.0,77.0,,,,,,,,,,,,,3.0,0.0,0.0,32.0,2.0,2.0,46.0,,,,,,,,,,,,,,,,,,,
Colton McKivitz,Offensive Tackle,West Virginia,Big 12,78.0,306.0,,,,,,,,,,,,,,,,,,,,,,,,,,,,,,,,,,,,,,,,,,,,,,,,,,,,,,,,,,,,,,,,,,,,,,,,,,,,,,,,,,,,,,,,,,,,,,,,,,,,,,,,,,,,,,,,,,,,,,,,,,,,,,,,,,,,,,,,,,,,,,,,,,,,,,,,,,,,,,,,,,,,,,,,,,,,,,,,,,,,,,,,,,,,,,,,,,,,,,,,,,,,,,,,,,,,,,,,,5.35,20.0,26.0,106.0,7.87,5.0
Jason Strowbridge,Defensive End,North Carolina,ACC,76.0,275.0,1.0,4.0,3.0,27.0,0.0,6.5,45.0,0.0,0.0,3.0,,,,,,,,,,,,,,,,,,,,,,,,,,,,,,,,,,,,,,,,,,,,,,,,,,,,,,,,,,,,,,,,,,,,,,,,,,,,,,,,,,,,,,,,,,,,,,,,,,,,,,,,,,,,,,,,,,,,,,,,,,,,,,,,,,,,,,,,,,,,,,,,,,,,,,,,,,,,,,,,,,,,,,,,1.0,4.0,5.5,18.0,0.0,7.5,36.0,,,,,,,,,,,,,1.0,2.0,1.0,12.0,0.0,5.5,34.0,,,,,,,0.0,2.0,2.0,5.0,0.0,2.5,12.0,4.89,26.0,31.0,113.0,7.45,4.37
Trevis Gipson,Outside Linebacker,Tulsa,American Athletic,75.0,261.0,0.0,6.0,8.0,25.0,0.0,15.0,49.0,,,,,,,,,,,,,,,,,,,,,,,,,,,,,,,,,,,,,,,,,,,,,,,,,,,,,,,,,,,,,,,,,,,,,,,,,,,,,,,,,,,,,,,,,,,,,,,,,,,,,,,,,,,,,,,,,,,,,,,,,,,,,,,,,,,,,,,,,,,,,,,,,,,,,,,,,,,,,,,,,,,,,,,,,,,1.0,3.0,4.0,29.0,0.0,9.0,46.0,,,,,,,,,,,,,1.0,0.0,0.0,4.0,0.0,0.5,11.0,,,,,,,0.0,0.0,1.0,5.0,0.0,1.0,8.0,,25.0,,,,
Keith Ismael,Center,San Diego State,Mountain West,75.0,309.0,,,,,,,,,,,,,,,,,,,,,,,,,,,,,,,,,,,,,,,,,,,,,,,,,,,,,,,,,,,,,,,,,,,,,,,,,,,,,,,,,,,,,,,,,,,,,,,,,,,,,,,,,,,,,,,,,,,,,,,,,,,,,,,,,,,,,,,,,,,,,,,,,,,,,,,,,,,,,,,,,,,,,,,,,,,,,,,,,,,,,,,,,,,,,,,,,,,,,,,,,,,,,,,,,,,,,,,,,5.34,,32.0,108.0,8.14,4.65
Daniel Thomas,Safety,Auburn,SEC,70.0,215.0,1.0,0.0,0.0,47.0,0.0,5.5,74.0,0.0,0.0,1.0,14.5,2.0,1.0,29.0,,,,,,,,,,,,,,,,,,,,,,,,,,,,,,,,,,,,,,,,,,,,,,,,,,,,,,,,,,,,,,,,,,,,,,,,,,,,,,,,,,,,,,,,,,,,,,,,0.0,1.0,0.0,0.0,,,,,,,,,,,,,,,,,,,,,,,14.5,2.0,0.0,29.0,,,,,,,,,,,,,,,,,,,,,,,,,,,,,,,,,,,,0.0,0.0,1.0,3.0,3.0,0.0,48.0,1.0,2.0,74.0,,,,,,,,,,,,,3.0,2.0,0.0,19.0,0.0,0.0,35.0,0.0,0.0,1.0,,,,1.0,0.0,0.0,10.0,0.0,1.5,16.0,4.51,24.0,37.0,125.0,,
Bryce Hall,Cornerback,Virginia,ACC,73.0,202.0,4.0,0.0,1.0,13.0,0.0,3.0,20.0,,,,9.5,2.0,0.0,19.0,,,,,,,,,,,,,,,,,,,,,,,,,,,,,,,,,,,,,,,,,,,,,,,,,,,,,,,,,,,,,,,,,,,,,,,,,,,,,,,,,,,,,,,,,,,,,,,,36.0,1.0,0.0,36.0,,,,,,,,,,,,,,,,,,,,,,,-2.0,2.0,0.0,-4.0,,,,,,,,,,,,,,,,,,,,,,,,,,,,,,,,,,,,0.0,0.0,1.0,21.0,0.0,2.0,39.0,0.0,3.5,62.0,,,,,,,,,,,,,9.0,0.0,1.0,29.0,0.0,3.0,47.0,,,,,,,4.0,0.0,0.0,17.0,0.0,0.0,25.0,,11.0,,,,
Justin Rohrwasser,Place Kicker,Marshall,Conference USA,75.0,234.0,,,,,,,,,,,,,,,,,,,,,,,,,,,,,,,,,,,,,,,,,,,,,,,,,,,,,,,,,,,,,,,,,,,,,,,,,,,,,,,,,,,,,,,,,,,,,,,,,,,,,,,,,,,,,,,,,,,,,,,,,,,,,,,,,,,,,,,,,,,,,,,,,,,21.0,18.0,53.0,0.857,89.0,36.0,35.0,21.0,15.0,40.0,0.714,89.0,46.0,44.0,,,,,,,,,,,,,,,,,,,,,,,,,,,,,,,,,,,,,,,,,,,,,,,,,,,,,,,,,,,,,,
Tyler Johnson,Wide Receiver,Minnesota,Big Ten,73.0,206.0,,,,,,,,2.0,0.0,0.0,,,,,,,,,,,,,,,,,73.0,86.0,13.0,1318.0,15.3,1.0,0.0,0.0,-1.0,-1.0,52.0,78.0,12.0,1169.0,15.0,,,,,,,,,,,67.0,35.0,7.0,677.0,19.3,,,,,,,,,,,,,,,,,,,,,,,,,34.0,14.0,1.0,141.0,10.1,,,,,,,,,,,,,,,,,,,,,,,,,,,,,,,,,,,,,,,,,,,,,,,,,,,,,,,,,,,,,,,,,,,,,,,,,,,,,,,,,,,,,,,,,,2.0,2.0,0.0,,,,,,,,,,,,,,,,,,,,,,,,,,,,,,,,,,,,,,,,,,,,,
Khaleke Hudson,Outside Linebacker,Michigan,Big Ten,71.0,224.0,3.0,3.0,1.5,45.0,0.0,3.0,101.0,,,,,,,,,,,,,,,,,,,,,,,,,,,,,,,,,,,,,,,,,,,,,,,,,,,,,,,,,,,,,,,,,,,,,,,,,,,,,,,,,,,,,,,,,,,,,,,,,,,,,,,11.0,2.0,0.0,22.0,,,,,,,,,,,,,,,,,,,,,,,,,,,,,,,,,,,,,,,,,,,,,,,,,,,,,,,,,,,,,,0.0,0.0,1.0,1.0,3.0,2.0,23.0,0.0,5.0,44.0,,,,,,,,,,,,,9.0,4.0,7.5,47.0,0.0,16.0,78.0,,,,,,,1.0,0.0,0.0,5.0,0.0,1.0,8.0,4.56,30.0,33.0,120.0,,
Kindle Vildor,Cornerback,Georgia Southern,Sun Belt,70.0,191.0,6.0,0.0,0.0,23.0,0.0,3.0,27.0,,,,9.0,4.0,0.0,36.0,,,,,,,,,,,,,,,,,,,,,,,,,,,,,,,,,,,,,,,,,,,,,,,,,,,,,,,,,,,,,,,,,,,,,,,,,,,,,-26.0,2.0,0.0,-52.0,,,,,,,,,,,,,,,,0.0,3.0,0.0,0.0,,,,,,,,,,,,,,,,,,,,,,,,,,,,,,,,,,,,,,,,,,,,,,,,,,,,,,,,,,,,,,,,,12.0,0.0,0.0,31.0,0.0,4.5,42.0,,,,,,,,,,,,,7.0,0.0,1.0,15.0,0.0,1.5,20.0,,,,,,,0.0,0.0,0.0,3.0,0.0,0.0,5.0,4.44,22.0,39.5,133.0,7.14,4.28
Curtis Weaver,Defensive End,Boise State,Mountain West,74.0,265.0,3.0,4.0,13.5,32.0,0.0,19.5,52.0,,,,,,,,,,,,,,,,,,,,,,,,,,,,,,,,,,,,,,,,,,,,,,,,,,,,,,,,,,,,,,,,,,,,,,,,,,,,,,,,,,,,0.0,1.0,0.0,0.0,,,,,,,,,,,,,,,,17.0,1.0,0.0,17.0,,,,,,,,,,,,,,,,,,,,,,,,,,,,,,,,,,,,,,,,,,,,,,,,,,,,,,,,,,,,,,,,,1.0,1.0,8.5,20.0,0.0,14.0,41.0,,,,,,,,,,,,,2.0,1.0,11.0,20.0,0.0,13.0,33.0,0.0,0.0,1.0,,,,,,,,,,,,,32.5,116.0,7.0,4.27
Collin Johnson,Wide Receiver,Texas,Big 12,78.0,222.0,,,,,,,,1.0,1.0,0.0,,,,,,,,,,,,,,,,,37.0,38.0,3.0,559.0,14.7,,,,,,45.0,68.0,7.0,988.0,14.5,,,,,,,,,,,48.0,54.0,2.0,765.0,14.2,0.0,0.0,0.0,-7.0,0.0,,,,,,,,,,,,,,,,,,,,40.0,28.0,3.0,315.0,11.3,,,,,,,,,,,,,,,,,,,,,,,,,,,,,,,,,,,,,,,,,,,,,,,,,,,,,,,,,,,,,,,,,,,,,,,,,,,,,,,,,,,,,,,,,,1.0,0.0,0.0,,,,,,,,,,,,,,,,,,,,,,,,,,,,,,,,,,,,,,,,,17.0,,,,
Quintez Cephus,Wide Receiver,Wisconsin,Big Ten,73.0,202.0,,,,,,,,,,,,,,,,,,,,,,,,,,,52.0,59.0,7.0,901.0,15.3,,,,,,,,,,,,,,,,,,,,,61.0,30.0,6.0,501.0,16.7,4.0,4.0,0.0,5.0,1.3,,,,,,,,,,,,,,,,,,,,57.0,4.0,0.0,94.0,23.5,5.0,20.0,0.0,41.0,8.2,,,,,,,,,,,,,,,,,,,,,,,,,,,,,,,,,,,,,,,,,,,,,,,,,,,,,,,,,,,,,,,,,,,,,,,,,,,,,,,,,,,,,,,,,,,,,,,,,,,,,,,,,,,,,,,,,,1.0,0.0,0.0,,,,,,,,,,,4.73,23.0,38.5,124.0,7.2,4.33
Jake Fromm,Quarterback,Georgia,SEC,74.0,219.0,,,,,,,,3.0,1.0,0.0,,,,,,,,,,385.0,234.0,5.0,0.608,24.0,2860.0,7.4,,,,,,38.0,15.0,0.0,-12.0,-0.3,,,,,,41.0,10.0,0.0,-27.0,-0.7,,,,,,,,,,,55.0,21.0,3.0,79.0,1.4,,,,,,305.0,206.0,6.0,0.675,30.0,2749.0,9.0,291.0,181.0,7.0,0.622,24.0,2615.0,9.0,,,,,,,,,,,,,,,,,,,,,,,,,,,,,,,,,,,,,,,,,,,,,,,,,,,,,,,,,,,,,,,,,,,,,,,,,,,,,,,,,,,,,,,,,,,,,,,4.0,1.0,0.0,,,,,,,,,,,,,,,,,,,,,,,,,,,3.0,2.0,0.0,,,,,,,,,,,5.01,,30.0,111.0,7.27,4.51
John Hightower,Wide Receiver,Boise State,Mountain West,74.0,189.0,,,,,,,,1.0,1.0,0.0,,,,,2.0,0.0,1.0,0.0,2.0,,,,,,,,76.0,51.0,8.0,943.0,18.5,15.0,35.0,0.0,139.0,9.3,67.0,31.0,6.0,504.0,16.3,8.0,88.0,2.0,163.0,20.4,,,,,,,,,,,,,,,,24.6,98.0,26.0,1.0,639.0,,,,,,,,,,,,,,,,,,,,,,,,,,,,,,,,,,10.1,26.0,10.0,0.0,101.0,,,,,,,,,,,,,,,,,,,,,,,,,,,,,,,,,,,,,,,,,,,,,,,,,,,,,,,,,,,,,,,,,,,,,,,1.0,1.0,0.0,,,,,,,,,,,,,,,,,,,,,,,,,,,,,,,,,,,,,,,,4.43,,38.5,122.0,7.07,4.21
Harrison Hand,Cornerback,Temple,American Athletic,71.0,197.0,5.0,0.0,0.0,43.0,0.0,4.0,59.0,,,,,,,,,,,,,,,,,,,,,,,,,,,,,,,,,,,,,,,,,,,,,,,,,,,,,,,,,,,,,,,,,,,,,,,,,,,,,,,,,,,,2.7,3.0,0.0,8.0,,,,,,,,,,,,,,,,0.0,1.0,0.0,0.0,,,,,,,,,,,,,,,,,,,,,,,,,,,,,,,,,,,,,,,,,,,,,,,,,,,,,,,,,,,,,,,,,2.0,0.0,0.0,10.0,0.0,1.0,11.0,,,,,,,,,,,,,8.0,0.0,0.0,31.0,0.0,0.5,42.0,,,,,,,,,,,,,,4.52,14.0,41.0,133.0,7.15,4.27
Broderick Washington Jr,Defensive Tackle,Texas Tech,Big 12,74.0,305.0,2.0,7.0,2.5,24.0,0.0,5.5,39.0,0.0,0.0,1.0,,,,,,,,,,,,,,,,,,,,,,,,,,,,,,,,,,,,,,,,,,,,,,,,,,,,,,,,,,,,,,,,,,,,,,,,,,,,,,,,,,,,,,,,,,,,,,,,,,,,,,,,,,,,,,,,,,,,,,,,,,,,,,,,,,,,,,,,,,,,,,,,,,,,,,,,,,,,,,,,,,,,,,,,0.0,4.0,3.0,19.0,0.0,7.0,41.0,,,,,,,,,,,,,0.0,3.0,2.0,29.0,0.0,2.0,44.0,,,,,,,0.0,2.0,1.0,10.0,0.0,1.0,14.0,,,,,,
Jason Huntley,Running Back,New Mexico State,FBS Independents,68.0,190.0,,,,,,,,5.0,2.0,0.0,,,,,,,,,,,,,,,,,18.0,40.0,2.0,192.0,4.8,154.0,57.0,9.0,1090.0,7.1,60.0,47.0,3.0,471.0,10.0,109.0,40.0,7.0,505.0,4.6,29.6,100.0,18.0,2.0,533.0,61.0,39.0,2.0,363.0,9.3,70.0,50.0,1.0,420.0,6.0,18.9,71.0,16.0,0.0,302.0,,,,,,,,,,,,,,,10.0,8.0,0.0,35.0,4.4,40.0,17.0,1.0,167.0,4.2,,,,,,,,,,27.2,99.0,22.0,3.0,598.0,,,,,,,,,,22.0,24.0,4.0,0.0,88.0,,,,,,,,,,,,,,,,,,,,,,,,,,,,,,,,,,,,,,,,,,,,,,,,,,,,,,,,,1.0,1.0,0.0,,,,,,,,,,,,,,,,,,,,,,,,,,,3.0,1.0,0.0,,,,,,,,,,,,,,,,
Darnell Mooney,Wide Receiver,Tulane,American Athletic,70.0,176.0,,,,,,,,,,,,,,,,,,,,,,,,,,,48.0,48.0,5.0,713.0,14.9,,,,,,86.0,48.0,8.0,993.0,20.7,1.0,6.0,0.0,6.0,6.0,5.0,5.0,1.0,0.0,5.0,52.0,34.0,4.0,599.0,17.6,,,,,,,,,,,,,,,,,,,,,,,,,25.0,24.0,2.0,267.0,11.1,4.0,8.0,0.0,22.0,5.5,,,,,,,,,,,,,,,,,,,,,,,,,,,,,0.0,0.0,1.0,0.0,0.0,,,,,,,,,,,,,,,,,,,,,,,,,,,,,,,,,,,,,,,,,,,,,,,,,,,,1.0,1.0,0.0,,,,,,,,,,,,,,,,,,,,,,,,,,,,,,1.0,1.0,0.0,,,,,,,,4.38,9.0,37.0,124.0,,
Larrell Murchison,Defensive Tackle,NC State,ACC,75.0,297.0,2.0,5.0,7.0,24.0,0.0,12.0,48.0,0.0,0.0,2.0,0.0,1.0,0.0,0.0,,,,,,,,,,,,,,,,,,,,,,,,,,,,,,,,,,,,,,,,,,,,,,,,,,,,,,,,,,,,,,,,,,,,,,,,,,,,,,,,,,,,,,,,,,,,,,,,,,,,,,,,,,,,,,,,,,,,,,,,,,,,,,,,,,,,,,,,,,,,,,,,,,,,,,,,,,,,,,,,,0.0,0.0,1.0,2.0,0.0,4.0,16.0,0.0,8.0,34.0,,,,,,,,,,,,,,,,,,,,,,,,,,,,,,,,,5.05,29.0,29.0,118.0,7.89,4.51
Kamal Martin,Inside Linebacker,Minnesota,Big Ten,75.0,240.0,1.0,0.0,1.0,36.0,0.0,2.5,66.0,,,,,,,,,,,,,,,,,,,,,,,,,,,,,,,,,,,,,,,,,,,,,,,,,,,,,,,,,,,,,,,,,,,,,,,,,,,,,,,,,,,,7.0,2.0,0.0,14.0,,,,,,,,,,,,,,,,0.0,1.0,0.0,0.0,,,,,,,,,,,,,,,,,,,,,,,0.0,1.0,0.0,0.0,,,,,,,,,,,,,,,,,,,,,,,,,,,,,,,,,,,,,,,2.0,0.0,0.0,32.0,0.0,3.5,56.0,,,,,,,,,,,,,1.0,1.0,2.0,29.0,0.0,6.5,42.0,0.0,0.0,2.0,0.0,0.0,1.0,1.0,0.0,0.5,7.0,0.0,0.5,10.0,,,,,,
K.J. Osborn,Wide Receiver,Miami,ACC,72.0,203.0,,,,,,,,1.0,0.0,0.0,,,,,10.3,29.0,25.0,0.0,257.0,,,,,,,,32.0,50.0,5.0,547.0,10.9,5.0,5.0,0.0,15.0,3.0,75.0,53.0,7.0,892.0,16.8,5.0,13.0,0.0,16.0,3.2,19.4,27.0,16.0,0.0,310.0,54.0,35.0,4.0,493.0,14.1,4.0,16.0,1.0,22.0,5.5,20.1,31.0,10.0,0.0,201.0,,,,,,,,,,,,,,,39.0,8.0,1.0,105.0,13.1,,,,,,,,,,15.9,52.0,16.0,0.0,255.0,19.3,23.0,7.0,0.0,135.0,10.3,39.0,8.0,0.0,82.0,,,,,,,,,,,,,,,,,,,,,,,,,,,,,,,,,,,,,,,,,,,,,,,,,,,,,,,,,,,,,,,,,,1.0,0.0,0.0,,,,,,,,,,,,,,,,,,,,,,,,,,,,,,,,,,,,,,,,4.48,18.0,37.5,123.0,7.0,4.35
Mike Danna,Defensive End,Michigan,Big Ten,74.0,251.0,0.0,2.0,3.0,20.0,0.0,3.0,38.0,,,,,,,,,,,,,,,,,,,,,,,,,,,,,,,,,,,,,,,,,,,,,,,,,,,,,,,,,,,,,,,,,,,,,,,,,,,,,,,,,,,,,,,,,,,,,,,,,,,,,,,,,,,,,,,,,,,,,,,,,,,,,,,,,,,,,,,,,,,,,,,,,,,,,,,,,,,,,,,,,,,,,,,,0.0,0.0,3.0,1.0,6.0,8.5,36.0,1.0,14.0,65.0,,,,,,,,,,,,,0.0,5.0,4.0,31.0,0.0,8.5,54.0,0.0,0.0,1.0,,,,0.0,2.0,1.5,24.0,0.0,4.5,31.0,,,,,,
Justin Strnad,Outside Linebacker,Wake Forest,ACC,75.0,238.0,4.0,1.0,2.0,38.0,0.0,5.5,69.0,,,,,,,,,,,,,,,,,,,,,,,,,,,,,,,,,,,,,,,,,,,,,,,,,,,,,,,,,,,,,,,,,,,,,,,,,,,,,,,,,,,,0.0,1.0,0.0,0.0,,,,,,,,,,,,,,,,14.7,3.0,0.0,44.0,,,,,,,,,,,,,,,,,,,,,,,,,,,,,,,,,,,,,,,,,,,,,,,,,,,,,,,,,,,,,,,,,5.0,2.0,1.5,65.0,0.0,8.5,105.0,,,,,,,,,,,,,1.0,1.0,4.5,32.0,0.0,8.5,51.0,0.0,0.0,1.0,,,,0.0,0.0,0.0,12.0,0.0,0.0,19.0,4.74,,29.0,113.0,,4.49
Bradlee Anae,Defensive End,Utah,Pac-12,75.0,257.0,1.0,0.0,13.0,30.0,0.0,14.0,41.0,,,,,,,,,,,,,,,,,,,,,,,,,,,,,,,,,,,,,,,,,,,,,,,,,,,,,,,,,,,,,,,,,,,,,,,,,,,,,,,,,,,,,,,,,,,,,,,,,,,,,,,,,,,,,,,,,,,,,,,,,,,,,,,,,,,,,,,,,,,,,,,,,,,,,,,,,,,,,,,,,,,,,,,,,,,3.0,0.0,8.0,27.0,0.0,15.5,51.0,,,,,,,,,,,,,0.0,3.0,6.0,23.0,0.0,9.0,36.0,0.0,0.0,2.0,,,,0.0,0.0,2.0,4.0,0.0,2.0,4.0,4.93,25.0,31.0,115.0,7.44,4.43
Cam Brown,Outside Linebacker,Penn State,Big Ten,77.0,233.0,4.0,4.0,2.0,29.0,0.0,5.5,72.0,0.0,0.0,2.0,,,,,,,,,,,,,,,,,,,,,,,,,,,,,,,,,,,,,,,,,,,,,,,,,,,,,,,,,,,,,,,,,,,,,,,,,,,,,,,,,,,,,,,,,,,,,,,,,,,,,,,,,,,,,,,,,,,,,,,,,,,,,,,,,,,,,,,,,,,,,,,,,,,,,,,,,,,,,,,,,,,,,,,,6.0,5.0,2.0,41.0,0.0,6.0,63.0,,,,,,,,,,,,,1.0,3.0,0.5,16.0,0.0,1.5,31.0,,,,,,,,,,,,,,,,,,,
Bravvion Roy,Defensive Tackle,Baylor,Big 12,73.0,330.0,0.0,7.0,5.5,35.0,0.0,13.0,61.0,,,,,,,,,,,,,,,,,,,,,,,,,,,,,,,,,,,,,,,,,,,,,,,,,,,,,,,,,,,,,,,,,,,,,,,,,,,,,,,,,,,,,,,,,,,,,,,,,,,,,,,,,,,,,,,,,,,,,,,,,,,,,,,,,,,,,,,,,,,,,,,,,,,,,,,,,,,,,,,,,,,,,,,,,,,0.0,0.0,1.5,15.0,0.0,3.0,30.0,,,,,,,,,,,,,0.0,0.0,0.5,16.0,0.0,3.0,31.0,,,,,,,0.0,1.0,0.0,5.0,0.0,0.0,7.0,,,,,,
Blake Ferguson,Long Snapper,LSU,SEC,75.0,229.0,,,,,,,,,,,,,,,,,,,,,,,,,,,,,,,,,,,,,,,,,,,,,,,,,,,,,,,,,,,,,,,,,,,,,,,,,,,,,,,,,,,,,,,,,,,,,,,,,,,,,,,,,,,,,,,,,,,,,,,,,,,,,,,,,,,,,,,,,,,,,,,,,,,,,,,,,,,,,,,,,,,,,,,,,,,,,,,,,,,,,,,,,,,,,,,,,,,,,,,,,,,,0.0,0.0,1.0,,,,,,,,,,,5.07,,31.0,112.0,7.43,4.52
Alohi Gilman,Safety,Notre Dame,FBS Independents,71.0,201.0,2.0,1.0,1.0,32.0,0.0,3.0,74.0,0.0,0.0,1.0,27.0,2.0,0.0,54.0,,,,,,,,,,,,,,,,,,,,,,,,,,,,,,,,,,,,,,,,,,,,,,,,,,,,,,,,,,,,,,,,,,,,,,,,,,,,,0.0,1.0,0.0,0.0,,,,,,,,,,,,,,,,,,,,,,,,,,,,,,,,,,,,,,,,,,,,,,,,,,,,,,,,,,,,,,,,,,,,,,,,,,,,,,,,,,,,5.0,2.0,0.0,54.0,0.0,3.0,86.0,,,,,,,,,,,,,,,,,,,,,,,0.0,0.0,2.0,5.0,0.0,0.0,50.0,0.0,5.0,76.0,4.6,17.0,32.0,119.0,6.81,4.08
Donovan Peoples-Jones,Wide Receiver,Michigan,Big Ten,74.0,212.0,,,,,,,,2.0,1.0,0.0,,,,,10.0,60.0,25.0,1.0,250.0,,,,,,,,41.0,34.0,6.0,438.0,12.9,2.0,2.0,0.0,-7.0,-3.5,79.0,45.0,8.0,581.0,12.9,3.0,25.0,0.0,37.0,12.3,,,,,,48.0,22.0,0.0,277.0,12.6,4.0,44.0,0.0,57.0,14.3,,,,,,,,,,,,,,,,,,,,,,,,,,,,,,,,,,7.2,50.0,24.0,0.0,173.0,,,,,,7.8,79.0,41.0,1.0,320.0,,,,,,,,,,,,,,,,,,,,,,,,,,,,,,,,,,,,,,,,,,,,,,,,,,,,,,,,,,,,,,,,,,1.0,0.0,0.0,,,,,,,,,,,,,,,,,,,,,,,,,,,2.0,1.0,0.0,,,,,,,,,,,4.48,,44.5,139.0,,
Tyler Bass,Place Kicker,Georgia Southern,Sun Belt,71.0,185.0,,,,,,,,,,,,,,,,,,,,,,,,,,,,,,,,,,,,,,,,,,,,,,,,,,,,,,,,,,,,,,,,,,,,,,,,,,,,,,,,,,,,,,,,,,,,,,,,,,,,,,,,,,,,,,,,,,,,,,,,,,,,,,,,,,,,,,,,,,,,,,,,,,,28.0,20.0,49.0,0.714,96.0,36.0,36.0,21.0,19.0,50.0,0.905,102.0,45.0,45.0,19.0,15.0,48.0,0.789,72.0,28.0,27.0,0.0,0.0,0.0,0.0,6.0,7.0,6.0,,,,,,,,,,,,,,,,,,,,,,,,,,,,,,,,,,,,,,,,,,,,,,,,
Jake Luton,Quarterback,Oregon State,Pac-12,78.0,224.0,,,,,,,,,,,,,,,,,,,,358.0,222.0,3.0,0.62,28.0,2714.0,7.6,,,,,,44.0,19.0,1.0,-87.0,-2.0,,,,,,28.0,4.0,0.0,-144.0,-5.1,,,,,,,,,,,17.0,18.0,0.0,27.0,1.6,,,,,,223.0,140.0,4.0,0.628,10.0,1660.0,7.4,135.0,83.0,4.0,0.615,4.0,853.0,6.3,,,,,,,,,,,,,,,,,,,,,,,,,,,,,,,,,,,,,,,,,,,,,,,,,,,,,,,,,,,,,,,,,,,,,,,,,,,,,,,,,,,,,,,,,,,,,,,2.0,1.0,0.0,,,,,,,,,,,,,,,,,,,,,,,,,,,2.0,2.0,0.0,,,,,,,,,,,,,,,,
Charlie Woerner,Tight End,Georgia,SEC,77.0,244.0,,,,,,,,1.0,0.0,0.0,,,,,,,,,,,,,,,,,20.0,9.0,1.0,78.0,8.7,,,,,,35.0,11.0,0.0,148.0,13.5,,,,,,,,,,,50.0,9.0,0.0,100.0,11.1,,,,,,,,,,,,,,,,,,,,,,,,,29.0,5.0,0.0,50.0,10.0,,,,,,,,,,,,,,,6.0,6.0,1.0,0.0,6.0,,,,,,,,,,,,,,,,,,,,,,,,,,,,,,,,,,,,,,,,,,,,,,,,,,,,,,,,,,,,,,,,,,,,,,,,,,,,,,,,,,,,,,,,,,,,,,,,,,,,,,,,,,,,,,,,,4.78,21.0,34.5,120.0,7.18,4.46
Braden Mann,Punter,Texas A&M,SEC,71.0,198.0,,,,,,,,,,,,,,,,,,,,,,,,,,,,,,,,,,,,,,,,,,,,,,,,,,,,,,,,,,,,,,,,,,,,,,,,,,,,,,,,,,,,,,,,,,,,,,,,,,,,,,,,,,,,,,,,,,,,,,,,,,,,11.0,68.0,57.0,2.0,2685.0,47.1,20.0,82.0,50.0,9.0,2549.0,51.0,,,,,,,,,,,,,,,,,,,,,,,,,,,,,,,,,,,,,,,,,,,,,,,,,,,,,,,,0.0,50.0,2.0,0.0,94.0,47.0,,,,,,,,,,,,,,,,,,,,,4.83,,31.0,111.0,7.03,4.13
Jon Runyan,Offensive Guard,Michigan,Big Ten,76.0,306.0,,,,,,,,1.0,0.0,0.0,,,,,,,,,,,,,,,,,,,,,,,,,,,,,,,,,,,,,,,,,,,,,,,,,,,,,,,,,,,,,,,,,,,,,,,,,,,,,,,,,,,,,,,,,,,,,,,,,,,,,,,,,,,,,,,,,,,,,,,,,,,,,,,,,,,,,,,,,,,,,,,,,,,,,,,,,,,,,,,,,,,,,,,,,,,,,,,,,,,,,,,,,,,,,,,,,,,,,,,,,,,,,,,5.08,24.0,30.5,107.0,7.57,4.69
Robert Windsor,Defensive Tackle,Penn State,Big Ten,77.0,290.0,0.0,8.0,3.5,13.0,0.0,5.0,40.0,,,,,,,,,,,,,,,,,,,,,,,,,,,,,,,,,,,,,,,,,,,,,,,,,,,,,,,,,,,,,,,,,,,,,,,,,,,,,,,,,,,,,,,,,,,,,,,,,,,,,,,,,,,,,,,,,,,,,,,,,,,,,,,,,,,,,,,,,,,,,,,,,,,,,,,,,,,,,,,,,,,,,,,,,,,0.0,3.0,7.5,21.0,0.0,10.0,38.0,,,,,,,,,,,,,0.0,1.0,2.0,6.0,0.0,2.5,19.0,0.0,0.0,3.0,,,,0.0,1.0,1.0,10.0,0.0,1.5,23.0,,,,,,
Khalil Davis,Defensive Tackle,Nebraska,Big Ten,73.0,308.0,1.0,0.0,8.0,28.0,0.0,12.0,44.0,,,,,,,,,,,,,,,,,,,,,,,,,,,,,,,,,,,,,,,,,,,,,,,,,,,,,,,,,,,,,,,,,,,,,,,,,,,,,,,,,,,,,,,,,,,,,,,,,,,,,,,,,,,,,,,,,,,,,,,,,,,,,,,,,,,,,,,,,,,,,,,,,,,,,,,,,,,,,,,,,,,,,,,,0.0,0.0,1.0,0.0,4.0,3.0,24.0,0.0,8.0,41.0,,,,,,,,,,,,,1.0,2.0,2.0,7.0,0.0,4.0,15.0,,,,,,,0.0,0.0,0.0,4.0,0.0,2.0,5.0,4.75,32.0,,,,
Shaun Bradley,Inside Linebacker,Temple,American Athletic,73.0,235.0,3.0,1.0,0.0,62.0,0.0,8.0,87.0,0.0,0.0,1.0,47.0,2.0,1.0,94.0,,,,,,,,,,,,,,,,,,,,,,,,,,,,,,,,,,,,,,,,,,,,,,,,,,,,,,,,,,,,,,,,,,,,,,,,,,,,,,,,,,,,,,,,,,,,,,,,0.0,1.0,0.0,0.0,,,,,,,,,,,,,,,,,,,,,,,,,,,,,,,,,,,,,,,,,,,,,,,,,,,,,,,,,,,,,,,,,1.0,2.0,1.0,51.0,1.0,4.0,78.0,,,,,,,,,,,,,1.0,4.0,1.0,51.0,0.0,10.0,85.0,,,,,,,0.0,0.0,0.0,4.0,0.0,0.0,6.0,4.51,14.0,32.5,121.0,7.07,4.24
John Penisini,Defensive Tackle,Utah,Pac-12,73.0,318.0,1.0,0.0,2.0,9.0,0.0,7.0,38.0,,,,,,,,,,,,,,,,,,,,,,,,,,,,,,,,,,,,,,,,,,,,,,,,,,,,,,,,,,,,,,,,,,,,,,,,,,,,,,,,,,,,,,,,,,,,,,,,,,,,,,,,,,,,,,,,,,,,,,,,,,,,,,,,,,,,,,,,,,,,,,,,,,,,,,,,,,,,,,,,,,,,,,,,,,,1.0,1.0,2.0,19.0,0.0,7.0,38.0,,,,,,,,,,,,,0.0,0.0,1.0,1.0,0.0,1.0,4.0,0.0,0.0,1.0,,,,,,,,,,,,23.0,25.5,,,4.93
Antoine Brooks Jr.,Safety,Maryland,Big Ten,71.0,220.0,5.0,0.0,0.0,69.0,0.0,8.5,87.0,0.0,0.0,1.0,0.0,1.0,0.0,0.0,,,,,,,,,,,,,,,,,,,,,,,,,,,,,,,,,,,,,,,,,,,,,,,,,,,,,,,,,,,,,,,,,,,,,,,,,,,,,0.0,1.0,0.0,0.0,,,,,,,,,,,,,,,,0.0,1.0,0.0,0.0,,,,,,,,,,,,,,,,,,,,,,,,,,,,,,,,,,,,,,,,,,,,,,,,,,,,,,,,,,,,,,,,,3.0,1.0,2.5,47.0,0.0,9.5,68.0,,,,,,,,,,,,,1.0,0.0,1.0,53.0,0.0,9.5,77.0,,,,,,,0.0,0.0,0.0,4.0,0.0,0.0,5.0,4.64,18.0,34.5,,,
Jordan Fuller,Safety,Ohio State,Big Ten,74.0,203.0,4.0,0.0,0.0,42.0,0.0,0.0,62.0,,,,4.0,1.0,0.0,4.0,,,,,,,,,,,,,,,,,,,,,,,,,,,,,,,,,,,,,,,,,,,,,,,,,,,,,,,,,,,,,,,,,,,,,,,,,,,,,13.0,2.0,0.0,26.0,,,,,,,,,,,,,,,,17.0,3.0,0.0,51.0,,,,,,,,,,,,,,,,,,,,,,,,,,,,,,,,,,,,,,,,,,,,,,,,,,,,,,,,,,,,,,0.0,0.0,2.0,4.0,0.0,0.0,61.0,0.0,2.5,81.0,,,,,,,,,,,,,2.0,0.0,0.0,57.0,0.0,3.0,70.0,,,,,,,0.0,0.0,0.0,7.0,0.0,0.0,11.0,4.67,,35.5,122.0,,4.27
Quez Watkins,Wide Receiver,Southern Miss,Conference USA,72.0,185.0,,,,,,,,3.0,2.0,0.0,,,,,9.9,81.0,14.0,1.0,138.0,,,,,,,,77.0,64.0,6.0,1178.0,18.4,1.0,1.0,0.0,1.0,1.0,57.0,73.0,9.0,896.0,12.3,4.0,8.0,0.0,11.0,2.8,21.5,32.0,11.0,0.0,236.0,48.0,23.0,2.0,337.0,14.7,,,,,,21.5,46.0,4.0,0.0,86.0,,,,,,,,,,,,,,,,,,,,,,,,,,,,,7.3,12.0,3.0,0.0,22.0,14.3,19.0,3.0,0.0,43.0,9.0,24.0,2.0,0.0,18.0,,,,,,,,,,,,,,,,,,,,,,,,,,,,,,,,,,,,,,,,,,,,,,,,,,,,,,,,,,,,,,,,,,1.0,0.0,0.0,,,,,,,,,,,,,,,,,,,,,,,,,,,,,,,,,,,,,,,,4.35,,36.5,125.0,7.28,4.36
James Proche,Wide Receiver,SMU,American Athletic,71.0,201.0,,,,,,,,2.0,0.0,0.0,,,,,8.3,31.0,20.0,0.0,165.0,,,,,,,,52.0,111.0,15.0,1225.0,11.0,4.0,12.0,0.0,18.0,4.5,67.0,93.0,12.0,1199.0,12.9,2.0,13.0,0.0,17.0,8.5,16.7,20.0,3.0,0.0,50.0,86.0,40.0,6.0,816.0,20.4,,,,,,16.0,16.0,1.0,0.0,16.0,,,,,,,,,,,,,,,54.0,57.0,6.0,709.0,12.4,4.0,8.0,0.0,15.0,3.8,,,,,9.6,20.0,17.0,0.0,164.0,23.0,37.0,12.0,0.0,276.0,6.0,6.0,1.0,0.0,6.0,,,,,18.2,30.0,15.0,0.0,273.0,3.6,13.0,13.0,0.0,47.0,,,,,,,,,,,,,,,,,,,,,,,,,,,,,,,,,,,,,,,,,,,,,,,,,,,,4.0,1.0,0.0,,,,,,,,,,,,,,,,,,,,,,,,,,,,,,2.0,0.0,0.0,,,,,,,,,20.0,34.5,,7.27,4.4
Evan Weaver,Inside Linebacker,California,Pac-12,74.0,237.0,3.0,5.0,2.5,103.0,0.0,11.5,181.0,,,,23.5,2.0,1.0,47.0,,,,,,,,,,,,,,,,,,,,,,,,,,,,,,,,,,,,,,,,,,,,,,,,,,,,,,,,,,,,,,,,,,,,,,,,,,,,,,,,,,,,,,,,,,,,,,,,,,,,,,,,,,,,,,,,,,,,,,,,,,,,,,,,,,,,,,,,,,,,,,,,,,,,,,,,,,,,,,,,,,,,6.0,1.0,3.5,74.0,1.0,6.5,121.0,,,,,,,,,,,,,2.0,2.0,0.0,30.0,0.0,2.0,55.0,,,,1.0,0.0,0.0,0.0,0.0,1.5,9.0,0.0,1.5,16.0,4.76,15.0,32.0,117.0,7.02,4.21
Blake Brandel,Offensive Tackle,Oregon State,Pac-12,79.0,303.0,,,,,,,,,,,,,,,,,,,,,,,,,,,,,,,,,,,,,,,,,,,,,,,,,,,,,,,,,,,,,,,,,,,,,,,,,,,,,,,,,,,,,,,,,,,,,,,,,,,,,,,,,,,,,,,,,,,,,,,,,,,,,,,,,,,,,,,,,,,,,,,,,,,,,,,,,,,,,,,,,,,,,,,,,,,,,,,,,,,,,,,,,,,,,,,,,,,,,,,,,,,,,,,,,,,,,,,,,,,,,,
Cassh Maluia,Inside Linebacker,Wyoming,Mountain West,72.0,248.0,1.0,1.0,0.5,33.0,0.0,7.0,61.0,,,,0.0,1.0,0.0,0.0,,,,,,,,,,,,,,,,,,,,,,,,,,,,,,,,,,,,,,,,,,,,,,,,,,,,,,,,,,,,,,,,,,,,,,,,,,,,,15.0,2.0,0.0,30.0,,,,,,,,,,,,,,,,0.0,1.0,0.0,0.0,,,,,,,,,,,,,,,,,,,,,,,,,,,,,,,,,,,,,,,,,,,,,,,,,,,,,,,,,,,,,,,,,3.0,1.0,0.0,23.0,0.0,6.0,46.0,,,,,,,,,,,,,1.0,0.0,1.0,32.0,0.0,3.5,68.0,0.0,0.0,3.0,,,,0.0,0.0,0.0,12.0,0.0,0.0,16.0,,,,,,
Josh Metellus,Safety,Michigan,Big Ten,71.0,209.0,5.0,0.0,0.0,41.0,0.0,4.0,74.0,0.0,0.0,1.0,34.7,3.0,1.0,104.0,,,,,,,,,,,,,,,,,,,,,,,,,,,,,,,,,,,,,,,,,,,,,,,,,,,,,,,,,,,,,,,,,,,,,,,,,,,,,0.0,2.0,0.0,0.0,,,,,,,,,,,8.0,8.0,1.0,0.0,8.0,,,,,,,,,,,,,,,,,,,,,,,,,,,,,,,,,,,,,,,,,,,,,,,,,,,,,,,,,,,,,,,,,,,,,5.0,0.0,0.0,31.0,1.0,3.5,47.0,,,,,,,,,,,,,3.0,0.0,0.0,29.0,0.0,1.0,51.0,,,,,,,0.0,0.0,1.0,8.0,0.0,1.0,15.0,4.55,20.0,36.5,124.0,6.94,4.4
Tyler Davis,Tight End,Georgia Tech,ACC,76.0,240.0,,,,,,,,,,,,,,,,,,,,,,,,,,,38.0,17.0,1.0,148.0,8.7,,,,,,41.0,22.0,6.0,226.0,10.3,,,,,,,,,,,58.0,14.0,0.0,156.0,11.1,,,,,,,,,,,,,,,,,,,,,,,,,24.0,11.0,1.0,107.0,9.7,,,,,,,,,,,,,,,,,,,,,,,,,,,,,,,,,,,,,,,,,,,,,,,,,,,,,,,,,,,,,,,,,,,,,,,,,,,,,,,,,,,,,,,,,,,,,,,,,,,,,,,,,,,,,,,,,,,,,,,,,,,,,,,,,,,,,,,,,
Isaiah Hodgins,Wide Receiver,Oregon State,Pac-12,76.0,210.0,,,,,,,,,,,,,,,,,,,,,,,,,,,42.0,86.0,13.0,1171.0,13.6,,,,,,51.0,59.0,5.0,876.0,14.8,,,,,,,,,,,21.0,31.0,2.0,275.0,8.9,,,,,,,,,,,,,,,,,,,,,,,,,,,,,,,,,,,,,,,,,,,,,,,,,,,,,,,,,,,,,,,,,,,,,,,,,,,,,,,,,,,,,,,,,,,,,,,,,,,,,,,,,,,,,,,,,,,,,,,,,,,,,,,,,,,,,,,,,,,,,,,,,,,,1.0,0.0,0.0,,,,,,,,,,,4.61,9.0,36.5,124.0,7.01,4.12
Jake Hanson,Center,Oregon,Pac-12,76.0,303.0,,,,,,,,,,,,,,,,,,,,,,,,,,,,,,,,,,,,,,,,,,,,,,,,,,,,,,,,,,,,,,,,,,,,,,,,,,,,,,,,,,,,,,,,,,,,,,,,,,,,,,,,,,,,,,,,,,,,,,,,,,,,,,,,,,,,,,,,,,,,,,,,,,,,,,,,,,,,,,,,,,,,,,,,,,,,,,,,,,,,,,,,,,,,,,,,,,,,,,,,,,,,,,,,,,,,,,,,,5.5,33.0,,,,
Simon Stepaniak,Offensive Tackle,Indiana,Big Ten,76.0,313.0,,,,,,,,,,,,,,,,,,,,,,,,,,,,,,,,,,,,,,,,,,,,,,,,,,,,,,,,,,,,,,,,,,,,,,,,,,,,,,,,,,,,,,,,,,,,,,,,,,,,,,,,,,,,,,,,,,,,,,,,,,,,,,,,,,,,,,,,,,,,,,,,,,,,,,,,,,,,,,,,,,,,,,,,,,,,,,,,,,,,,,,,,,,,,,,,,,,,,,,,,,,,,,,,,,,,,,,,,,37.0,,,,
Prince Tega Wanogho,Offensive Tackle,Auburn,SEC,77.0,308.0,,,,,,,,,,,,,,,,,,,,,,,,,,,,,,,,,,,,,,,,,,,,,,,,,,,,,,,,,,,,,,,,,,,,,,,,,,,,,,,,,,,,,,,,,,,,,,,,,,,,,,,,,,,,,,,,,,,,,,,,,,,,,,,,,,,,,,,,,,,,,,,,,,,,,,,,,,,,,,,,,,,,,,,,,,,,,,,,,,,,,,,,,,,,,,,,,,,,,,,,,,,,,,,,,,,,,,,,,,,,,,
Isaiah Rodgers,Cornerback,Massachusetts,FBS Independents,70.0,170.0,9.0,0.0,0.0,29.0,2.0,3.0,42.0,3.0,1.0,1.0,44.5,2.0,1.0,89.0,,,,,,,,,,,,,,,,,,,,,,,,,,,,,,,,,20.9,28.0,10.0,0.0,209.0,,,,,,,,,,,24.4,87.0,53.0,0.0,1295.0,,,,,,,,,,,,,,,,,,,,,,,,,14.5,4.0,1.0,58.0,10.9,42.0,11.0,1.0,120.0,20.2,23.0,5.0,0.0,101.0,3.6,10.0,10.0,0.0,36.0,19.7,3.0,1.0,59.0,22.2,51.0,33.0,0.0,733.0,,,,,,,,,,,,,,,,,,18.0,2.0,0.0,36.0,,,,,,,,,,,,,,,,,,,,,,,,,,,,,,,,,,,,1.0,1.0,0.0,4.0,0.0,0.0,41.0,1.0,3.0,56.0,,,,,,,,,,,,,14.0,0.0,0.0,35.0,1.0,3.0,50.0,2.0,0.0,2.0,2.0,1.0,1.0,7.0,0.0,0.0,21.0,0.0,0.5,40.0,,,,,,
Dezmon Patmon,Wide Receiver,Washington State,Pac-12,76.0,225.0,,,,,,,,1.0,1.0,0.0,,,,,,,,,,,,,,,,,48.0,58.0,8.0,762.0,13.1,,,,,,65.0,61.0,5.0,816.0,13.4,,,,,,,,,,,30.0,35.0,0.0,379.0,10.8,,,,,,,,,,,,,,,,,,,,,,,,,19.0,2.0,0.0,19.0,9.5,,,,,,,,,,,,,,,,,,,,,,,,,,,,,,,,,,,,,,,,,,,,,,,,,,,,,,,,,,,,,,,,,,,,,,,,,,,,,,,,,,,,,,,,,,,,,,,,,,,,,,,,,,,,,,,,,,,,,,,,,,,,,,,,,,,,4.48,15.0,36.0,132.0,7.28,4.38
Jordan Glasgow,Inside Linebacker,Michigan,Big Ten,73.0,226.0,1.0,4.0,5.0,46.0,0.0,7.0,89.0,0.0,0.0,1.0,,,,,,,,,,,,,,,,,,,,,,,,,,,,,,,,,,,,,,,,,,,,,,,,,,,,,,,,,,,,,,,,,,,,,,,,,,,,,,,,,,,,,,,,,,,,,,,,,,,,,,,,,,,,,,,,,,,,,,,,,,,,,,,,,,,,,,,,,,,,,,,,,,,,,,,,,,,,,,,,,,,,,,,,0.0,1.0,2.0,18.0,0.0,3.0,27.0,,,,,,,,,,,,,0.0,0.0,0.0,7.0,0.0,0.0,11.0,,,,0.0,0.0,1.0,0.0,0.0,0.0,8.0,0.0,0.0,12.0,,,,,,
Freddie Swain,Wide Receiver,Florida,SEC,72.0,197.0,,,,,,,,1.0,0.0,0.0,,,,,9.7,85.0,23.0,1.0,224.0,,,,,,,,64.0,38.0,7.0,517.0,13.6,4.0,10.0,0.0,27.0,6.8,65.0,15.0,5.0,271.0,18.1,,,,,,,,,,,33.0,8.0,1.0,96.0,12.0,,,,,,13.0,23.0,3.0,0.0,39.0,,,,,,,,,,,,,,,26.0,8.0,2.0,118.0,14.8,,,,,,,,,,4.0,10.0,14.0,0.0,56.0,6.0,6.0,1.0,0.0,6.0,13.5,17.0,2.0,0.0,27.0,,,,,11.0,11.0,1.0,0.0,11.0,1.0,1.0,1.0,0.0,1.0,,,,,,,,,,,,,,,,,,,,,,,,,,,,,,,,,,,,,,,,,,,,,,,,,,,,,,,,,,,,,,,,,,,,,,,,,,,,,,,,,,,,,,,,,,,,,,4.46,16.0,36.5,124.0,7.05,4.26
Markus Bailey,Inside Linebacker,Purdue,Big Ten,72.0,235.0,0.0,1.0,1.0,10.0,0.0,2.0,14.0,,,,41.0,1.0,1.0,41.0,,,,,,,,,,,,,,,,,,,,,,,,,,,,,,,,,,,,,,,,,,,,,,,,,,,,,,,,,,,,,,,,,,,,,,,,,,,,,,,,,,,,,,,,,,,,,,,,22.0,1.0,0.0,22.0,,,,,,,,,,,,,,,,,,,,,,,11.0,4.0,0.0,44.0,,,,,,,,,,,,,,,,,,,,,,,,,,,,,,,,,,,,,,,2.0,1.0,4.5,67.0,1.0,7.0,95.0,,,,,,,,,,,,,2.0,2.0,7.0,67.0,0.0,11.0,89.0,,,,,,,2.0,0.0,0.0,61.0,0.0,6.0,97.0,,15.0,,,,
Kamren Curl,Safety,Arkansas,SEC,73.0,206.0,2.0,0.0,2.0,46.0,0.0,4.0,76.0,0.0,0.0,2.0,,,,,,,,,,,,,,,,,,,,,,,,,,,,,,,,,,,,,,,,,,,,,,,,,,,,,,,,,,,,,,,,,,,,,,,,,,,,,,,,,11.0,2.0,0.0,22.0,,,,,,,,,,,,,,,,,,,,,,,,,,,,,,,,,,,,,,,,,,,,,,,,,,,,,,,,,,,,,,,,,,,,,,,,,,,,,,,,,,,,5.0,1.0,0.0,27.0,0.0,0.0,53.0,,,,,,,,,,,,,8.0,0.0,0.0,32.0,0.0,0.0,46.0,,,,,,,,,,,,,,4.6,24.0,34.5,125.0,,
Jauan Jennings,Wide Receiver,Tennessee,SEC,75.0,215.0,,,,,,,,1.0,0.0,0.0,,,,,,,,,,,,,,,,,51.0,59.0,8.0,969.0,16.4,13.0,22.0,1.0,51.0,3.9,43.0,30.0,3.0,438.0,14.6,,,,,,,,,,,7.0,3.0,0.0,17.0,5.7,,,,,,,,,,,,,,,,,,,,,,,,,67.0,40.0,7.0,580.0,14.5,5.0,9.0,0.0,27.0,5.4,,,,,,,,,,,,,,,,,,,,,,,,,,,,,,,,,,,,,,,,,,,,,,,,,,,,,,,,,,,,,,,,,,,,,,,,,,,,,,,,,,,,,1.0,0.0,0.0,,,,,,,,,,,,,,,,,,,,,,,,,,,,,,,,,,,,,,,,4.72,,29.0,119.0,,
Carter Coughlin,Outside Linebacker,Minnesota,Big Ten,75.0,236.0,4.0,2.0,4.5,29.0,0.0,9.5,49.0,0.0,0.0,1.0,,,,,,,,,,,,,,,,,,,,,,,,,,,,,,,,,,,,,,,,,,,,,,,,,,,,,,,,,,,,,,,,,,,,,,,,,,,,,,,,,,,,,,,,,,,,,,,,,,,,,,,,,,,,,,,,,,,,,,,,,,,,,,,,,,,,,,,,,,,,,,,,,,,,,,,,,,,,,,,,,,,,,,,,0.0,1.0,9.0,32.0,0.0,14.0,42.0,,,,,,,,,,,,,0.0,1.0,6.5,29.0,0.0,11.5,37.0,,,,,,,0.0,0.0,2.0,14.0,0.0,4.0,24.0,4.57,,36.0,126.0,,
Geno Stone,Safety,Iowa,Big Ten,70.0,207.0,4.0,2.0,1.0,46.0,0.0,3.0,70.0,,,,6.0,4.0,1.0,24.0,,,,,,,,,,,,,,,,,,,,,,,,,,,,,,,,,,,,,,,,,,,,,,,,,,,,,,,,,,,,,,,,,,,,,,,,,,,,,0.0,1.0,0.0,0.0,8.0,8.0,1.0,0.0,8.0,,,,,,,,,,,19.0,1.0,0.0,19.0,,,,,,,,,,,,,,,,,,,,,,,,,,,,,,,,,,,,,,,,,,,,,,,,,,,,,,,,,,,,,,,,,3.0,0.0,0.0,29.0,1.0,1.0,39.0,,,,,,,,,,,,,0.0,0.0,0.0,5.0,0.0,0.0,17.0,1.0,0.0,0.0,,,,,,,,,,,4.62,12.0,33.5,116.0,,
K.J. Hill,Wide Receiver,Ohio State,Big Ten,72.0,196.0,,,,,,,,1.0,0.0,0.0,,,,,5.4,23.0,14.0,0.0,76.0,,,,,,,,53.0,57.0,10.0,636.0,11.2,1.0,1.0,0.0,1.0,1.0,42.0,70.0,6.0,885.0,12.6,1.0,0.0,0.0,-3.0,-3.0,25.0,32.0,6.0,0.0,150.0,29.0,56.0,3.0,549.0,9.8,2.0,1.0,0.0,1.0,0.5,0.0,0.0,2.0,0.0,0.0,,,,,,,,,,,,,,,47.0,18.0,1.0,262.0,14.6,,,,,,,,,,7.6,16.0,5.0,0.0,38.0,4.0,4.0,1.0,0.0,4.0,5.1,22.0,28.0,0.0,144.0,,,,,6.0,6.0,1.0,0.0,6.0,,,,,,,,,,,,,,,,,,,,,,,,,,,,,,,,,,,,,,,,,,,,,,,,,,,,,,,,,2.0,1.0,0.0,,,,,,,,,,,,,,,,,,,,,,,,,,,2.0,1.0,0.0,,,,,,,,,,,4.6,17.0,32.5,114.0,,
Stantley Thomas-Oliver III,Cornerback,Florida International,Conference USA,72.0,192.0,8.0,0.0,2.0,42.0,0.0,4.0,54.0,,,,0.0,1.0,0.0,0.0,,,,,,,,,,,,,,,,,,,,,,,,,,,,,,,,,,,,,,,,,,,,,,,,,,,,,,,,,,,,,,,,,,,,,,,,,,,,,23.0,1.0,0.0,23.0,,,,,,,,,,,,,,,,,,,,,,,,,,,,,,,,,,,,,,,,,,-3.0,1.0,0.0,-3.0,,,,,,,,,,,,,,,,,,,,,,,,,,,,,,,,,,,,,,,9.0,0.0,0.0,21.0,0.0,3.0,37.0,,,,,,,,,,,,,,,,,,,,,,,,,,,,,,,,,,,,,,
Eno Benjamin,Running Back,Arizona State,Pac-12,69.0,207.0,,,,,,,,5.0,4.0,0.0,,,,,,,,,,,,,,,,,72.0,42.0,2.0,347.0,8.3,253.0,33.0,10.0,1083.0,4.3,29.0,34.0,2.0,261.0,7.7,300.0,49.0,16.0,1642.0,5.5,19.8,25.0,6.0,0.0,119.0,13.0,5.0,0.0,15.0,3.0,23.0,21.0,1.0,142.0,6.2,,,,,,,,,,,,,,,,,,,,,,,,,,,,,,,,,,,,,,,,,,,,9.0,9.0,1.0,1.0,9.0,,,,,,,,,,,,,,,,,,,,,,,,,,,,,,,,,,,,,,,,,,,,,,,,,,,,,,,,,,,,,,,,,,,,,,,,,,,,,,,,,,,,,,,,,,,,,,,,,,,,,,,,,,,,4.57,12.0,39.0,122.0,6.97,4.25
Chris Claybrooks,Cornerback,Memphis,American Athletic,69.0,177.0,2.0,2.0,0.5,33.0,1.0,0.5,42.0,1.0,1.0,0.0,37.0,1.0,1.0,37.0,,,,,,,,,,,,,,,,,,,,,,,,,,,,,,,,,,,,,,,,,,,,,,,,30.7,94.0,11.0,1.0,338.0,,,,,,,,,,,,,,,,,,,,,,,,,0.0,1.0,0.0,0.0,,,,,,,,,,,,,,,,,,,,,,,,,,,,,,,,,,,,,,,,,,,,,,,,,,,,,,,,,,,,,,,,,,,,,,,,,,,,,,,,,,,,0.0,0.0,0.0,7.0,0.0,0.0,8.0,,,,,,,,,,,,,,,,,,,,,,,,,,,,,,,,,,,,,,
Cole McDonald,Quarterback,Hawai'i,Mountain West,75.0,215.0,,,,,,,,5.0,4.0,0.0,,,,,,,,,,511.0,326.0,14.0,0.638,33.0,4138.0,8.1,,,,,,103.0,76.0,7.0,377.0,3.7,,,,,,134.0,28.0,4.0,346.0,2.6,,,,,,,,,,,16.0,58.0,1.0,138.0,8.6,,,,,,484.0,285.0,10.0,0.589,36.0,3875.0,8.0,9.0,5.0,0.0,0.556,1.0,22.0,2.4,,,,,,,,,,,,,,,,,,,,,,,,,,,,,,,,,,,,,,,,,,,,,,,,,,,,,,,,,,,,,,,,,,,,,,,,,,,,,,,,,,,,,,,,,,,,,,,6.0,2.0,0.0,,,,,,,,,,,,,,,,,,,,,,,,,,,1.0,0.0,0.0,,,,,,,,,,,4.58,,36.0,121.0,7.13,4.52
Kenny Willekes,Defensive End,Michigan State,Big Ten,76.0,264.0,0.0,16.0,10.5,32.0,0.0,16.0,78.0,0.0,0.0,2.0,,,,,,,,,,,,,,,,,,,,,,,,,,,,,,,,,,,,,,,,,,,,,,,,,,,,,,,,,,,,,,,,,,,,,,,,,,,,,,,,,,,,,,,,,,,,,,,,,,,,,,,,,,,,,,,,,,,,,,,,,,,,,,,,,,,,,,,,,,,,,,,,,,,,,,,,,,,,,,,,,,,,,0.0,0.0,1.0,1.0,12.0,8.0,37.0,0.0,20.5,77.0,,,,,,,,,,,,,2.0,8.0,6.5,33.0,0.0,14.0,72.0,0.0,0.0,1.0,,,,1.0,0.0,0.0,0.0,0.0,0.0,0.0,4.87,32.0,32.5,119.0,7.39,
Sterling Hofrichter,Punter,Syracuse,ACC,70.0,196.0,,,,,,,,,,,,,,,,,,,,,,,,,,,,,,,,,,,,,,,,,,,,,,,,,,,,,,,,,,,,,,,,,,,,,,,,,,,,,,,,,,,,,,,,,,,,,,,,,,,,,,,,,,,,,,,,,,,,,,,,,,,,8.0,65.0,69.0,0.0,3026.0,43.9,22.0,58.0,67.0,4.0,2874.0,42.9,,,,,,,,,,,,,,,,,,,,,,,,,,,,,,,,,,,,,,,,,,,,,,,,,,0.0,64.0,57.0,0.0,2462.0,43.2,0.0,65.0,77.0,0.0,3289.0,42.7,,,,,,,,,,,,,,,,,,,,,,,,,,
James Smith-Williams,Defensive End,NC State,ACC,76.0,265.0,0.0,7.0,1.0,9.0,0.0,1.0,20.0,,,,,,,,,,,,,,,,,,,,,,,,,,,,,,,,,,,,,,,,,,,,,,,,,,,,,,,,,,,,,,,,,,,,,,,,,,,,,,,,,,,,,,,,,,,,,,,,,,,,,,,,,,,,,,,,,,,,,,,,,,,,,,,,,,,,,,,,,,,,,,,,,,,,,,,,,,,,,,,,,,,,,,,,0.0,0.0,1.0,2.0,4.0,6.0,16.0,0.0,9.0,36.0,,,,,,,,,,,,,0.0,0.0,0.5,5.0,0.0,1.5,10.0,0.0,0.0,1.0,,,,1.0,2.0,0.5,6.0,0.0,0.5,13.0,4.6,28.0,32.0,123.0,7.35,4.52
Ben DiNucci,Quarterback,James Madison,CAA,75.0,210.0,,,,,,,,,,,,,,,,,,,,,,,,,,,,,,,,,,,,,,,,,,,,,,,,,,,,,,,,,55.0,31.0,1.0,126.0,2.3,,,,,,,,,,,,,158.0,88.0,5.0,0.557,5.0,1091.0,6.9,,,,,,2.0,16.0,0.0,18.0,9.0,,,,,,,,,,,,,,,,,,,,,,,,,,,,,,,,,,,,,,,,,,,,,,,,,,9.0,3.0,2.0,0.333,1.0,16.0,1.8,,,,,,,,,,,,,,,,,,,,,,,,,,,,,,,,,,,,,,,,,,,,,,,,,,,,,,,,,,3.0,3.0,0.0,,,,,,,,,,,,,,,,
Carlos Davis,Defensive Tackle,Nebraska,Big Ten,74.0,313.0,3.0,1.0,4.0,17.0,0.0,6.0,32.0,0.0,0.0,1.0,,,,,,,,,,,,,,,,,,,,,,,,,,,,,,,,,,,,,,,,,,,,,,,,,,,,,,,,,,,,,,,,,,,,,,,,,,,,,,,,,,,,,,,,,,,,,,,,,,,,,,,,,,,,,,,,,,,,,,,,,,,,,,,,,,,,,,,,,,,,,,,,,,,,,,,,,,,,,,,,,,,,,0.0,0.0,1.0,5.0,1.0,1.0,13.0,0.0,3.0,27.0,,,,,,,,,,,,,0.0,6.0,2.5,18.0,0.0,3.5,42.0,,,,,,,0.0,3.0,2.0,11.0,0.0,5.0,24.0,4.82,27.0,,,,4.52
Casey Toohill,Defensive End,Stanford,Pac-12,76.0,250.0,1.0,10.0,8.0,37.0,0.0,11.5,57.0,,,,,,,,,,,,,,,,,,,,,,,,,,,,,,,,,,,,,,,,,,,,,,,,,,,,,,,,,,,,,,,,,,,,,,,,,,,,,,,,,,,,,,,,,,,,,,,,,,,,,,,2.0,1.0,0.0,2.0,,,,,,,,,,,,,,,,,,,,,,,,,,,,,,,,,,,,,,,,,,,,,,,,,,,,,,,,,,,,,,,,,3.0,6.0,3.0,14.0,0.0,5.0,28.0,,,,,,,,,,,,,0.0,2.0,1.0,10.0,0.0,3.0,18.0,0.0,0.0,1.0,,,,0.0,2.0,2.5,10.0,0.0,2.5,20.0,4.62,17.0,39.0,126.0,7.08,4.21
Clay Johnston,Inside Linebacker,Baylor,Big 12,73.0,227.0,5.0,1.0,2.5,35.0,0.0,8.0,58.0,,,,,,,,,,,,,,,,,,,,,,,,,,,,,,,,,,,,,,,,,,,,,,,,,,,,,,,,,,,,,,,,,,,,,,,,,,,,,,,,,,,,8.0,1.0,0.0,8.0,,,,,,,,,,,,,,,,,,,,,,,,,,,,,,,,,,,,,,,,,,65.0,1.0,0.0,65.0,,,,,,,,,,,,,,,,,,,,,,,,,,,,,,,,,,,,,,,2.0,0.0,1.0,58.0,0.0,4.5,87.0,,,,,,,,,,,,,0.0,3.0,1.0,34.0,0.0,9.0,54.0,,,,,,,0.0,1.0,0.0,14.0,0.0,4.0,26.0,,18.0,,,,
Jashon Cornell,Defensive End,Ohio State,Big Ten,75.0,285.0,0.0,1.0,4.0,16.0,0.0,7.5,30.0,,,,,,,,,,,,,,,,,,,,,,,,,,,,,,,,,,,,,,,,,,,,,,,,,,,,,,,,,,,,,,,,,,,,,,,,,,,,,,,,,,,,,,,,,,,,,,,,,,,,,,,,,,,,,,,,,,,,,,,,,,,,,,,,,,,,,,,,,,,,,,,,,,,,,,,,,,,,,,,,,,,,,,,,,,,0.0,0.0,1.0,9.0,0.0,2.0,15.0,,,,,,,,,,,,,0.0,0.0,2.0,8.0,0.0,3.5,14.0,0.0,0.0,2.0,,,,0.0,0.0,0.0,2.0,0.0,1.5,4.0,,,,,,
Vernon Scott,Safety,TCU,Big 12,73.0,206.0,7.0,0.0,1.0,29.0,1.0,2.0,44.0,0.0,0.0,1.0,0.0,1.0,0.0,0.0,,,,,,,,,,,,,,,,,,,,,,,,,,,,,,,,,,,,,,,,,,,,,,,,,,,,,,,,,,,,,,,,,,,,,,,,,,,,,98.0,1.0,1.0,98.0,,,,,,,,,,,,,,,,,,,,,,,,,,,,,,,,,,,,,,,,,,,,,,,,,,,,,,,,,,,,,,,,,,,,,,,,,,,,,,,,,,,,2.0,0.0,0.0,17.0,0.0,0.0,23.0,,,,,,,,,,,,,0.0,0.0,0.0,3.0,0.0,0.0,5.0,0.0,0.0,1.0,,,,,,,,,,,,,,,,
Thakarius Keyes,Cornerback,Tulane,American Athletic,73.0,202.0,4.0,0.0,0.0,35.0,0.0,0.0,47.0,,,,0.0,1.0,0.0,0.0,,,,,,,,,,,,,,,,,,,,,,,,,,,,,,,,,,,,,,,,,,,,,,,,,,,,,,,,,,,,,,,,,,,,,,,,,,,,,0.0,1.0,0.0,0.0,,,,,,,,,,,,,,,,,,,,,,,,,,,,,,,,,,,,,,,,,,,,,,,,,,,,,,,,,,,,,,,,,,,,,,,,,,,,,,,,,,,,9.0,0.0,0.0,33.0,0.0,0.0,38.0,,,,,,,,,,,,,1.0,0.0,0.0,2.0,0.0,0.0,2.0,,,,,,,1.0,0.0,0.0,6.0,0.0,0.0,8.0,,,,,,
TJ Brunson,Inside Linebacker,South Carolina,SEC,72.0,230.0,5.0,0.0,0.0,44.0,0.0,6.0,77.0,,,,,,,,,,,,,,,,,,,,,,,,,,,,,,,,,,,,,,,,,,,,,,,,,,,,,,,,,,,,,,,,,,,,,,,,,,,,,,,,,,,,5.0,1.0,0.0,5.0,,,,,,,,,,,,,,,,,,,,,,,,,,,,,,,,,,,,,,,,,,,,,,,,,,,,,,,,,,,,,,,,,,,,,,,,,,,,,,,,,,,,1.0,2.0,2.5,55.0,0.0,7.0,91.0,,,,,,,,,,,,,0.0,2.0,2.0,53.0,0.0,4.5,88.0,0.0,0.0,3.0,,,,0.0,1.0,0.0,8.0,0.0,0.0,12.0,,,,,,
Dane Jackson,Cornerback,Pittsburgh,ACC,72.0,187.0,12.0,1.0,0.5,30.0,0.0,3.0,43.0,,,,,,,,,,,,,,,,,,,,,,,,,,,,,,,,,,,,,,,,,,,,,,,,,,,,,,,,,,,,,,,,,,,,,,,,,,,,,,,,,,,,21.0,1.0,0.0,21.0,,,,,,,,,,,,,,,,13.0,2.0,0.0,26.0,,,,,,,,,,,,,,,,,,,,,,,20.0,1.0,1.0,20.0,,,,,,,,,,,,,,,,,,,,,,,,,,,,,,,,,,,,0.0,0.0,2.0,13.0,1.0,0.0,33.0,1.0,4.0,41.0,,,,,,,,,,,,,9.0,1.0,1.0,36.0,0.0,2.0,40.0,,,,,,,4.0,0.0,0.0,9.0,1.0,0.0,18.0,4.57,,35.0,122.0,7.07,4.27
Tommy Stevens,Quarterback,Mississippi State,SEC,77.0,235.0,,,,,,,,4.0,3.0,0.0,,,,,,,,,,161.0,97.0,5.0,0.602,11.0,1155.0,7.2,,,,,,83.0,46.0,4.0,381.0,4.6,,,,,,28.0,20.0,2.0,118.0,4.2,,,,,,,,,,,27.0,21.0,4.0,190.0,7.0,,,,,,11.0,8.0,1.0,0.727,1.0,110.0,10.0,27.0,14.0,0.0,0.519,3.0,158.0,5.9,,,,,,21.0,45.0,2.0,198.0,9.4,,,,,,,,,,,,,,,,,,,,,,,,,,,,,,,,,,,,,,,,,,,,,,,,,,3.0,2.0,0.0,0.667,0.0,36.0,12.0,,,,,,,,,,,,,,,,,,,,,,,,,,,,,1.0,0.0,0.0,,,,,,,,,,,,,,,,,,,,,,,,,,,1.0,0.0,0.0,,,,,,,,,,,,,,,,
Chapelle Russell,Outside Linebacker,Temple,American Athletic,74.0,236.0,3.0,2.0,0.0,48.0,0.0,8.5,72.0,,,,,,,,,,,,,,,,,,,,,,,,,,,,,,,,,,,,,,,,,,,,,,,,,,,,,,,,,,,,,,,,,,,,,,,,,,,,,,,,,,,,,,,,,,,,,,,,,,,,,,,,,,,,,,,,,,,,,,,,,,,,,,,,,,,,,,,,,,,,,,,,,,,,,,,,,,,,,,,,,,,,,,,,0.0,0.0,4.0,3.0,0.0,1.5,40.0,0.0,5.0,70.0,,,,,,,,,,,,,1.0,0.0,0.5,45.0,0.0,4.0,70.0,,,,0.0,0.0,1.0,2.0,0.0,1.0,20.0,0.0,2.0,25.0,4.69,21.0,35.0,121.0,7.38,4.41
Jonathan Garvin,Defensive End,Miami,ACC,76.0,263.0,0.0,4.0,5.0,21.0,0.0,9.0,37.0,,,,,,,,,,,,,,,,,,,,,,,,,,,,,,,,,,,,,,,,,,,,,,,,,,,,,,,,,,,,,,,,,,,,,,,,,,,,,,,,,,,,,,,,,,,,,,,,,,,,,,,,,,,,,,,,,,,,,,,,,,,,,,,,,,,,,,,,,,,,,,,,,,,,,,,,,,,,,,,,,,,,,,,,,,,5.0,2.0,5.5,20.0,1.0,17.0,60.0,,,,,,,,,,,,,0.0,0.0,1.0,4.0,0.0,2.0,7.0,0.0,0.0,1.0,,,,,,,,,,,4.82,23.0,36.0,125.0,,
Chris Jackson,Safety,Marshall,Conference USA,70.0,193.0,11.0,0.0,0.0,17.0,0.0,0.0,25.0,,,,21.0,1.0,0.0,21.0,,,,,,,,,,,,,,,,,,,,,,,,,,,,,,,,,,,,,,,,,,,,,,,,,,,,,,,,,,,,,,,,,,,,,,,,,,,,,35.0,1.0,0.0,35.0,,,,,,,,,,,,,,,,36.0,3.0,1.0,108.0,23.0,23.0,1.0,0.0,23.0,,,,,,,,,,,,,,,,,,18.0,2.0,0.0,36.0,,,,,,,,,,,,,,,,,,,,,,,,,,,,,,,,,,,,1.0,0.0,1.0,15.0,0.0,0.0,38.0,0.0,0.0,59.0,,,,,,,,,,,,,10.0,0.0,0.5,31.0,1.0,2.5,62.0,1.0,1.0,1.0,,,,9.0,0.0,1.5,22.0,0.0,4.0,41.0,,,,,,
Nate Stanley,Quarterback,Iowa,Big Ten,76.0,235.0,,,,,,,,3.0,1.0,0.0,,,,,,,,,,399.0,237.0,7.0,0.594,16.0,2951.0,7.4,,,,,,76.0,16.0,1.0,7.0,0.1,,,,,,36.0,13.0,1.0,4.0,0.1,,,,,,,,,,,49.0,8.0,0.0,-115.0,-2.3,,,,,,396.0,234.0,10.0,0.591,26.0,2825.0,7.1,351.0,196.0,6.0,0.558,26.0,2437.0,6.9,,,,,,,,,,,,,,,,,,,,,,,,,,,,,,,,,,,,,,,,,,,,,,,,,,,,,,,,,,,,9.0,5.0,0.0,0.556,0.0,62.0,6.9,,,,,,,,,,,,,,,,,,,,,,,,,,,,,2.0,1.0,0.0,,,,,,,,,,,,,,,,,,,,,,,,,,,7.0,5.0,0.0,,,,,,,,,,,4.81,,28.5,108.0,7.26,4.48
Raymond Calais,Running Back,Louisiana,Sun Belt,68.0,188.0,,,,,,,,2.0,1.0,0.0,,,,,,,,,,,,,,,,,34.0,10.0,1.0,67.0,6.7,117.0,83.0,6.0,886.0,7.6,45.0,6.0,0.0,69.0,11.5,81.0,92.0,7.0,754.0,9.3,23.3,100.0,30.0,2.0,699.0,9.0,1.0,0.0,9.0,9.0,15.0,31.0,1.0,88.0,5.9,28.5,60.0,19.0,0.0,541.0,,,,,,,,,,,,,,,,,,,,23.0,24.0,1.0,117.0,5.1,,,,,,,,,,25.9,61.0,35.0,0.0,908.0,,,,,,,,,,21.9,37.0,15.0,0.0,329.0,,,,,,,,,,,,,,,,,,,,,,,,,,,,,,,,,,,,,,,,,,,,,,,,,,,,,,,,,,,,,,,,,,,,,,,,,,,,,,,,,,,,,,2.0,0.0,0.0,,,,,,,,,,,4.42,20.0,37.5,120.0,,
Malcolm Perry,Wide Receiver,Navy,American Athletic,69.0,186.0,,,,,,,,7.0,5.0,0.0,,,,,,,,,,,,,,,,,,,,,,295.0,70.0,21.0,2017.0,6.8,73.0,9.0,1.0,167.0,18.6,172.0,75.0,7.0,1087.0,6.3,24.5,58.0,13.0,0.0,318.0,75.0,13.0,2.0,303.0,23.3,138.0,92.0,11.0,1182.0,8.6,,,,,,,,,,,,,,,,,,,,,,,,,9.0,30.0,1.0,73.0,8.1,,,,,,,,,,24.7,33.0,7.0,0.0,173.0,,,,,,,,,,,,,,,,,,,,,,,,,,,,,,,,,,,,,,,,,,,,,,,,,,,,,,,,,,,,,,,,,,,,,,,4.0,1.0,0.0,,,,,,,,,,,,,,,,,,,,,,,,,,,1.0,1.0,0.0,1.0,0.0,0.0,,,,,,,,4.63,10.0,36.0,122.0,7.12,4.31
Chris Williamson,Cornerback,Minnesota,Big Ten,72.0,205.0,3.0,1.0,2.5,36.0,1.0,4.0,56.0,,,,,,,,,,,,,,,,,,,,,,,,,,,,,,,,,,,,,,,,,,,,,,,,,,,,,,,,,,,,,,,,,,,,,,,,,,,,,,,,,,,,43.0,1.0,1.0,43.0,,,,,,,,,,,,,,,,,,,,,,,,,,,,,,,,,,,,,,,,,,,,,,,,,,,,,,,,,,,,,,,,,,,,,,,,,,,,,,,,,,,,4.0,0.0,1.0,20.0,0.0,3.5,32.0,,,,,,,,,,,,,,,,,,,,,,,,,,0.0,0.0,0.0,3.0,0.0,0.0,5.0,,,,,,
Sam Sloman,Place Kicker,Miami (OH),Mid-American,68.0,205.0,,,,,,,,,,,,,,,,,,,,,,,,,,,,,,,,,,,,,,,,,,,,,,,,,,,,,,,,,,,,,,,,,,,,,,,,,,,,,,,,,,,,,,,,,,,,,,,,,,,,,,,,,,,,,,,,,,,,,,,,,,,,,,,,,,,,,,,,,,,,,,,,,,,30.0,26.0,53.0,0.867,112.0,34.0,34.0,13.0,10.0,44.0,0.769,71.0,42.0,41.0,16.0,12.0,45.0,0.75,71.0,36.0,35.0,3.0,1.0,31.0,0.333,5.0,2.0,2.0,,,,,,,,,,,,,,,,,,,,,,,,,,,,,,,,,,,,,,,,,,,,,,,,
Brian Cole II,Safety,Mississippi State,SEC,74.0,213.0,2.0,3.0,2.0,38.0,0.0,7.5,67.0,0.0,0.0,1.0,0.0,1.0,0.0,0.0,,,,,,,,,,,,,,,,,,,,,,,,,,,,,,,,,,,,,,,,,,,,,,,,17.3,27.0,6.0,0.0,104.0,,,,,,,,,,,,,,,,,,,,,,,,,0.0,1.0,0.0,0.0,,,,,,22.5,40.0,10.0,0.0,225.0,,,,,,,,,,,,,,,,,,,,,,,,,,,,,,,,,,,,,,,,,,,,,,,,,,,,,,,,,,,,,,,,,,,,,,,,,,0.0,0.0,1.0,5.0,0.0,3.0,11.0,,,,,,,,,,,,,,,,,,,,,,,,,,,,,,,,,4.52,,,,,
Tremayne Anchrum,Offensive Guard,Clemson,ACC,74.0,314.0,,,,,,,,,,,,,,,,,,,,,,,,,,,,,,,,,,,,,,,,,,,,,,,,,,,,,,,,,,,,,,,,,,,,,,,,,,,,,,,,,,,,,,,,,,,,,,,,,,,,,,,,,,,,,,,,,,,,,,,,,,,,,,,,,,,,,,,,,,,,,,,,,,,,,,,,,,,,,,,,,,,,,,,,,,,,,,,,,,,,,,,,,,,,,,,,,,,,,,,,,,,,,,,,,,,,,,,,,5.21,26.0,24.5,104.0,,
Stephen Sullivan,Tight End,LSU,SEC,77.0,248.0,,,,,,,,,,,,,,,,,,,,,,,,,,,30.0,12.0,0.0,130.0,10.8,,,,,,42.0,23.0,2.0,363.0,15.8,2.0,11.0,0.0,20.0,10.0,,,,,,46.0,11.0,1.0,219.0,19.9,2.0,4.0,1.0,5.0,2.5,,,,,,,,,,,,,,,,,,,,,,,,,,,,,,,,,,,,,,,,,,,,,,,,,,,,,,,,,,,,,,,,,,,,,,,,,,,,,,,,,,,,,,,,,,,,,,,,,,,,,,,,,,,,,,,,,,,,,,,,,,,,,,,,,,,,,,,,,,,,,,,,,,,,,,,,,,,,4.66,,36.5,123.0,7.51,4.62
Tyrie Cleveland,Wide Receiver,Florida,SEC,74.0,209.0,,,,,,,,,,,,,,,0.0,0.0,0.0,1.0,0.0,,,,,,,,36.0,25.0,1.0,351.0,14.0,,,,,,38.0,18.0,3.0,212.0,11.8,,,,,,23.6,46.0,5.0,0.0,118.0,63.0,22.0,2.0,410.0,18.6,2.0,4.0,0.0,6.0,3.0,20.7,40.0,6.0,0.0,124.0,,,,,,,,,,,,,,,98.0,14.0,2.0,298.0,21.3,,,,,,,,,,,,,,,,,,,,,,,,,,,,,,,,,,,,,,,,,,,,,,,,,,,,,,,,,,,,,,,,,,,,,,,,,,,,,,,,,,,,,,,,,,,,,,,,,,,,,,,,,,,,,,,,,,,,,,,1.0,1.0,0.0,,,,,,,,,,,4.46,13.0,39.5,126.0,,
Tae Crowder,Inside Linebacker,Georgia,SEC,74.0,235.0,4.0,0.0,0.0,29.0,1.0,4.0,62.0,0.0,0.0,1.0,28.0,2.0,0.0,56.0,,,,,,,,,,,,,,,,,,,,,,,,,,,,,,,,,,,,,,,,,,,,,,,,,,,,,,,,,,,,,,,,,,,,,,,,,,,,,,,,,,,,,,,,,,,,,,,,,,,,,,,,,,,,,,,,,,,,,,,,,,,,,,,,,,,,,,,,,,,,,,,,,,,,,,,,,,,,,,,,,0.0,0.0,1.0,1.0,0.0,1.5,18.0,0.0,6.0,53.0,,,,,,,,,,,,,0.0,0.0,0.0,3.0,0.0,0.0,7.0,,,,,,,,,,,,,,,,,,,
