collegeAthleteId,nflAthleteId,collegeId,collegeTeam,collegeConference,nflTeamId,nflTeam,year,overall,round,pick,name,position,height,weight,preDraftRanking,preDraftPositionRanking,preDraftGrade
3917315,103832,201,Oklahoma,Big 12,22,Arizona,2019,1,1,1,Kyler Murray,Quarterback,70,207,9.0,1.0,90.0
4040605,103504,194,Ohio State,Big Ten,25,San Francisco,2019,2,1,2,Nick Bosa,Defensive End,76,266,1.0,1.0,95.0
4040982,103509,333,Alabama,SEC,20,New York,2019,3,1,3,Quinnen Williams,Defensive Tackle,75,303,2.0,1.0,95.0
3728258,103514,228,Clemson,ACC,13,Las Vegas,2019,4,1,4,Clelin Ferrell,Defensive End,76,264,21.0,3.0,89.0
4035434,103507,99,LSU,SEC,27,Tampa Bay,2019,5,1,5,Devin White,Inside Linebacker,72,237,4.0,1.0,94.0
3917792,103572,150,Duke,ACC,19,New York,2019,6,1,6,Daniel Jones,Quarterback,77,221,59.0,6.0,80.0
3915239,103524,96,Kentucky,SEC,30,Jacksonville,2019,7,1,7,Josh Allen,Outside Linebacker,77,262,5.0,1.0,93.0
4036133,103545,2294,Iowa,Big Ten,8,Detroit,2019,8,1,8,T.J. Hockenson,Tight End,77,251,6.0,1.0,92.0
4039303,103505,248,Houston,American Athletic,2,Buffalo,2019,9,1,9,Ed Oliver,Defensive Tackle,74,287,3.0,2.0,94.0
4036261,103522,130,Michigan,Big Ten,23,Pittsburgh,2019,10,1,10,Devin Bush,Inside Linebacker,71,234,8.0,2.0,91.0
4040726,103513,333,Alabama,SEC,4,Cincinnati,2019,11,1,11,Jonah Williams,Offensive Tackle,77,302,17.0,2.0,90.0
4046523,103508,130,Michigan,Big Ten,9,Green Bay,2019,12,1,12,Rashan Gary,Defensive End,76,277,13.0,2.0,90.0
3728266,103516,228,Clemson,ACC,15,Miami,2019,13,1,13,Christian Wilkins,Defensive Tackle,75,315,7.0,3.0,92.0
3672833,103621,103,Boston College,ACC,1,Atlanta,2019,14,1,14,Chris Lindstrom,Offensive Guard,76,308,41.0,1.0,86.0
4040616,103560,194,Ohio State,Big Ten,28,Washington,2019,15,1,15,Dwayne Haskins,Quarterback,75,231,15.0,2.0,90.0
4035631,103525,52,Florida State,ACC,29,Carolina,2019,16,1,16,Brian Burns,Outside Linebacker,77,249,14.0,2.0,90.0
4035483,103510,228,Clemson,ACC,19,New York,2019,17,1,17,Dexter Lawrence,Defensive Tackle,77,342,26.0,5.0,89.0
3116729,103726,152,NC State,ACC,16,Minnesota,2019,18,1,18,Garrett Bradbury,Center,75,306,18.0,1.0,90.0
4035369,103519,344,Mississippi State,SEC,10,Tennessee,2019,19,1,19,Jeffery Simmons,Defensive Tackle,76,305,16.0,4.0,90.0
4036131,103528,2294,Iowa,Big Ten,7,Denver,2019,20,1,20,Noah Fant,Tight End,76,249,12.0,2.0,90.0
3915419,103927,120,Maryland,Big Ten,9,Green Bay,2019,21,1,21,Darnell Savage Jr.,Safety,71,198,28.0,2.0,88.0
3127264,103569,265,Washington State,Pac-12,21,Philadelphia,2019,22,1,22,Andre Dillard,Offensive Tackle,77,315,19.0,3.0,90.0
3131498,103749,2011,Alabama State,SWAC,34,Houston,2019,23,1,23,Tytus Howard,Offensive Tackle,77,322,47.0,6.0,84.0
4047365,103839,333,Alabama,SEC,13,Las Vegas,2019,24,1,24,Josh Jacobs,Running Back,70,220,23.0,1.0,89.0
4241372,103527,201,Oklahoma,Big 12,33,Baltimore,2019,25,1,25,Marquise Brown,Wide Receiver,69,166,11.0,1.0,90.0
3134690,103523,344,Mississippi State,SEC,28,Washington,2019,26,1,26,Montez Sweat,Defensive End,78,260,22.0,4.0,89.0
3728305,103531,344,Mississippi State,SEC,13,Las Vegas,2019,27,1,27,Johnathan Abram,Safety,71,205,20.0,1.0,90.0
3863182,103538,87,Notre Dame,FBS Independents,24,Los Angeles,2019,28,1,28,Jerry Tillery,Defensive Tackle,79,295,32.0,6.0,88.0
3116449,103766,2628,TCU,Big 12,26,Seattle,2019,29,1,29,L.J. Collier,Defensive End,74,283,38.0,5.0,86.0
3915163,103518,61,Georgia,SEC,19,New York,2019,30,1,30,Deandre Baker,Cornerback,71,193,36.0,4.0,87.0
3127304,103566,264,Washington,Pac-12,1,Atlanta,2019,31,1,31,Kaleb McGary,Offensive Tackle,79,317,73.0,8.0,76.0
4047839,103534,9,Arizona State,Pac-12,17,New England,2019,32,1,32,N'Keal Harry,Wide Receiver,74,228,33.0,2.0,87.0
4038999,103578,264,Washington,Pac-12,22,Arizona,2019,33,2,1,Byron Murphy,Cornerback,71,190,27.0,1.0,88.0
3910229,103745,218,Temple,American Athletic,11,Indianapolis,2019,34,2,2,Rock Ya-Sin,Cornerback,72,192,31.0,3.0,88.0
4034961,103515,57,Florida,SEC,30,Jacksonville,2019,35,2,3,Jawaan Taylor,Offensive Tackle,77,312,10.0,1.0,90.0
3126486,103567,2579,South Carolina,SEC,25,San Francisco,2019,36,2,4,Deebo Samuel,Wide Receiver,71,214,39.0,3.0,86.0
4047661,103511,145,Ole Miss,SEC,29,Carolina,2019,37,2,5,Greg Little,Offensive Tackle,77,310,78.0,9.0,75.0
3707061,103713,201,Oklahoma,Big 12,2,Buffalo,2019,38,2,6,Cody Ford,Offensive Tackle,76,329,25.0,4.0,89.0
3932886,103891,2117,Central Michigan,Mid-American,27,Tampa Bay,2019,39,2,7,Sean Bunting,Cornerback,72,195,62.0,10.0,79.0
4035458,103840,228,Clemson,ACC,13,Las Vegas,2019,40,2,8,Trayvon Mullen,Cornerback,74,199,75.0,11.0,76.0
3125082,103680,2306,Kansas State,Big 12,7,Denver,2019,41,2,9,Dalton Risner,Offensive Tackle,77,312,46.0,5.0,85.0
3924327,103589,142,Missouri,SEC,7,Denver,2019,42,2,10,Drew Lock,Quarterback,76,228,24.0,3.0,89.0
3124587,103751,62,Hawai'i,Mountain West,8,Detroit,2019,43,2,11,Jahlani Tavai,Inside Linebacker,74,250,93.0,3.0,72.0
3115485,103535,344,Mississippi State,SEC,9,Green Bay,2019,44,2,12,Elgton Jenkins,Center,77,310,51.0,3.0,83.0
4035286,103875,238,Vanderbilt,SEC,17,New England,2019,45,2,13,Joejuan Williams,Cornerback,76,211,50.0,5.0,84.0
4035437,103506,99,LSU,SEC,5,Cleveland,2019,46,2,14,Greedy Williams,Cornerback,74,185,29.0,2.0,88.0
4243244,103650,254,Utah,Pac-12,26,Seattle,2019,47,2,15,Marquise Blair,Safety,73,195,103.0,10.0,71.0
3917331,103735,245,Texas A&M,SEC,18,New Orleans,2019,48,2,16,Erik McCoy,Center,76,303,35.0,2.0,87.0
3124970,103649,2628,TCU,Big 12,11,Indianapolis,2019,49,2,17,Ben Banogu,Outside Linebacker,76,250,80.0,3.0,75.0
4040980,103530,333,Alabama,SEC,16,Minnesota,2019,50,2,18,Irv Smith Jr.,Tight End,74,242,34.0,3.0,87.0
4047646,103532,145,Ole Miss,SEC,10,Tennessee,2019,51,2,19,A.J. Brown,Wide Receiver,73,226,45.0,5.0,85.0
3127310,103756,264,Washington,Pac-12,4,Cincinnati,2019,52,2,20,Drew Sample,Tight End,77,255,72.0,5.0,77.0
4045163,103596,213,Penn State,Big Ten,21,Philadelphia,2019,53,2,21,Miles Sanders,Running Back,71,211,42.0,2.0,85.0
4240780,103598,96,Kentucky,SEC,34,Houston,2019,54,2,22,Lonnie Johnson Jr.,Cornerback,74,213,55.0,8.0,82.0
3126035,103611,2459,Northern Illinois,Mid-American,34,Houston,2019,55,2,23,Max Scharping,Offensive Tackle,78,327,70.0,7.0,77.0
4035004,103860,61,Georgia,SEC,12,Kansas City,2019,56,2,24,Mecole Hardman,Wide Receiver,70,187,67.0,12.0,78.0
3931397,103574,24,Stanford,Pac-12,21,Philadelphia,2019,57,2,25,JJ Arcega-Whiteside,Wide Receiver,74,225,48.0,6.0,84.0
4042141,103870,2116,UCF,American Athletic,6,Dallas,2019,58,2,26,Trysten Hill,Defensive Tackle,75,308,87.0,9.0,73.0
3121410,103553,194,Ohio State,Big Ten,11,Indianapolis,2019,59,2,27,Parris Campbell,Wide Receiver,72,205,49.0,7.0,84.0
3912028,103728,48,Delaware,CAA,24,Los Angeles,2019,60,2,28,Nasir Adderley,Safety,72,206,37.0,3.0,86.0
4039007,103541,264,Washington,Pac-12,14,Los Angeles,2019,61,2,29,Taylor Rapp,Safety,72,208,43.0,4.0,85.0
3914328,103715,113,Massachusetts,FBS Independents,22,Arizona,2019,62,2,30,Andy Isabella,Wide Receiver,69,188,110.0,15.0,70.0
3917909,103727,258,Virginia,ACC,12,Kansas City,2019,63,2,31,Juan Thornhill,Safety,72,205,60.0,6.0,80.0
4047650,103557,145,Ole Miss,SEC,26,Seattle,2019,64,2,32,DK Metcalf,Wide Receiver,75,228,40.0,4.0,86.0
3915282,103520,103,Boston College,ACC,22,Arizona,2019,65,3,1,Zach Allen,Defensive End,76,281,69.0,8.0,78.0
3932905,103915,2649,Toledo,Mid-American,23,Pittsburgh,2019,66,3,2,Diontae Johnson,Wide Receiver,71,183,137.0,19.0,66.0
559716,103716,239,Baylor,Big 12,25,San Francisco,2019,67,3,3,Jalen Hurd,Wide Receiver,77,226,130.0,18.0,67.0
4034967,103526,57,Florida,SEC,20,New York,2019,68,3,4,Jachai Polite,Defensive End,75,258,109.0,12.0,70.0
3921690,103783,23,San José State,Mountain West,30,Jacksonville,2019,69,3,5,Josh Oliver,Tight End,77,249,102.0,7.0,71.0
4039359,103841,235,Memphis,American Athletic,14,Los Angeles,2019,70,3,6,Darrell Henderson,Running Back,68,208,125.0,8.0,68.0
3915525,103529,194,Ohio State,Big Ten,7,Denver,2019,71,3,7,Dre'Mont Jones,Defensive Tackle,75,281,64.0,7.0,79.0
3116724,103724,152,NC State,ACC,4,Cincinnati,2019,72,3,8,Germaine Pratt,Outside Linebacker,75,240,95.0,6.0,72.0
4035538,103573,66,Iowa State,Big 12,3,Chicago,2019,73,3,9,David Montgomery,Running Back,70,222,79.0,4.0,75.0
4040761,103678,2226,Florida Atlantic,Conference USA,2,Buffalo,2019,74,3,10,Devin Singletary,Running Back,68,203,141.0,9.0,65.0
3917962,103848,245,Texas A&M,SEC,9,Green Bay,2019,75,3,11,Jace Sternberger,Tight End,76,251,71.0,4.0,77.0
3121422,103800,194,Ohio State,Big Ten,28,Washington,2019,76,3,12,Terry McLaurin,Wide Receiver,72,208,57.0,8.0,81.0
3115974,103563,130,Michigan,Big Ten,17,New England,2019,77,3,13,Chase Winovich,Defensive End,75,256,44.0,6.0,85.0
3121541,103565,275,Wisconsin,Big Ten,15,Miami,2019,78,3,14,Michael Deiter,Offensive Guard,77,309,85.0,6.0,73.0
4046536,103842,130,Michigan,Big Ten,14,Los Angeles,2019,79,3,15,David Long,Cornerback,71,196,58.0,9.0,81.0
3138834,103947,252,BYU,FBS Independents,5,Cleveland,2019,80,3,16,Sione Takitaki,Outside Linebacker,73,238,107.0,8.0,71.0
3915297,103738,103,Boston College,ACC,8,Detroit,2019,81,3,17,Will Harris,Safety,73,207,96.0,9.0,72.0
3120070,103730,2429,Charlotte,Conference USA,10,Tennessee,2019,82,3,18,Nate Davis,Offensive Guard,75,316,81.0,4.0,75.0
4046719,103847,127,Michigan State,Big Ten,23,Pittsburgh,2019,83,3,19,Justin Layne,Cornerback,74,192,53.0,6.0,83.0
3121634,103782,2710,Western Illinois,MVFC,12,Kansas City,2019,84,3,20,Khalen Saunders,Defensive Tackle,72,324,83.0,8.0,74.0
3122766,103537,2348,Louisiana Tech,Conference USA,33,Baltimore,2019,85,3,21,Jaylon Ferguson,Defensive End,77,271,63.0,7.0,79.0
3933327,103892,21,San Diego State,Mountain West,34,Houston,2019,86,3,22,Kahale Warring,Tight End,77,252,92.0,6.0,73.0
3925347,103533,333,Alabama,SEC,17,New England,2019,87,3,23,Damien Harris,Running Back,70,216,108.0,6.0,70.0
3926229,103798,254,Utah,Pac-12,26,Seattle,2019,88,3,24,Cody Barton,Outside Linebacker,75,237,97.0,7.0,72.0
3117253,103615,24,Stanford,Pac-12,11,Indianapolis,2019,89,3,25,Bobby Okereke,Outside Linebacker,73,239,94.0,5.0,72.0
4033748,103857,213,Penn State,Big Ten,6,Dallas,2019,90,3,26,Connor McGovern,Offensive Guard,77,308,68.0,2.0,78.0
4411189,104038,2894,Sioux Falls,Northern Sun,24,Los Angeles,2019,91,3,27,Trey Pipkins,Offensive Tackle,78,309,,,
3701582,103785,30,USC,Pac-12,20,New York,2019,92,3,28,Chuma Edoga,Offensive Tackle,76,308,123.0,11.0,68.0
3932423,103864,87,Notre Dame,FBS Independents,33,Baltimore,2019,93,3,29,Miles Boykin,Wide Receiver,76,220,61.0,9.0,80.0
3873935,103733,2,Auburn,SEC,27,Tampa Bay,2019,94,3,30,Jamel Dean,Cornerback,73,206,126.0,16.0,68.0
3123233,103551,295,Old Dominion,Conference USA,19,New York,2019,95,3,31,Oshane Ximines,Defensive End,76,253,74.0,9.0,76.0
3930086,103725,145,Ole Miss,SEC,2,Buffalo,2019,96,3,32,Dawson Knox,Tight End,76,254,118.0,8.0,69.0
3706968,103861,201,Oklahoma,Big 12,14,Los Angeles,2019,97,3,33,Bobby Evans,Offensive Tackle,76,312,114.0,10.0,69.0
559475,104039,93,Murray State,OVC,30,Jacksonville,2019,98,3,34,Quincy Williams,Safety,70,239,,,
3155647,103739,96,Kentucky,SEC,27,Tampa Bay,2019,99,3,35,Mike Edwards,Safety,71,205,88.0,7.0,73.0
559556,103539,277,West Virginia,Big 12,29,Carolina,2019,100,3,36,Will Grier,Quarterback,75,217,124.0,7.0,68.0
3116455,103747,277,West Virginia,Big 12,17,New England,2019,101,3,37,Yodny Cajuste,Offensive Tackle,77,312,135.0,12.0,66.0
4048244,103672,68,Boise State,Mountain West,16,Minnesota,2019,102,3,38,Alexander Mattison,Running Back,71,221,116.0,7.0,69.0
3917940,103546,66,Iowa State,Big 12,22,Arizona,2019,103,4,1,Hakeem Butler,Wide Receiver,77,227,66.0,11.0,78.0
546288,103552,152,NC State,ACC,4,Cincinnati,2019,104,4,2,Ryan Finley,Quarterback,76,213,30.0,4.0,88.0
4034953,103550,57,Florida,SEC,18,New Orleans,2019,105,4,3,Chauncey Gardner-Johnson,Safety,71,210,52.0,5.0,83.0
3916655,103868,2199,Eastern Michigan,Mid-American,13,Las Vegas,2019,106,4,4,Maxx Crosby,Defensive End,77,255,106.0,11.0,71.0
3894856,103856,2294,Iowa,Big Ten,27,Tampa Bay,2019,107,4,5,Anthony Nelson,Defensive End,79,271,101.0,10.0,71.0
4046675,103540,87,Notre Dame,FBS Independents,19,New York,2019,108,4,6,Julian Love,Cornerback,71,195,54.0,7.0,82.0
3929835,103748,127,Michigan State,Big Ten,11,Indianapolis,2019,109,4,7,Khari Willis,Safety,71,213,154.0,15.0,62.0
4035685,103685,254,Utah,Pac-12,25,San Francisco,2019,110,4,8,Mitch Wishnowsky,Punter,74,218,265.0,1.0,45.0
3925358,103898,194,Ohio State,Big Ten,1,Atlanta,2019,111,4,9,Kendall Sheffield,Cornerback,71,193,99.0,14.0,72.0
3931398,103544,24,Stanford,Pac-12,28,Washington,2019,112,4,10,Bryce Love,Running Back,69,200,145.0,10.0,64.0
4038441,103679,197,Oklahoma State,Big 12,33,Baltimore,2019,113,4,11,Justice Hill,Running Back,70,198,98.0,5.0,72.0
3821678,103617,201,Oklahoma,Big 12,16,Minnesota,2019,114,4,12,Dru Samia,Offensive Guard,77,305,77.0,3.0,76.0
3126362,101657,333,Alabama,SEC,29,Carolina,2019,115,4,13,Christian Miller,Outside Linebacker,75,247,149.0,10.0,63.0
4036134,103850,2294,Iowa,Big Ten,10,Tennessee,2019,116,4,14,Amani Hooker,Safety,71,210,91.0,8.0,73.0
3728253,103609,228,Clemson,ACC,8,Detroit,2019,117,4,15,Austin Bryant,Defensive End,76,271,211.0,20.0,54.0
3886633,103622,8,Arkansas,SEC,17,New England,2019,118,4,16,Hjalte Froholdt,Offensive Guard,77,306,209.0,13.0,54.0
3917852,103742,2390,Miami,ACC,5,Cleveland,2019,119,4,17,Sheldrick Redwine,Safety,72,196,132.0,14.0,66.0
3916071,103686,277,West Virginia,Big 12,26,Seattle,2019,120,4,18,Gary Jennings Jr.,Wide Receiver,73,214,173.0,24.0,60.0
4039253,103793,277,West Virginia,Big 12,20,New York,2019,121,4,19,Trevon Wesco,Tight End,76,267,174.0,12.0,60.0
4035072,103644,96,Kentucky,SEC,23,Pittsburgh,2019,122,4,20,Benny Snell Jr.,Running Back,70,224,245.0,20.0,49.0
4037650,103736,201,Oklahoma,Big 12,33,Baltimore,2019,123,4,21,Ben Powers,Offensive Guard,76,307,122.0,7.0,68.0
3136374,103797,154,Wake Forest,ACC,26,Seattle,2019,124,4,22,Phil Haynes,Offensive Guard,76,322,186.0,12.0,58.0
3128815,103651,9,Arizona State,Pac-12,4,Cincinnati,2019,125,4,23,Renell Wren,Defensive Tackle,77,318,155.0,13.0,62.0
4035015,103858,61,Georgia,SEC,3,Chicago,2019,126,4,24,Riley Ridley,Wide Receiver,73,199,65.0,10.0,78.0
3912545,103667,30,USC,Pac-12,33,Baltimore,2019,127,4,25,Iman Marshall,Cornerback,73,207,199.0,24.0,55.0
3916148,103878,235,Memphis,American Athletic,6,Dallas,2019,128,4,26,Tony Pollard,Running Back,72,210,181.0,12.0,59.0
3126182,103620,248,Houston,American Athletic,13,Las Vegas,2019,129,4,27,Isaiah Johnson,Cornerback,74,208,153.0,17.0,62.0
3129310,103729,87,Notre Dame,FBS Independents,24,Los Angeles,2019,130,4,28,Drue Tranquill,Inside Linebacker,74,234,121.0,4.0,68.0
3128263,104040,84,Indiana,Big Ten,28,Washington,2019,131,4,29,Wes Martin,Offensive Guard,75,311,,,
3886834,103999,2483,Oregon,Pac-12,26,Seattle,2019,132,4,30,Ugochukwu Amadi,Safety,69,199,166.0,16.0,61.0
3892775,103564,2,Auburn,SEC,17,New England,2019,133,4,31,Jarrett Stidham,Quarterback,74,218,56.0,5.0,81.0
3127294,103645,264,Washington,Pac-12,14,Los Angeles,2019,134,4,32,Greg Gaines,Defensive Tackle,73,312,143.0,12.0,64.0
4411771,103746,2128,University Of Charleston (WV),Mountain East,1,Atlanta,2019,135,4,33,John Cominsky,Defensive End,77,286,187.0,19.0,58.0
4040622,103853,194,Ohio State,Big Ten,4,Cincinnati,2019,136,4,34,Michael Jordan,Offensive Guard,78,312,84.0,5.0,74.0
3843945,103700,99,LSU,SEC,13,Las Vegas,2019,137,4,35,Foster Moreau,Tight End,76,253,148.0,9.0,64.0
3929648,103843,213,Penn State,Big Ten,21,Philadelphia,2019,138,4,36,Shareef Miller,Defensive End,77,254,127.0,15.0,67.0
3859100,103517,333,Alabama,SEC,22,Arizona,2019,139,5,1,Deionte Thompson,Safety,73,195,115.0,11.0,69.0
3923397,103753,218,Temple,American Athletic,30,Jacksonville,2019,140,5,2,Ryquell Armstead,Running Back,71,220,158.0,11.0,62.0
3929924,103768,130,Michigan,Big Ten,23,Pittsburgh,2019,141,5,3,Zach Gentry,Tight End,80,265,295.0,18.0,40.0
3886816,103707,264,Washington,Pac-12,26,Seattle,2019,142,5,4,Ben Burr-Kirven,Inside Linebacker,72,230,147.0,8.0,64.0
3121538,103642,275,Wisconsin,Big Ten,19,New York,2019,143,5,5,Ryan Connelly,Inside Linebacker,74,242,202.0,11.0,55.0
3912544,103548,30,USC,Pac-12,11,Indianapolis,2019,144,5,6,Marvell Tell III,Safety,74,198,120.0,12.0,68.0
4249087,103811,254,Utah,Pac-12,27,Tampa Bay,2019,145,5,7,Matt Gay,Place Kicker,72,232,328.0,1.0,35.0
3116175,103601,213,Penn State,Big Ten,8,Detroit,2019,146,5,8,Amani Oruwariye,Cornerback,74,205,90.0,13.0,73.0
4034945,103845,57,Florida,SEC,2,Buffalo,2019,147,5,9,Vosean Joseph,Outside Linebacker,74,230,196.0,13.0,56.0
3916903,103904,8,Arkansas,SEC,25,San Francisco,2019,148,5,10,Dre Greenlaw,Outside Linebacker,72,237,213.0,16.0,53.0
3135321,103624,228,Clemson,ACC,13,Las Vegas,2019,149,5,11,Hunter Renfrow,Wide Receiver,70,184,306.0,40.0,39.0
3917340,103816,245,Texas A&M,SEC,9,Green Bay,2019,150,5,12,Kingsley Keke,Defensive Tackle,75,288,169.0,15.0,60.0
3133487,103703,275,Wisconsin,Big Ten,15,Miami,2019,151,5,13,Andrew Van Ginkel,Outside Linebacker,76,241,291.0,25.0,40.0
3123944,103652,221,Pittsburgh,ACC,1,Atlanta,2019,152,5,14,Qadree Ollison,Running Back,73,228,250.0,21.0,48.0
3126364,103597,333,Alabama,SEC,28,Washington,2019,153,5,15,Ross Pierschbacher,Offensive Guard,76,307,172.0,10.0,60.0
3915115,103876,57,Florida,SEC,29,Carolina,2019,154,5,16,Jordan Scarlett,Running Back,71,208,268.0,25.0,45.0
4040983,103543,333,Alabama,SEC,5,Cleveland,2019,155,5,17,Mack Wilson,Inside Linebacker,73,240,129.0,5.0,67.0
3122678,103803,2483,Oregon,Pac-12,7,Denver,2019,156,5,18,Justin Hollins,Outside Linebacker,77,248,111.0,9.0,70.0
3728281,104004,135,Minnesota,Big Ten,20,New York,2019,157,5,19,Blake Cashman,Inside Linebacker,73,237,271.0,17.0,44.0
3917853,103626,2390,Miami,ACC,6,Dallas,2019,158,5,20,Michael Jackson,Cornerback,73,210,239.0,27.0,49.0
3916922,103754,120,Maryland,Big Ten,17,New England,2019,159,5,21,Byron Cowart,Defensive Tackle,75,298,161.0,14.0,61.0
3917316,103902,245,Texas A&M,SEC,33,Baltimore,2019,160,5,22,Daylon Mack,Defensive Tackle,73,336,184.0,16.0,58.0
3929865,103734,251,Texas,Big 12,34,Houston,2019,161,5,23,Charles Omenihu,Defensive End,77,280,131.0,16.0,66.0
3701669,103691,30,USC,Pac-12,16,Minnesota,2019,162,5,24,Cameron Smith,Inside Linebacker,74,238,156.0,9.0,62.0
3931395,103812,24,Stanford,Pac-12,17,New England,2019,163,5,25,Jake Bailey,Punter,73,200,329.0,2.0,35.0
3071353,104041,2627,Tarleton State,Lone Star,11,Indianapolis,2019,164,5,26,E.J. Speed,Inside Linebacker,76,230,,,
4037459,103602,2390,Miami,ACC,6,Dallas,2019,165,5,27,Joe Jackson,Defensive End,76,275,119.0,14.0,68.0
3120590,103813,2449,North Dakota State,MVFC,24,Los Angeles,2019,166,5,28,Easton Stick,Quarterback,73,224,330.0,13.0,35.0
3116144,103610,77,Northwestern,Big Ten,21,Philadelphia,2019,167,5,29,Clayton Thorson,Quarterback,76,222,138.0,9.0,65.0
3915196,103549,61,Georgia,SEC,10,Tennessee,2019,168,5,30,D'Andre Walker,Outside Linebacker,74,251,82.0,4.0,74.0
3917660,103556,275,Wisconsin,Big Ten,14,Los Angeles,2019,169,5,31,David Edwards,Offensive Tackle,78,308,157.0,15.0,62.0
3821683,104042,201,Oklahoma,Big 12,5,Cleveland,2019,170,5,32,Austin Seibert,Place Kicker,69,213,,,
3916945,103862,2,Auburn,SEC,19,New York,2019,171,5,33,Darius Slayton,Wide Receiver,73,190,112.0,16.0,70.0
3886824,103612,264,Washington,Pac-12,1,Atlanta,2019,172,5,34,Jordan Miller,Cornerback,73,186,160.0,18.0,61.0
3116689,104043,153,North Carolina,ACC,28,Washington,2019,173,5,35,Cole Holcomb,Outside Linebacker,73,235,,,
3124537,103717,278,Fresno State,Mountain West,22,Arizona,2019,174,6,1,Keesean Johnson,Wide Receiver,73,201,159.0,23.0,62.0
3921970,103905,2459,Northern Illinois,Mid-American,23,Pittsburgh,2019,175,6,2,Sutton Smith,Outside Linebacker,72,233,321.0,28.0,36.0
4044452,103660,24,Stanford,Pac-12,25,San Francisco,2019,176,6,3,Kaden Smith,Tight End,77,255,165.0,11.0,61.0
3127367,103662,164,Rutgers,Big Ten,18,New Orleans,2019,177,6,4,Saquan Hampton,Safety,73,206,241.0,23.0,49.0
4038524,103586,265,Washington State,Pac-12,30,Jacksonville,2019,178,6,5,Gardner Minshew,Quarterback,73,225,240.0,10.0,49.0
3128707,103763,61,Georgia,SEC,22,Arizona,2019,179,6,6,Lamont Gaillard,Center,75,305,185.0,4.0,58.0
4411836,103786,2687,Washburn,Mid America,19,New York,2019,180,6,7,Corey Ballentine,Cornerback,71,196,105.0,15.0,71.0
3672862,103568,2390,Miami,ACC,2,Buffalo,2019,181,6,8,Jaquan Johnson,Safety,70,191,128.0,13.0,67.0
4035222,103855,245,Texas A&M,SEC,4,Cincinnati,2019,182,6,9,Trayveon Williams,Running Back,68,206,76.0,3.0,76.0
3915777,104044,238,Vanderbilt,SEC,25,San Francisco,2019,183,6,10,Justin Skule,Offensive Tackle,79,317,,,
3139522,103903,295,Old Dominion,Conference USA,8,Detroit,2019,184,6,11,Travis Fulgham,Wide Receiver,75,215,89.0,13.0,73.0
3916676,104045,2649,Toledo,Mid-American,9,Green Bay,2019,185,6,12,Ka'dar Hollman,Cornerback,72,196,,,
3915411,103690,120,Maryland,Big Ten,8,Detroit,2019,186,6,13,Ty Johnson,Running Back,71,210,293.0,28.0,40.0
3128317,104046,38,Colorado,Pac-12,7,Denver,2019,187,6,14,Juwann Winfree,Wide Receiver,75,215,,,
3916074,103886,277,West Virginia,Big 12,10,Tennessee,2019,188,6,15,David Long Jr.,Outside Linebacker,71,227,170.0,12.0,60.0
3910156,104047,2546,Southeast Missouri State,OVC,5,Cleveland,2019,189,6,16,Drew Forbes,Offensive Tackle,77,303,,,
3128685,103821,8,Arkansas,SEC,16,Minnesota,2019,190,6,17,Armon Watts,Defensive Tackle,77,300,242.0,21.0,49.0
3139368,104048,2751,Wyoming,Mountain West,16,Minnesota,2019,191,6,18,Marcus Epps,Safety,72,191,,,
4241451,103554,333,Alabama,SEC,23,Pittsburgh,2019,192,6,19,Isaiah Buggs,Defensive Tackle,75,306,246.0,22.0,48.0
3120502,103771,2210,Elon,CAA,16,Minnesota,2019,193,6,20,Olisaemeka Udoh,Offensive Tackle,78,323,193.0,19.0,56.0
3932449,103641,87,Notre Dame,FBS Independents,9,Green Bay,2019,194,6,21,Dexter Williams,Running Back,71,212,212.0,16.0,54.0
3860287,104006,2117,Central Michigan,Mid-American,34,Houston,2019,195,6,22,Xavier Crawford,Cornerback,71,187,282.0,33.0,41.0
3930021,103592,164,Rutgers,Big Ten,20,New York,2019,196,6,23,Blessuan Austin,Cornerback,73,198,183.0,21.0,58.0
3116172,103637,213,Penn State,Big Ten,33,Baltimore,2019,197,6,24,Trace McSorley,Quarterback,72,202,259.0,11.0,46.0
3048681,104049,258,Virginia,ACC,25,San Francisco,2019,198,6,25,Tim  Harris,Cornerback,73,205,,,
3115469,103946,344,Mississippi State,SEC,11,Indianapolis,2019,199,6,26,Gerri Green,Outside Linebacker,76,252,336.0,29.0,34.0
3914613,103640,248,Houston,American Athletic,24,Los Angeles,2019,200,6,27,Emeke Egbule,Outside Linebacker,74,245,232.0,18.0,50.0
3924364,103758,2579,South Carolina,SEC,12,Kansas City,2019,201,6,28,Rashad Fenton,Cornerback,71,193,252.0,28.0,47.0
3915532,103558,194,Ohio State,Big Ten,15,Miami,2019,202,6,29,Isaiah Prince,Offensive Tackle,79,305,164.0,16.0,61.0
3124964,104050,2433,UL Monroe,Sun Belt,1,Atlanta,2019,203,6,30,Marcus Green,Wide Receiver,68,190,,,
4037457,103666,2390,Miami,ACC,26,Seattle,2019,204,6,31,Travis Homer,Running Back,70,201,255.0,22.0,47.0
3916126,104051,2306,Kansas State,Big 12,3,Chicago,2019,205,6,32,Duke Shelley,Cornerback,69,180,,,
4036163,103580,152,NC State,ACC,28,Washington,2019,206,6,33,Kelvin Harmon,Wide Receiver,75,221,100.0,14.0,72.0
3920867,103784,2006,Akron,Mid-American,23,Pittsburgh,2019,207,6,34,Ulysees Gilbert III,Inside Linebacker,72,224,358.0,28.0,32.0
3914397,104052,189,Bowling Green,Mid-American,27,Tampa Bay,2019,208,6,35,Scott Miller,Wide Receiver,69,174,,,
3122915,103614,52,Florida State,ACC,26,Seattle,2019,209,6,36,Demarcus Christmas,Defensive Tackle,75,294,222.0,19.0,52.0
3121578,103658,2,Auburn,SEC,4,Cincinnati,2019,210,6,37,Deshaun Davis,Inside Linebacker,71,234,225.0,14.0,51.0
3705353,103590,201,Oklahoma,Big 12,4,Cincinnati,2019,211,6,38,Rodney Anderson,Running Back,72,224,197.0,14.0,56.0
4259480,103630,2579,South Carolina,SEC,29,Carolina,2019,212,6,39,Dennis Daley,Offensive Tackle,77,317,167.0,17.0,60.0
3122135,102700,245,Texas A&M,SEC,6,Dallas,2019,213,6,40,Donovan Wilson,Safety,72,199,234.0,22.0,50.0
4361606,103889,328,Utah State,Mountain West,12,Kansas City,2019,214,6,41,Darwin Thompson,Running Back,68,198,305.0,29.0,39.0
3924310,103593,142,Missouri,SEC,27,Tampa Bay,2019,215,7,1,Terry Beckner Jr.,Defensive Tackle,76,296,195.0,17.0,56.0
3115922,104053,356,Illinois,Big Ten,12,Kansas City,2019,216,7,2,Nick Allegretti,Center,76,310,,,
3929845,103577,251,Texas,Big 12,16,Minnesota,2019,217,7,3,Kris Boyd,Cornerback,72,201,86.0,12.0,73.0
3915536,103854,194,Ohio State,Big Ten,6,Dallas,2019,218,7,4,Mike Weber,Running Back,70,211,190.0,13.0,57.0
3115949,103635,120,Maryland,Big Ten,23,Pittsburgh,2019,219,7,5,Derwin Gray,Offensive Guard,77,320,267.0,17.0,45.0
3122143,104054,245,Texas A&M,SEC,34,Houston,2019,220,7,6,Cullen Gillaspia,Running Back,73,234,,,
3126245,103776,2655,Tulane,American Athletic,5,Cleveland,2019,221,7,7,Donnie Lewis Jr.,Cornerback,72,190,366.0,42.0,31.0
3919104,103885,2226,Florida Atlantic,Conference USA,3,Chicago,2019,222,7,8,Kerrith Whyte Jr.,Running Back,70,197,262.0,24.0,46.0
3121034,103770,2571,South Dakota State,MVFC,4,Cincinnati,2019,223,7,9,Jordan Brown,Cornerback,72,201,194.0,23.0,56.0
4035014,103867,61,Georgia,SEC,8,Detroit,2019,224,7,10,Isaac Nauta,Tight End,75,244,191.0,14.0,57.0
3957672,103888,2448,North Carolina A&T,MEAC,2,Buffalo,2019,225,7,11,Darryl Johnson Jr.,Outside Linebacker,78,253,279.0,24.0,42.0
3116431,104007,2628,TCU,Big 12,9,Green Bay,2019,226,7,12,Ty Summers,Inside Linebacker,73,241,284.0,18.0,41.0
3120508,103699,256,James Madison,CAA,28,Washington,2019,227,7,13,Jimmy Moreland,Cornerback,70,179,290.0,34.0,40.0
3122818,103656,103,Boston College,ACC,2,Buffalo,2019,228,7,14,Tommy Sweeney,Tight End,77,251,151.0,10.0,63.0
3910660,104055,12,Arizona,Pac-12,8,Detroit,2019,229,7,15,PJ Johnson,Defensive Tackle,76,334,,,
3933407,104056,2504,Prairie View A&M,SWAC,13,Las Vegas,2019,230,7,16,Quinton Bell,Defensive End,76,219,,,
3932433,103698,87,Notre Dame,FBS Independents,18,New Orleans,2019,231,7,17,Alize Mack,Tight End,76,249,204.0,16.0,55.0
3915238,104057,96,Kentucky,SEC,19,New York,2019,232,7,18,George Asafo-Adjei,Offensive Guard,76,305,,,
3843217,104058,2,Auburn,SEC,15,Miami,2019,233,7,19,Chandler Cox,Fullback,72,238,,,
3886818,103633,264,Washington,Pac-12,15,Miami,2019,234,7,20,Myles Gaskin,Running Back,69,205,236.0,19.0,50.0
3121587,103600,2,Auburn,SEC,30,Jacksonville,2019,235,7,21,Dontavius Russell,Defensive Tackle,75,319,133.0,11.0,66.0
3933064,103882,62,Hawai'i,Mountain West,26,Seattle,2019,236,7,22,John Ursua,Wide Receiver,69,178,335.0,45.0,35.0
3915174,103594,61,Georgia,SEC,29,Carolina,2019,237,7,23,Terry Godwin,Wide Receiver,71,184,274.0,35.0,44.0
4408864,104059,2673,Valdosta State,Gulf South,3,Chicago,2019,238,7,24,Stephen Denmark,Cornerback,75,212,,,
4038938,103887,2483,Oregon,Pac-12,16,Minnesota,2019,239,7,25,Dillon Mitchell,Wide Receiver,73,197,188.0,25.0,58.0
3122865,103669,254,Utah,Pac-12,11,Indianapolis,2019,240,7,26,Jackson Barton,Offensive Tackle,79,310,233.0,23.0,50.0
3122692,103583,2483,Oregon,Pac-12,6,Dallas,2019,241,7,27,Jalen Jelks,Defensive End,77,256,113.0,13.0,69.0
3139036,104060,2132,Cincinnati,American Athletic,24,Los Angeles,2019,242,7,28,Cortez Broughton,Defensive Tackle,74,293,,,
3116179,104061,213,Penn State,Big Ten,14,Los Angeles,2019,243,7,29,Nick Scott,Safety,71,201,,,
3124890,104062,70,Idaho,Big Sky,18,New Orleans,2019,244,7,30,Kaden Elliss,Outside Linebacker,74,238,,,
3124015,103688,183,Syracuse,ACC,19,New York,2019,245,7,31,Chris Slayton,Defensive Tackle,76,307,254.0,23.0,47.0
3691031,103801,145,Ole Miss,SEC,11,Indianapolis,2019,246,7,32,Javon Patterson,Center,75,307,238.0,5.0,49.0
3917067,103769,36,Colorado State,Mountain West,16,Minnesota,2019,247,7,33,Olabisi Johnson,Wide Receiver,73,204,224.0,28.0,52.0
3120434,104063,2415,Morgan State,MEAC,22,Arizona,2019,248,7,34,Joshua Miles,Offensive Tackle,77,314,,,
3138765,103928,218,Temple,American Athletic,22,Arizona,2019,249,7,35,Michael Dogbe,Defensive End,75,284,370.0,27.0,31.0
4038201,104064,2005,Air Force,Mountain West,16,Minnesota,2019,250,7,36,Austin Cutting,Long Snapper,75,245,,,
3139453,103653,2641,Texas Tech,Big 12,14,Los Angeles,2019,251,7,37,Dakota Allen,Inside Linebacker,73,232,207.0,12.0,54.0
3128743,104011,145,Ole Miss,SEC,17,New England,2019,252,7,38,Ken Webster,Cornerback,71,203,322.0,39.0,36.0
3122420,103863,197,Oklahoma State,Big 12,28,Washington,2019,253,7,39,Jordan Brailford,Defensive End,75,252,244.0,22.0,49.0
3932936,103591,26,UCLA,Pac-12,22,Arizona,2019,254,7,40,Caleb Wilson,Tight End,76,240,182.0,13.0,59.0
